tenor,size,rfq_priority,original_issue_size,spread_from_market_mid,win,direction
20,4664176.125437244,2,11726128.041076772,-1.9714211236015524,1,sell
5,6373133.036061761,2,24938364.46265741,5.514004632717309,0,sell
7,28304167.673906386,1,37339704.96766342,4.806992433366606,0,buy
20,3781440.3431439744,3,5166691.718392618,-2.2225492499519968,1,buy
3,30026777.703241657,3,32093562.48796906,5.733420580354574,0,sell
30,1411684.8520364615,3,3770163.8094177516,-7.039937946390638,1,buy
7,20881286.120790526,3,23623514.570154633,3.813892308265272,0,sell
7,27539623.955042947,1,36672412.51893196,4.601963378232555,1,buy
20,2036585.9270147013,1,9218211.243385248,-1.5019773524542375,1,buy
2,5384505.810737344,1,7598430.335829539,7.408261983932244,0,buy
3,1910641.263718921,2,3213129.0294998493,6.414019679907625,0,sell
20,15867160.695505535,2,17822662.284472987,-2.221471989837295,1,sell
3,8119696.564422059,2,55156123.42353213,6.408327091718745,0,sell
3,12005916.238979299,1,18258322.84569533,6.5503257542607365,1,buy
30,2156877.4159803824,2,31914209.792141143,-7.088234892796796,1,sell
7,2289548.607833346,3,29959282.471404348,4.090379675646146,1,sell
5,1176258.328045381,2,8573271.375739507,5.601048466481035,0,buy
30,3525194.482163393,1,19397544.028853316,-6.588951277674901,1,buy
30,8932836.595335444,1,11058428.483239967,-6.749154021921627,1,sell
3,28681752.544546816,1,43458040.73311312,6.70264060438514,0,sell
10,13585941.127108362,1,16488447.819735248,3.1618469118903487,1,sell
7,5491933.798254449,3,31412742.33246418,4.002630337731109,0,sell
2,41621955.91462337,2,43009493.61100341,6.728517155641656,0,sell
30,16671551.623017438,2,37256008.58741324,-7.421816330830463,1,buy
5,38047206.78123086,1,39525599.47156991,5.719261193483684,0,sell
10,7876914.677638845,2,39290252.27159558,2.731195062524087,1,sell
10,2753408.1708580884,3,6040670.413633484,2.7467434499131738,1,sell
2,1229563.4803366982,1,14165405.345713753,7.652719894587568,0,buy
30,17123651.609171398,2,23857320.361234494,-7.079127662828188,1,buy
5,1607274.8720412694,2,5798471.695595218,5.555778012549041,0,sell
7,3268931.807832608,2,15759618.476223985,4.522542064031291,0,sell
1,8028827.010318024,2,48749328.92186131,7.265351094087892,0,sell
5,9097600.305361709,1,10272811.88734407,5.755219748709485,1,sell
2,10480278.817761814,1,46880451.21495328,7.229409088832853,1,buy
10,1916296.9983306734,3,12750861.566179538,2.855609081877294,1,sell
7,4417356.603528198,1,27946319.29411727,4.9259136377223856,1,sell
5,11183930.99278068,2,15673369.541211797,5.326293720368071,1,sell
1,44431723.58854928,2,50765271.51161972,7.11342566247362,0,buy
1,17227548.33867238,2,47160625.524278544,7.217506525145733,0,buy
3,36938232.38479155,3,42005971.58812857,5.722529625536256,0,buy
3,19723111.23248029,1,27820976.868215878,6.650885787571909,0,buy
20,10123003.364811523,1,11205210.937502502,-1.5611402634872809,1,buy
2,2119541.5973562426,1,3979285.976017687,7.524965476795101,0,sell
30,13573096.128079934,2,25881624.448139556,-7.303545001336478,1,buy
5,11457851.358193012,2,27982120.070161957,5.5867765649908545,1,sell
5,10557887.964257196,2,20326244.804377124,5.4419657415912415,1,sell
30,6794093.170600801,3,8545872.723836796,-7.396674174575331,1,sell
20,7909913.109111428,3,13621153.796604512,-2.5387939926936935,1,buy
10,3700051.9499533675,2,7711446.284055925,3.0790865643776373,0,buy
10,7625998.011079619,3,14578061.91974406,2.518842410713896,0,buy
20,2165915.7427087836,3,32272599.69947014,-2.4544616887028434,1,sell
10,23332815.630143303,3,44137700.258880585,2.362259316562705,1,sell
3,2068375.9221435334,1,3457354.806554663,6.863039914287498,0,buy
5,1394296.6306985212,3,33948616.13900318,5.27882450951103,1,buy
20,5510219.67689916,2,11841889.19618446,-2.0226152463707754,1,buy
5,13135439.042804036,1,31492344.51390792,5.613783926291428,1,sell
30,5542015.753502052,3,7271523.2681501,-7.45087367405997,1,sell
1,2952548.0138020124,2,16741534.802515334,7.5933934244068,0,buy
3,8878019.584309194,3,11398659.534240698,5.9138405035472505,0,sell
7,3886391.6046235245,2,9442823.488529813,4.537514805821324,0,sell
3,38451582.97464962,2,39519775.44042147,6.267509939536683,1,buy
20,36944212.77453771,3,38753810.01864919,-2.669371772569157,1,sell
7,7136982.849957437,3,8570629.07600536,3.967586173985386,1,sell
1,3606326.7289665374,1,6160898.792844624,8.048588526080787,1,sell
20,17879931.90772186,3,19358794.197648056,-2.566989267780854,1,buy
2,1154447.505720957,2,16135225.94266719,7.161061345501051,1,sell
5,6406462.675452289,1,7526771.927975724,5.7534595865454605,1,sell
1,3727377.322510722,2,14935234.31825322,7.560078412711721,0,buy
5,36640623.61947823,2,38374660.7151206,5.256214574784746,1,buy
10,1048076.0172639893,3,41394120.68481988,2.906206776655681,1,sell
2,8693925.049231557,2,47179576.4229178,6.929941489079351,0,sell
2,18128639.279416468,3,20544784.35197207,6.321506047918587,0,sell
1,6668543.866605563,2,17731809.897569425,7.4658017402300905,0,buy
2,1396680.8756768638,1,2512465.0510909595,7.462674245081788,0,buy
7,44893424.20000216,3,83183020.28556961,3.745526093611437,1,sell
2,7587246.340529269,1,15323661.17950388,7.469024222670146,0,buy
5,11053097.63229496,3,12237324.30267154,4.830742095263283,0,buy
5,2523439.6549107735,1,6341978.514686666,5.90268543920326,1,buy
20,6629011.062212761,3,7979729.818394613,-2.3954226377379566,1,buy
5,5359349.926236052,1,10010933.367717993,5.754871324871465,0,buy
20,1340435.0921871872,1,15086701.626659697,-1.2914649896779276,1,buy
5,1514827.7639580828,3,7800168.974773177,5.333916190585955,0,sell
7,26475287.829161566,3,30962043.959269494,3.8993014572040514,0,sell
30,2555329.4796446958,2,4149167.7335855104,-6.830106055580853,1,sell
20,2144017.1520527266,2,4751035.522942132,-2.046216231769577,1,buy
3,7208242.860990865,3,8687829.64007744,5.888888846986811,1,sell
10,20233840.262575813,3,43779785.17533459,2.4707618513793728,1,sell
1,1274222.5217948048,1,2971560.822040802,8.032141010409472,0,buy
5,9549471.869477028,1,19818314.32925655,5.746686640202885,0,sell
2,1594171.227927471,2,5416303.230741121,7.199262872531325,0,sell
30,1153310.462072484,2,3573952.087499339,-6.806745963522895,1,sell
5,1229165.5865467258,2,13431353.179202305,5.77642222410847,0,sell
2,26134837.16505662,1,32111148.52268295,7.157351328836261,1,buy
10,1586469.441003379,1,6370953.878475061,3.5094395743370983,1,sell
10,1193193.321259357,1,11361245.666923264,3.563414843960883,1,buy
10,5545986.05395651,2,12379576.78329565,2.963094814990214,0,buy
2,27159363.811010256,3,30437376.02261957,6.332599127304469,0,sell
5,2791412.1246140106,2,11700399.807426147,5.623028112685697,0,buy
10,5205675.441361967,1,18928957.812560454,3.363527912843009,1,buy
7,1169034.1158157375,2,2279105.4191279327,4.667589008953083,1,buy
20,5793899.064717428,2,11981212.162783395,-2.0874525994645596,1,buy
2,9579598.297044946,2,10832745.734206688,6.810219724358385,0,sell
2,9331553.699190836,2,11405021.078039253,7.017937406297701,1,sell
5,3670988.1165876896,1,12630565.532360857,5.813222580396288,0,buy
2,3436223.5452129846,2,33059219.89974666,6.884634122258517,0,buy
2,1517575.5828673055,1,33130186.679247104,7.62516502813602,0,buy
10,4199323.616880848,2,5514042.120143295,3.028060952351524,1,buy
5,1475837.2170554767,1,6628680.928417513,6.246743350926716,0,sell
10,20064277.02818802,3,29848143.726427346,2.331699598637754,0,buy
20,43819866.26934251,1,45597602.63445331,-1.9826621475906512,1,sell
30,44476172.283339515,1,64449313.68306058,-7.064409813517231,1,buy
20,29493740.13714411,3,47877459.44044087,-2.708969112160755,1,buy
30,10488849.176792808,3,44745845.88744069,-7.733854245904315,1,buy
10,15514929.149877135,3,16548683.809142582,2.1907036773442696,1,sell
20,3051800.2468658555,3,5386010.814753082,-2.4254631495135968,1,sell
5,11793970.129144741,3,37225085.93246362,4.928169739171958,1,sell
1,5944768.088165312,3,19726233.258830696,6.9679140603161605,0,buy
10,6590722.130299692,2,39668896.60577838,2.85293940859541,0,sell
30,19383832.399829697,2,20634513.301026236,-7.405496172823348,1,buy
7,3012803.657023731,3,13345742.796474904,4.194004677496906,0,buy
30,3470082.183161063,1,12733965.191748098,-6.662089952033119,1,sell
7,37233911.99105911,1,38383678.78910949,4.711168749941579,1,buy
2,1246015.3440308997,3,8701203.439484367,6.759340441900345,0,sell
20,6684641.272898353,2,17537814.27821975,-2.19652424253525,1,buy
7,35548491.79905277,2,37661987.481674,3.921748951136176,0,buy
30,10889011.138178963,1,13802267.899189036,-6.889032347973801,1,buy
2,8478699.224041797,3,20722913.852204263,6.465816373176968,0,buy
1,2656488.0662534977,2,8902880.462379588,7.312522003239571,1,buy
5,3830140.97427446,3,32520730.197916992,5.014780637994981,1,sell
5,28028812.651640706,3,31845585.819811553,4.735558908062523,0,buy
5,8914455.713213373,1,11752680.319991678,5.690449742368735,0,buy
7,7490857.7013816545,3,54616544.323452406,3.93270415360836,1,sell
1,1476328.304905662,3,36794022.62280889,7.193714320813666,0,sell
7,1064710.0587460597,1,2184812.6555787884,5.011869594647888,1,buy
20,43378270.158751234,2,63769564.74942075,-2.231217559630177,1,sell
7,4370067.954232896,3,5909836.597512331,4.0121339979934705,0,buy
1,10588657.447787452,1,11702173.601188436,7.4752568152025685,0,sell
1,1365945.9607968156,2,4283376.145169542,7.488544365830164,0,sell
20,14474070.410988538,3,17342277.925657522,-2.549676271622496,1,buy
1,38406334.94656984,2,63066614.82298215,7.185504031912872,0,sell
30,9506879.678026767,1,25628264.094928473,-6.797912281320694,1,buy
1,1637819.9233286793,3,48166954.29709853,7.083199160803273,1,buy
5,9734808.800684126,1,25909614.60951923,5.822114692347674,0,buy
30,20044763.103910614,1,25180510.316715468,-7.018518635731113,1,sell
30,4903311.733799191,3,20301057.020525653,-7.406487259665387,1,buy
20,31247691.79802082,1,81141996.58991791,-1.9708158890187368,1,sell
3,12650068.583293779,2,28738353.813711647,6.360752818523252,1,buy
3,33712964.139630385,1,53395170.308162734,6.509798342665103,0,sell
1,11463489.073290944,3,50750954.68847507,7.0719238642984,1,sell
30,1671299.6659174191,3,3231175.6938774865,-7.463261927188759,1,sell
3,3358589.5143164904,2,19113189.25768134,6.5717152580678535,0,sell
3,2202133.0965186013,3,30095041.591832906,6.144310872458864,0,buy
1,35000073.69333506,1,76827449.13134111,7.484318018009047,0,buy
3,19583797.311110687,1,21866400.896287505,6.769277145494559,0,buy
7,14098747.73063757,3,21279340.02077028,3.792400945004486,1,buy
2,3245882.1631382746,2,17575752.88707056,7.042833625157775,0,sell
20,2054407.288563347,2,4687342.966202042,-1.8982231704281096,1,buy
2,19283581.968879275,3,29759338.179742984,6.223095362287463,0,sell
1,6391166.435421929,1,9130334.156542562,7.898060793074895,1,sell
5,2418854.116373404,3,6104668.628227826,5.366630807367073,0,buy
20,11158922.077327745,3,16783980.296304032,-2.4080038791044256,1,buy
1,1170916.7130665327,2,9097355.395803774,7.715513530382245,0,buy
30,3582230.0942855147,1,9382646.027775671,-6.6185031220309005,1,buy
5,6252652.302908193,2,13137976.507316632,5.500494632040532,0,buy
2,1783925.738483499,2,4999757.650420266,7.2080284408877615,0,sell
1,47086718.15222286,1,48949135.149161756,7.518304137668059,1,buy
30,2265949.1017774227,1,3469449.369397469,-6.764431155187367,1,buy
20,1665198.6798634983,1,3817791.9144972125,-1.6338411359462208,1,buy
20,2217173.328328506,3,11960444.528410956,-2.276154609668411,1,sell
10,20258710.42479922,1,41915125.45337558,3.1710325775692376,1,buy
30,5283495.62057402,3,7222356.247450791,-7.5014972099847785,1,sell
7,9133236.878734976,2,10662324.233034108,4.388206444064075,1,sell
3,1085660.226325788,1,19836548.543576695,6.940957108182588,0,sell
5,1144188.9795689269,3,4443740.015041187,5.261430451097897,1,buy
30,5720634.966333003,3,47079537.52262589,-7.5010937323508635,1,sell
10,24404660.03020326,3,40757937.50156591,2.1136009774123696,0,sell
3,31914959.790169764,3,35505408.46580857,5.777585081093661,1,sell
3,1403821.3966603996,2,4507840.914993109,6.495430451921792,1,buy
1,8216044.104153604,1,15974009.705111872,7.864567407688169,0,sell
3,35608185.527096756,1,36971086.86357079,6.585534880823266,1,buy
7,4561987.303158074,1,6146620.920990596,4.800397292900202,1,sell
20,25668912.184458066,1,27658564.837705813,-1.9995154736807539,1,sell
10,1687115.8539329884,1,22399597.981180727,3.380605690730925,1,buy
3,38833557.72826275,1,46298530.70484899,6.491167572532356,0,sell
1,18908003.63159573,3,19950208.804987054,6.926402371604876,0,sell
7,39746500.5355393,1,53687193.99355087,4.501350517257222,1,sell
2,14110824.297284974,3,19356928.403347354,6.376823519245249,0,buy
20,4143929.7071160856,2,11521661.189259153,-2.1285684125139257,1,buy
20,39259220.35627678,3,41570098.65939021,-2.8134162394988786,1,buy
10,2938865.3410921814,2,11597740.037596632,3.0120800011665985,1,sell
20,3667339.796249127,1,49751532.50019387,-1.5868924180291124,1,sell
3,15511452.98951573,2,16844300.0760532,6.261919721272005,0,sell
1,19964086.21601956,2,23000543.288633507,7.285685457743048,1,buy
20,37934000.09790099,3,40521293.1448446,-2.6921469366232706,1,buy
20,2228194.76630285,3,4872294.446062949,-2.170035107080867,1,buy
2,22686877.464425914,2,27086452.630499892,6.743192043221459,0,sell
2,17979085.24426718,2,42523008.512484975,6.798954882878204,1,buy
5,1283467.9775315265,1,36840011.18727111,6.009460709444656,1,buy
7,4548628.853409219,3,6754384.3392576575,4.221535327310227,1,sell
3,3022804.2893413794,2,11387606.1550357,6.483300865359351,0,buy
20,3290941.009499633,3,15371088.854362158,-2.3224898445022895,1,sell
30,46773219.48605765,1,54474611.430869505,-7.0390569907483265,1,sell
20,12361169.025437364,1,17824817.79956766,-1.80011090753914,1,buy
1,16569532.870065562,2,18688677.636855774,7.271391426484861,0,buy
5,45629327.86336385,1,52381912.66312949,5.318674795065333,0,sell
7,4373755.624484394,2,9178297.219096733,4.493518272877582,1,buy
30,23030448.440637685,3,45502270.611027904,-7.689128108108002,1,sell
5,5473373.34169551,3,25304203.791081913,4.971895191664922,1,buy
10,30013153.27680918,2,31702270.3044916,2.5778199337739194,1,buy
7,2027364.0621146925,2,3441174.602443984,4.527535609817707,1,sell
20,40746507.341465175,2,75654615.17506923,-2.474877103517101,1,sell
20,2353350.261869606,3,10478150.46255751,-2.3813050707994607,1,buy
7,3582934.395258,3,32249658.198716685,4.037320387475548,1,buy
20,19264064.48105843,1,20519507.51006074,-1.8885561031103357,1,sell
3,4666359.289814268,1,12510298.861562993,6.939897891111556,0,buy
7,10797740.486981576,3,19048035.301160984,3.8441620299889765,0,buy
5,5692683.556663138,3,34686603.5360865,4.974908264013697,0,buy
7,18250058.261483744,2,19715054.329671312,4.266242210032848,0,sell
30,2443025.211520272,3,5004616.2802433055,-7.43502878080267,1,buy
20,1256951.055024099,3,6162599.261702308,-2.1588678485421315,1,buy
3,3232742.030392111,1,32815502.375881407,6.823553950990819,1,buy
3,6394935.881547166,1,45762141.61673654,6.828854721896294,1,sell
10,1929572.1792282765,2,50526559.995916545,3.2053870149779513,1,sell
5,4006728.8464504597,1,46629429.29309385,5.788760922467219,1,buy
2,4781444.843504504,2,5804961.38282144,6.880044263565212,0,sell
2,1251719.508498118,3,2456908.1809300142,6.7204754681371535,0,sell
7,9795385.173743587,3,11576859.46018359,3.9519332114599344,0,buy
10,31803356.512476806,2,35718126.39101627,2.6563695828034346,1,buy
1,1810533.8859238129,1,27514837.401243147,8.007240465651726,0,sell
7,10367114.212987402,1,43221707.85633541,4.7919360956678405,0,buy
10,13470135.667815376,3,15547085.718094558,2.382431753716088,1,buy
5,5157473.958872676,1,16449992.345661288,5.701850573312147,1,buy
5,15529010.05087115,2,51717502.852172896,5.406690280307443,0,buy
5,4986784.170441678,3,11122515.1449258,5.096698464181133,1,sell
5,7200515.926870475,1,8699915.638171034,5.669836494602292,1,sell
5,1029182.9957303926,3,7024493.202145187,5.277157076460077,0,buy
10,14969652.720698016,3,19319402.420081638,2.4635041587933584,1,buy
10,13292337.940248681,1,22873619.61822986,3.112348051427992,1,sell
3,1162095.8191001224,2,6724569.2161685955,6.7694021651345695,1,buy
30,4223241.207457931,1,5293454.176227761,-6.717789006787939,1,buy
2,46062311.80163577,1,94901938.23641531,7.055554847684049,0,buy
20,5185836.253995803,1,13569976.995701507,-1.9086000569398394,1,sell
5,7125087.254638031,1,13503086.252949221,5.893155435947215,1,buy
1,35151514.77960373,1,77017978.53323078,7.365375656748647,1,buy
20,16542700.701433036,1,18382634.04314669,-1.7112402829243898,1,buy
10,9748093.658917917,2,11844661.93678798,2.7341836297522493,1,buy
1,22669723.489464533,3,46263247.94867442,7.009670776961254,0,buy
1,29412528.39596835,2,32186769.366326313,7.191671760648298,0,sell
1,5973641.139145297,1,28769863.2736034,7.927548151059469,0,buy
3,6414973.413838731,2,9307832.255916854,6.396294542041921,1,sell
10,4527817.980939086,3,5666453.659985675,2.4161656266344824,1,sell
1,43893957.105056934,2,51451706.856735185,7.026474547309756,0,buy
5,15292009.321361512,1,17450570.4491048,5.728303430765974,0,buy
7,1384820.5294083445,3,20773941.470251255,4.540102343537707,0,buy
1,29251121.041721478,1,41536228.04826122,7.726446683808245,0,buy
3,6553252.845707388,1,43636113.466941394,6.820478231359984,0,buy
20,1308611.777694206,3,22701712.344106182,-2.1467831498428325,1,buy
10,8589208.147451397,3,10617511.576057239,2.4918940584610114,1,buy
30,5113868.978578462,1,27993280.13054932,-6.6735020864664465,1,buy
3,30993449.16273773,2,43304411.13513255,6.179128060899368,1,buy
1,2221164.443132425,3,15915115.574641721,7.1207412290386305,0,buy
10,25359377.063002706,2,51300554.184419096,2.7111310428551993,1,sell
7,8861277.927137474,2,18299927.91089714,4.401300840414354,0,buy
1,1238172.8223054116,3,7428676.5977733005,7.260522454530168,0,buy
3,44785354.45566129,2,56853318.91818245,6.069040531451736,1,buy
2,7428787.293652895,3,10636686.649746396,6.43915359148336,0,sell
5,3120261.9152717968,3,5163067.556975458,5.097565168173935,1,sell
30,6273474.605862756,3,17430906.432414196,-7.470851512439703,1,sell
20,28673099.526723348,3,31169425.897905357,-2.76373783505814,1,buy
3,3296258.498850758,2,4663273.793620495,6.569292935465057,0,sell
10,2124963.223543737,2,3127133.5581645444,2.9207090224052,1,buy
30,1656869.0174854356,3,12459173.53830939,-7.256884665289368,1,buy
30,3206669.3694901415,3,7330301.550694886,-7.281767764353739,1,sell
30,21148438.264435273,3,40122214.43972063,-7.4914184844295955,1,buy
1,6328183.262450992,3,10667421.022206306,7.009150495296119,1,sell
5,2434918.454253423,1,9129220.142469555,6.028128223816561,1,sell
1,1915769.829574983,2,6831920.198127503,7.620812936986316,0,sell
10,3675338.975684719,2,16419376.914165642,3.101836935042363,1,buy
1,39527861.19957165,3,43555678.413401894,6.711438379477501,1,buy
2,3826415.2204722585,1,47218681.04691836,7.443174184074689,0,buy
5,47730190.26810852,1,86678234.08148518,5.289896437572224,0,buy
5,6674088.935375153,1,34265503.682309665,5.9071568367136695,0,sell
10,2015552.5377530425,3,38622418.97485593,2.7045159424952443,1,buy
20,32660308.723807532,1,38455594.52352039,-2.004910684728399,1,sell
2,6055220.60807919,3,14209379.193949142,6.5506466106114205,1,buy
3,16058697.804636676,1,34288965.88887724,6.81480957902834,0,sell
1,46913352.86570623,3,62144444.99619076,6.613243842850027,0,sell
7,1216876.2504770027,3,33818273.77978641,4.179706200732973,0,buy
1,1459758.983631602,2,17942328.97053304,7.478349339462375,1,sell
30,16750755.25353924,3,66338708.957152285,-7.722325269221587,1,buy
1,3011703.5930002853,1,6921020.702595381,7.834777646094185,0,buy
3,2056470.7899138131,2,28072330.245224938,6.569019875836541,0,sell
1,1166472.8989180562,1,16486538.95885032,8.080511114777352,0,buy
2,1089223.263453391,3,16039348.5372886,6.645925317427588,1,sell
2,20693207.302432626,2,24270750.628268205,6.766442712103492,1,buy
5,1691992.2157759757,3,23304933.85130274,5.244057451540561,0,sell
10,6232227.479777826,3,40094168.9410197,2.5418374138882873,1,sell
20,10700412.369146142,1,13051708.236923298,-1.8514767034104649,1,buy
7,5342651.6758922,1,16895800.40003033,5.03499609736573,0,buy
30,1111868.4044899438,1,5748742.591729468,-6.353328157599049,1,sell
1,21436088.98699741,2,69432920.93563686,7.095624170291543,0,buy
1,1041985.4464219946,1,7551110.138558578,7.934028709948414,0,sell
3,19698269.601682033,3,22141188.93569468,5.76178462580099,0,buy
10,32938023.850396805,2,37392171.92978865,2.672795893750891,1,sell
2,5437284.311858227,1,18345071.95899861,7.484618768121315,0,buy
7,8125883.61682362,1,9472591.987552013,4.710809247492825,1,sell
5,6462201.215112407,1,17066978.618598692,5.658723953235144,0,buy
2,4584096.680116134,3,42789336.762336165,6.595163573280555,0,buy
30,32189013.476583216,1,60033606.14162593,-6.979618303914004,1,sell
10,33019175.18959472,3,34322267.880652405,2.274401247512317,1,sell
30,3719991.3539558193,2,52443617.990634136,-7.018041999353271,1,sell
20,11091366.663717259,1,26477025.021455258,-1.7962581778798414,1,sell
5,37565411.00838199,3,39452143.170893066,4.846253868432483,0,sell
20,43103102.592608765,1,44152873.573002316,-1.9184773131370676,1,sell
3,7323288.49433571,1,9277646.22628799,6.815951052981782,0,buy
30,5879437.274415394,2,32427678.04024431,-7.287229123070411,1,buy
3,2975043.2460949756,2,4063383.1779557727,6.507329644118535,0,sell
1,42569108.05455716,3,45058597.42020113,6.810936471895532,0,buy
20,1748385.5942837414,3,21096537.595259946,-2.38324536255133,1,sell
10,9663023.980785554,3,19566421.67956665,2.4290758148626326,1,buy
30,3020260.683565092,2,24392227.599813506,-6.975121281395666,1,sell
7,2978699.662871452,3,21500675.986845948,4.155049038104309,0,sell
5,4875615.8773774775,2,6094521.9448908,5.415838965082523,1,buy
2,49764453.427633144,2,82600444.54935856,6.642211832095257,1,sell
10,1239898.419968101,1,3670536.3819154846,3.6049400414328057,1,buy
10,9614466.607033668,1,18328057.3158276,3.16113538023238,1,buy
3,1381298.7528497593,3,13815739.354651628,6.171374035161847,0,buy
20,1830316.754454329,2,3764485.1035533845,-1.8757066837372518,1,buy
30,5582185.355816247,2,51142595.2269584,-6.917511469732126,1,buy
30,7366419.573109023,2,14117329.707032036,-7.006282431224209,1,buy
1,2752203.4768650676,1,4005151.9487481406,7.887857562192799,0,buy
1,3448666.2986914976,2,42566977.76410578,7.429584320144212,0,buy
5,1405252.4747242925,3,11314746.498629108,5.2097047072523885,0,buy
3,3274623.0725081526,3,18688371.647343904,6.271457030674469,0,buy
10,43868602.13846987,1,51671535.78970218,3.01841301372663,1,sell
30,40274439.43379641,3,66468012.62396892,-7.748685752835109,1,buy
7,3706364.8631758937,2,4844759.283385513,4.416540919309398,1,buy
3,9329614.833851635,2,12186986.884828784,6.359791149278078,1,sell
5,35105509.91043547,3,41384914.55841382,4.602273201990274,1,sell
5,1024486.2387378094,1,2373906.560999271,5.957612681739895,0,sell
3,23841142.799843397,2,39665069.300868034,6.221517987246066,1,sell
5,40855584.03952137,2,45520269.152767584,5.153996535937022,1,buy
3,1429419.436965768,1,4335145.953460845,7.003355045022244,1,buy
2,1880592.8294233195,2,2893898.701487681,7.134904986940144,1,buy
3,42882406.58142182,3,59592162.56645575,5.594286251311647,0,sell
20,8189635.638258336,3,34288223.25206258,-2.5573388844566036,1,sell
3,1057108.722020677,1,5746991.854325847,7.027514677237725,0,buy
5,2739738.0293350993,1,11830272.519243557,5.936660303120656,1,sell
30,5813541.890837391,3,8250414.058971399,-7.500449568355473,1,buy
20,15039432.733081503,1,26444428.746290766,-1.5892620717633346,1,sell
5,17604248.51725867,3,18652875.859860353,4.76477694609458,0,sell
1,49112415.220990196,1,55876224.04515767,7.502260570326257,0,buy
1,3079448.2037461526,3,15509867.843416942,7.4062279367451245,0,buy
30,8211449.168491436,2,44517606.134239905,-7.061834106001545,1,buy
30,8055652.255338393,2,12500717.243537024,-7.123937709445181,1,sell
20,4888539.4945312925,3,24842780.00351228,-2.361813334975344,1,sell
2,1938210.685393947,2,12300419.40711089,7.161542856812141,0,buy
30,45779324.63358616,3,83360103.22740436,-7.896862404929023,1,buy
1,28168278.394568916,1,32919789.201200143,7.433095613070291,0,buy
3,7025105.768015458,2,10509549.140512735,6.410667802266554,0,sell
5,10589998.00744757,2,42743452.9449265,5.2901153892566395,0,sell
1,2432818.519473951,2,3645271.096335399,7.791027853451614,0,buy
1,8392240.504175834,3,10097202.455863722,7.085643053216655,0,buy
2,15161194.179650847,2,16541586.907171154,6.894896334209413,0,buy
20,7503317.579620264,1,34568971.63986593,-1.946107124908755,1,sell
20,48135423.88025012,2,49177793.377387725,-2.45317049456271,1,sell
10,10930779.56883477,1,40033236.90331969,3.232159275118505,0,buy
2,4268479.599185952,2,10112213.722009782,6.903901717336505,1,sell
3,20505158.645279147,2,21521030.26586358,6.174200301754663,1,buy
20,1948097.522535447,1,6760734.553969635,-1.527979029353105,1,buy
5,4500707.96145513,2,6577385.309422493,5.481742227256728,1,buy
30,3885732.0495684994,1,15389436.0625078,-6.337555316166674,1,sell
2,5415359.619468844,1,19678337.420153856,7.273719403086398,0,buy
30,21292196.92853798,1,28026531.956509627,-6.784502512935039,1,buy
1,6646537.48706781,2,7818305.014081122,7.555858056754356,1,sell
5,22336068.560521264,2,35360031.67593311,5.124077128618009,0,buy
5,9537561.563298326,1,36490035.56752746,5.955348115724524,0,buy
1,3812112.5015649367,2,20554189.71637303,7.5183093175831015,0,buy
2,23775496.207641605,3,49483811.00355163,6.064486877487884,0,buy
1,2540077.705196598,1,4731164.926973131,8.079205989070049,0,sell
30,2405580.8185705445,1,34779400.74426521,-6.696385695066089,1,sell
10,7196732.079983803,3,10723663.444805544,2.6430880485158927,1,buy
5,2774438.130362125,3,3828277.3987843795,5.240826690514255,1,sell
7,1036188.0986707031,1,28131684.32123873,4.990520781683358,0,sell
7,12631009.237852631,3,52453285.91409341,3.872014095239056,0,sell
30,7384703.657334287,1,20379626.747956738,-6.6382064101937885,1,sell
3,5713752.222429194,2,8186637.067719806,6.3771946332525955,0,sell
20,43939033.67138351,3,46616390.7299609,-2.606170645754494,1,sell
1,9342224.082373064,1,15547017.064641334,7.848749711845714,0,sell
1,29305177.178471897,1,62831666.03067843,7.432465523255772,0,sell
3,1725527.0363656732,1,3520929.9701718288,6.99878803739162,0,buy
3,9269679.254491774,3,34580398.644048825,6.010449736720117,1,buy
30,29831243.026712205,2,32956708.705193345,-7.398747612349924,1,buy
30,9787667.130424418,2,33433991.774184693,-7.040695863473256,1,buy
3,16591457.97425044,3,53194161.19792053,5.93064213408271,0,buy
5,4286381.896405176,1,9611132.427734114,5.948596951358811,1,buy
30,1435717.375432116,1,5606428.509452421,-6.486972509317775,1,buy
10,5997342.705616563,1,29062156.76212214,3.22338302743298,1,buy
30,4679599.138661585,3,12615121.77774787,-7.314930405421591,1,sell
1,29724136.14401783,3,44273982.351533316,6.955804164387658,0,buy
30,2597411.146312546,1,14030621.434107047,-6.4430804075440244,1,buy
5,43898780.39464956,1,45717448.970122,5.609076376795192,1,sell
3,42447090.33456775,1,69691254.09432016,6.531361550218215,1,sell
1,2634624.546034036,3,4785503.855633158,7.080570370924828,0,buy
30,3902382.472144444,3,42265986.37697902,-7.334669607205547,1,buy
5,33229387.86169817,2,35894485.39961944,5.099967513250011,1,buy
10,43879549.36772836,1,61533494.006545395,3.1202196558768374,1,sell
30,5667476.584213728,1,8712712.723388541,-6.638857483994347,1,buy
5,3510462.612484162,2,6977095.693213712,5.359722061049471,0,sell
10,7831013.05498681,1,11193679.956418794,3.2899427780310977,1,buy
3,14740060.006170142,2,33388671.700403586,6.1630264657932115,0,sell
30,2914908.982711182,3,11745955.723373186,-7.503148481484382,1,sell
10,17833879.697196517,2,49464647.76696688,2.5365623573398963,1,sell
1,1223951.757409295,2,4552210.106126341,7.534156125899809,0,buy
3,1212690.1905757068,3,16198304.065196846,6.15149306630858,0,buy
1,4532013.804844966,1,23553177.610907964,7.995376700619822,1,sell
7,3986028.0509879896,2,5794715.672111617,4.545295481075719,0,sell
2,3437568.533436145,2,8230368.484440304,7.21053809394001,0,sell
30,6826967.703208597,1,13438352.586804109,-6.714102421678156,1,buy
10,3506846.331740714,2,7527551.298040348,2.8780644120874306,1,sell
2,2121487.3015083894,3,5647303.255436708,6.683760751890436,0,buy
2,3355671.8224340244,2,18018130.807413444,6.971842230281723,0,buy
10,45324509.88905325,1,47651264.23928671,3.0573667003546667,1,sell
3,4994239.484354583,1,21035319.218356837,6.710937452641129,0,sell
30,5695786.060936171,2,44476164.46088564,-7.062058724166599,1,buy
7,9539654.456897281,1,18665090.69698128,4.8888574579471396,1,buy
1,46845348.00383579,1,57780087.1667645,7.6463125886920835,1,buy
5,2573198.6902487422,2,3882726.100426698,5.674026217876395,0,sell
1,14370698.248058336,2,43795959.5864116,7.346347625419279,0,buy
5,16460253.443496246,1,19514944.041893873,5.764418469957943,0,buy
1,10760339.327535553,2,21850899.47208385,7.331736734981786,0,sell
10,1414138.4868242939,3,47490927.58526295,2.7889214916998135,1,buy
7,14124910.133384287,2,24398945.48821101,4.280990741207958,1,sell
30,1284975.9267175945,1,18316741.9021989,-6.493143561271407,1,sell
5,10299792.60458914,3,16009116.395582084,4.968022009822008,1,sell
30,18052037.867870536,1,19318405.371182285,-6.673664600439347,1,sell
30,2282608.951052082,1,24934130.00374557,-6.498704264105936,1,sell
30,26908565.48344376,3,28055297.614572305,-7.656659464990372,1,sell
20,1126082.4890858396,2,16628400.247429024,-1.7404776061479508,1,sell
3,27140181.309396606,1,28233994.27051277,6.625966098753898,0,sell
1,6054597.108717238,2,35230931.750099316,7.401788050915629,0,sell
30,2342477.2581502968,2,4195236.108413172,-6.852463540162573,1,buy
1,1687660.382685695,3,9164737.240579987,7.146475160219916,0,sell
30,41652424.19254805,1,51992914.57418241,-6.8543161994588635,1,buy
5,1328790.9256604223,3,7317813.123273997,5.382413064333519,0,buy
3,2178982.531149537,3,5971669.041412896,6.1758138158313525,0,sell
3,3898878.8013113644,1,10133390.680998053,6.825100702794669,1,sell
10,11317758.01450945,1,14699076.079159163,3.441290969573711,1,sell
20,8425597.376794875,3,13976412.027916528,-2.5970507357147214,1,buy
10,1634799.6077973412,3,5706561.803764646,2.6951406457490417,0,sell
10,3106269.6528008594,3,12267736.438816147,2.4252315992127267,0,buy
10,2544673.678302545,1,5081121.980457071,3.5942764715405815,0,buy
10,2305700.556666556,1,50135419.77619874,3.3283055763904756,1,buy
10,4994843.6127978,3,12090017.227775125,2.6020789957112447,0,sell
7,15708268.646290526,1,17845618.154057834,4.707999931799993,0,sell
3,2341240.397746818,1,8805549.24349496,6.9617211349958765,1,buy
10,4197361.917252801,1,33846584.90495786,3.325774570305287,1,buy
30,4614843.549862666,2,5703896.72967348,-6.990486300989682,1,buy
3,45600578.687348776,2,59874459.45473094,6.28839990206632,0,buy
3,41874487.47298374,3,50405112.45305022,5.701912507248718,0,sell
2,22877562.60268043,2,24818778.97906465,6.5543599012834415,0,sell
7,2573779.0278214538,3,27056966.024820417,3.973871887304451,1,buy
10,1304948.4498374371,3,5538685.765227887,2.740352585888436,1,buy
1,3454702.261132965,1,6610875.507514529,7.864218109147087,0,buy
5,2839722.7242714413,3,28364376.55320117,5.12280829088379,1,sell
20,7236903.121305673,3,19394140.606610935,-2.4749531948487817,1,sell
30,20957351.17333369,3,54540022.51892916,-7.714999289566744,1,buy
1,28725323.42366127,3,40478452.85258578,7.061020367196349,1,sell
7,27252022.501290705,1,45391592.15250664,4.631326455396805,0,sell
5,4083927.1816733615,1,30453098.876021665,5.974389679269546,0,buy
7,14709250.208120702,3,15948049.645546472,3.8720190247624258,0,sell
30,3400133.098927899,2,24220285.444604352,-7.00265941233695,1,sell
3,1269044.031969925,2,12301416.203704296,6.604075566846906,0,sell
5,15557447.437313633,3,16869924.315914083,4.886587636751511,1,sell
3,1039194.2068562981,1,8351572.219617393,6.941710343279265,0,sell
30,4956657.862416473,3,6337340.301565904,-7.606172244374214,1,sell
1,3627483.9419804267,3,21424706.052664746,7.040358091613189,0,buy
30,15067029.536076056,1,23548868.432381295,-6.910664003490978,1,buy
1,20036786.66383371,2,61732637.17485064,7.178283287173179,0,buy
5,3285849.478792925,3,5332961.002426096,5.08388716910789,0,sell
5,23929297.674736224,1,34635431.24734664,5.5841200756682,1,sell
10,3157590.159069851,1,5445672.7675651405,3.5049118527246206,0,sell
7,5731853.711084044,3,16779709.32543353,4.109502297276915,0,buy
10,17186311.140923023,1,34081387.85006069,3.1609254660364106,1,buy
7,15040098.64967218,3,31912363.712241367,4.082767549419886,1,sell
10,47589311.062962264,2,71843472.36331634,2.5609208392436837,0,sell
3,2412913.9057335593,3,30606883.983813565,6.248138328888837,1,sell
5,13343146.932773907,2,14696098.79610602,5.353175007256307,1,sell
1,10860036.23621393,1,14690052.369290289,7.712460430292853,0,sell
7,35869458.89266831,3,50572275.87968232,3.737945242659792,1,buy
30,1843548.5890337145,1,8875617.967668483,-6.537931006723262,1,buy
7,18935750.78833403,3,21044149.363662533,3.924785405261339,1,sell
1,9235732.23944023,1,17926076.496569194,7.883918406426362,1,buy
10,2928525.931597265,2,7851425.237962773,3.038858287318811,1,sell
7,6398095.057038124,3,10997094.259679325,3.8286001632717914,1,buy
20,3690425.3647565916,1,27445001.025864515,-1.5456469274074713,1,sell
3,9643531.300861463,3,14569564.596927807,5.934503780761705,0,sell
5,32388092.549579963,3,33497127.955711413,4.661092049136381,0,sell
1,9273252.639903618,2,10528264.618848154,7.365945817677629,1,sell
5,11837975.58142468,1,40330632.13704846,5.686176963869859,0,buy
20,7609165.5335767465,3,50467171.63659942,-2.6208940438972705,1,sell
7,1221598.977981523,3,15998617.352376113,4.247175847911779,1,sell
7,2486678.866190056,3,6646271.516866278,4.301387249616502,1,sell
30,6853243.776819308,3,46176890.20792594,-7.481023546579084,1,sell
20,3365739.048633385,3,16734235.420746312,-2.383567092301435,1,buy
1,2036155.306511818,1,29231675.71086869,8.03561435740616,0,buy
30,7186320.407064704,3,27192312.47648663,-7.4789349252230695,1,buy
3,3535445.5759336436,3,7942478.803538035,6.0782421334240055,0,sell
30,2744840.693084637,3,9250640.27510849,-7.335359634037182,1,buy
2,6141823.144831355,1,8213075.175028669,7.330020839562945,1,sell
1,1684402.8071783162,3,4818577.485221848,7.005273887286295,1,buy
2,37688788.04852963,3,58678774.49391243,6.296273443112767,1,buy
20,29798872.84844487,2,62823845.932882294,-2.3161241260956906,1,sell
10,15930380.518234888,2,32945559.760784663,2.829569307598786,0,buy
2,1515144.6864683465,3,7685585.023758637,6.734363775113495,0,sell
3,20806171.904566895,3,22208910.19814253,5.799396448536008,0,buy
30,23588225.191665184,2,24837772.941129718,-7.380142343950859,1,sell
10,20156218.420344792,1,24481037.119718965,3.155458779404632,1,sell
30,1561797.1419055862,1,7699688.365471466,-6.452667087810033,1,sell
2,12415959.9955445,2,23252176.31629787,6.94863178152906,0,sell
30,26151271.037514016,3,27176983.192776125,-7.748892913234467,1,buy
20,9569871.59412957,2,57599530.62202701,-2.038761033848054,1,sell
10,12537955.990680777,1,16690566.955023922,3.291621836944764,0,buy
20,6008219.667922732,2,33606841.43693285,-2.151948933502891,1,sell
2,7911482.605382013,1,16019083.953834089,7.144449976366582,0,sell
20,1143945.2812360497,3,2809706.39930394,-2.1191586032555865,1,sell
3,12178085.202347627,3,34826611.5942425,5.962546005942849,1,sell
2,1375233.274015243,3,17443717.41762519,6.833194081435481,1,buy
2,5483738.633610972,1,13355974.31211457,7.353865509163575,0,buy
2,3142043.7837523487,2,10627361.999874784,6.922156353666026,0,sell
1,8446284.909669144,3,9854358.088805107,6.990757870664986,0,buy
30,1685273.34612426,1,14694985.599102,-6.414911971143573,1,buy
1,14965161.005822437,3,50297971.67298576,6.662397817488317,1,sell
1,22423363.350921724,2,23863555.10767346,7.270966932849788,0,buy
3,1894673.1916589332,3,4698156.989019554,6.284840980279289,0,sell
10,1503920.2479426323,1,35622754.300910816,3.630589862181017,0,sell
30,1766958.86997123,1,4808486.553495023,-6.441596651264227,1,buy
20,30918144.148334876,3,43831249.18255549,-2.768365313833292,1,buy
7,7895464.993691984,3,15998356.42637264,3.976577040335173,0,sell
2,6221031.729593024,1,16528279.44577511,7.1718999970173005,0,sell
20,1518099.2991282535,3,6604526.954964859,-2.1589694360425495,1,sell
2,12693347.556122562,3,15926874.692847863,6.489434785508216,0,buy
3,29833573.062526625,3,31042658.184145987,5.74577775889755,0,sell
2,25530713.377152786,2,43917718.22854012,6.762749294414107,0,sell
1,11578389.936617875,2,30096233.57642465,7.386462829624183,0,sell
30,1342444.319570433,2,15131766.333175385,-6.954904268418705,1,sell
7,1552241.0975480261,3,13954891.42918337,4.4361030122430325,0,sell
5,1212758.954742338,1,3807345.11440852,5.986477339374198,0,buy
2,2738101.0107132606,3,3829449.3005097257,6.433495754436106,1,buy
20,1700140.3058025138,3,25358422.153190378,-2.2411678423275507,1,buy
1,2765755.725249873,2,9595896.267002517,7.577667022516317,0,buy
5,4510265.280965934,1,7831570.441273146,5.8294736497573405,0,buy
7,40003635.80102922,2,41493611.72931318,4.155212137264915,1,sell
5,10889567.140726391,1,12167659.09688589,5.655313446676478,0,buy
1,26217749.901020013,3,30132590.610929597,6.628305393040672,1,sell
30,16101483.534205722,3,39394414.22458452,-7.528679623937163,1,buy
30,1552885.5335768794,3,37934678.018048584,-7.236973196842732,1,buy
10,17795356.632043295,1,51180532.61170477,3.121301171187422,1,sell
30,2933490.918024405,2,39497501.18381407,-6.7905361133453646,1,buy
10,12184986.758759905,2,47034613.43799704,2.787037405976025,1,buy
5,3795632.580621669,2,11661362.649951596,5.5546755909027885,0,sell
3,49546758.79241197,1,51906044.780369826,6.403442764710855,0,buy
20,2803922.8398428857,1,25495109.391530957,-1.7787840597970153,1,buy
20,2980123.7401184915,3,5287359.285284573,-2.3060298021726338,1,buy
5,38122752.19134175,2,40967063.63193467,5.200039675163435,0,sell
2,1101209.892791428,1,3591741.720474408,7.776673058995582,0,buy
2,15263484.59657812,2,22761384.81636954,6.66952918556054,0,buy
30,17072919.052212995,2,20594804.961206187,-7.402938664953512,1,sell
20,26362228.21119278,1,28189934.912982523,-1.963228741688992,1,buy
20,45242142.13591153,1,51129603.004388355,-1.929270346341343,1,sell
10,45448378.884550914,3,75979460.15390238,1.9956800089552535,1,sell
3,1290931.663311438,3,10609564.199773742,6.268805565041816,1,sell
1,24904645.12743746,3,55969251.01459652,6.760670113171846,0,sell
2,12533177.512089623,2,14684873.782714337,6.772290874155558,0,buy
20,12583888.711302275,2,14505579.91792344,-2.2761252616457766,1,buy
10,1652200.2189420124,3,11155802.907871326,2.8340120352169964,1,sell
7,12724727.567448081,2,18850796.874452557,4.150444279507973,0,buy
10,46688340.14218654,2,59919975.2535914,2.7053414904794053,0,buy
2,35412158.471395224,2,57801797.023937136,6.701291579245824,0,buy
2,5572753.338181534,2,24472176.947466306,6.888701718819949,0,sell
10,1169150.469364908,1,41060016.99156318,3.7301407890417444,1,buy
1,4125967.210596186,1,8875224.447691277,7.693831891089548,0,sell
5,25352007.302788798,3,27594055.190268524,4.9040583112988845,0,sell
2,15553421.136716278,3,24182889.686284356,6.269027326377624,0,buy
10,6031302.242768174,2,7573532.5711451005,2.8785972910610385,0,buy
20,1240554.5199648375,2,4336186.996703009,-1.8019056980965615,1,sell
10,5312284.645656806,1,7567539.208457347,3.4485004691829486,1,sell
3,6264108.967032567,2,10982021.223629959,6.323004982104968,0,sell
5,37808373.77381116,2,39353463.21589982,5.199914896996159,0,buy
7,12279652.026014064,3,13412308.388432479,3.8714656946228123,1,sell
1,3384456.660723533,2,16442355.894818297,7.4275820429238735,0,buy
30,7807283.934547371,1,18691438.71905532,-6.879647006827534,1,buy
7,1294869.4559201293,2,17271330.49431123,4.622395252577352,0,buy
5,44912192.7892566,2,58154899.27292878,4.988450805988284,0,buy
5,4090072.187625752,2,5653879.483268313,5.361728246924576,0,sell
5,6484586.712413693,2,9607315.654132437,5.364581815644975,0,sell
7,4014364.6093852855,2,5674187.787928932,4.463055091550135,1,sell
20,14439992.14788337,1,41491085.651696324,-1.8643570050090101,1,sell
5,13338671.373250019,3,31915300.32329994,4.909597317552102,1,sell
10,16417655.901369546,2,18617481.91303703,2.9393161631608145,1,sell
7,2854744.8882664335,3,6655537.40020787,4.072041521276373,1,sell
30,3438042.815199262,3,47316351.34937665,-7.478754240603824,1,buy
5,1632292.8739303097,1,11852481.865349073,5.931252183228628,0,sell
10,12992471.705602087,3,35961325.78083973,2.1280215343325826,1,buy
20,1168460.7422030387,2,3983809.692801442,-1.8873529451538023,1,buy
3,10362018.424825346,2,12636453.848299298,6.519529341812717,0,sell
20,30032205.101890672,2,51503159.42384046,-2.314821833336163,1,sell
30,32620987.125205085,2,47252078.69007693,-7.37493192778169,1,sell
5,5792975.418955499,1,20146583.219311833,5.883140243891008,0,sell
30,6030359.302395774,3,14718154.56791258,-7.518564183406894,1,buy
7,1351351.5160168349,1,10419167.525058996,5.177664676896162,1,buy
2,13791441.391846078,3,31571287.341408804,6.385040787629037,1,buy
5,24848210.699927375,1,27723795.08414249,5.747118474172213,0,buy
2,2604123.6347657093,1,6579177.718648585,7.479468202012988,1,sell
10,5197297.303567176,1,35458398.493819274,3.400165813148331,1,buy
3,26617230.873873007,2,29964978.508829776,6.181463119075329,0,buy
1,30917286.09469846,2,39392751.877012804,7.270647522197567,0,sell
30,2589139.748888135,1,18212101.633284125,-6.376247311086614,1,sell
20,8617930.618875643,3,58603228.82282734,-2.476663084404837,1,sell
3,2123440.4640602185,3,7613119.019432129,6.166375839368239,0,buy
5,1489666.2015858467,2,6826908.957695712,5.7363544607681565,1,sell
2,35315584.79658072,1,62326069.80995465,7.006230824751885,0,sell
20,24775226.753392495,2,48138066.1992195,-2.1506086763438876,1,buy
2,19555841.128990814,2,37017117.80979415,6.693230786836159,1,sell
7,1210187.0822500866,2,7333877.953868956,4.663478103558218,0,buy
2,27131256.711156305,1,30682356.270042423,7.180731319885359,0,sell
7,5549115.2594183665,1,16368805.57985819,4.63278962041194,1,sell
10,3816972.615095542,2,34625936.43104412,3.026047713169738,1,sell
20,8480997.700583814,1,40214016.718761615,-1.7119606582842186,1,sell
20,1429573.270006438,3,2958319.6223325594,-2.30131959385833,1,buy
1,19298332.78619243,3,24640952.761110596,6.813586805295804,1,buy
5,9762020.719772957,2,15921566.166931713,5.266030927020267,0,buy
7,2074965.9658598562,3,47882739.668359965,4.091868255100553,1,sell
1,2088338.3373596636,2,16275590.597709704,7.545583642843066,1,buy
2,2056046.4991832033,2,6975302.763102332,6.989864343966054,1,buy
2,1249813.8890478981,2,2357129.8671993725,7.2168190251026845,0,sell
1,9969007.76043542,1,19101144.96582277,7.67539525973527,0,buy
20,26774806.871605363,1,28231037.63268119,-1.8243610506180756,1,buy
2,1070850.7389275818,1,27234929.49069812,7.494855676538469,0,buy
30,1211315.911087005,1,20200514.309612263,-6.558231360457316,1,sell
10,9399819.615249684,2,15458684.245422602,2.8344254865541343,1,buy
10,24677353.829910688,1,30037988.85955472,2.992550750218193,1,sell
30,3590207.702487003,3,37052214.740772575,-7.40974341467452,1,sell
1,3926308.1061581126,3,7017187.682505988,7.011344551627012,0,buy
30,10308009.531026203,1,12956982.008807784,-6.883920861839323,1,buy
7,2923340.9717870434,3,42338952.27722525,4.010643310526543,0,buy
7,1109703.1423512304,3,24817129.095666334,4.4014099666474795,1,sell
1,17747255.37243331,1,42533930.08824524,7.728965248073144,0,buy
30,11560069.23913775,2,13706062.903631868,-7.306424075451177,1,sell
7,9698108.134883476,2,11449791.441416144,4.27225953960384,1,buy
20,18201160.856574513,2,19308354.093623035,-2.0963877703190965,1,sell
30,14034499.811384898,1,16562204.962273227,-6.8080573298919616,1,buy
20,2237625.0864364547,2,22906956.225907527,-1.95785189532093,1,sell
7,3970587.0869903145,2,6528101.402760171,4.499251953784547,0,sell
10,1637786.7299604549,3,18964835.94265479,2.750693901051323,1,sell
7,1661969.963732682,2,4341043.205412214,4.62100820514434,0,buy
20,14087576.587656232,1,18782084.733276717,-1.8859802662584624,1,sell
3,28756486.83908821,2,75569138.27427873,5.985991040043233,1,sell
5,43216917.013913795,3,45822637.26461354,4.720355007183724,1,sell
2,11682691.403622674,3,16042248.865143184,6.238051959785231,1,buy
30,2054861.8354244356,3,5302279.048146626,-7.359350985269501,1,sell
3,1511808.4480401762,3,3047307.5384009937,6.171082064727875,0,sell
7,24044149.444972694,2,30841121.005539805,4.1397900836878305,0,buy
10,9622543.723633554,3,14021848.780810975,2.495185098842156,1,sell
1,11231757.153687002,3,26388026.519071065,6.907698049340259,0,buy
7,21265747.273156364,3,45760249.091478564,3.878456976903383,1,buy
10,15661989.001432227,2,24069432.15996591,2.598352042954782,1,buy
5,26164927.84797318,1,27299156.86946052,5.674986956864748,0,buy
7,1245964.7025893282,3,12505760.599514114,4.35826752600809,0,sell
20,18621520.499324996,3,19863479.298668046,-2.653517511401642,1,buy
1,27898015.60073236,3,39045346.82820232,6.9830717817331545,0,sell
10,3062914.362490562,2,17645862.65442748,3.0958371615258367,1,buy
10,12249002.065424107,2,14416712.495012457,2.8123192661153364,1,sell
10,3417841.5331267384,3,28080763.557979513,2.75469902355478,1,sell
5,42419359.52550472,1,77730058.12949857,5.5336309176003,1,sell
7,1139687.137887629,3,25206044.593105495,4.187600089604178,1,sell
5,9661635.530387731,1,12960552.327459484,5.833237254508456,0,sell
30,1918158.6828608091,1,11842207.259286895,-6.348561973144465,1,buy
2,16219623.358074768,2,52049350.264052324,6.619245457127502,1,sell
2,1989904.8731667937,2,5495806.704837491,7.048138507039177,0,sell
30,2511360.7447800734,2,27240139.71287877,-6.992161704407844,1,sell
7,6917054.20462389,1,7954816.682111136,4.675835308437416,1,buy
20,35832502.42737464,1,36846870.65735795,-1.9771161000101785,1,buy
5,2289266.5774737373,1,21820394.42553887,5.894726398979009,1,buy
1,1758164.3484302317,2,21422378.802927308,7.6555523815780875,1,buy
10,19475063.002566766,2,41375287.97834286,2.7940105559291677,1,buy
10,7088226.21113488,2,45114844.10810829,2.9135146094112265,1,buy
7,35407523.84830341,3,36993582.66003978,3.7740316378142285,0,sell
20,1774572.449763339,1,4252767.760938624,-1.3374963792123715,1,buy
2,12514460.02031306,1,46822944.31384262,7.413948230514002,0,sell
2,2486879.1655969736,3,4487289.012625111,6.721142564768395,0,sell
10,1846423.2756700262,1,16270468.04545516,3.45532818659993,1,sell
7,14491924.955527488,1,22457932.72181289,4.717897297690579,0,sell
5,10201225.81542045,3,11585887.138618138,4.946876138022949,0,sell
2,19161487.059548356,1,22213978.149696127,7.215360495610227,0,sell
5,3355580.2905605217,2,11013252.757611524,5.4258261691735825,1,buy
20,5768865.412369854,3,33830778.90226015,-2.394238036749514,1,sell
2,4885221.004154618,1,20810486.112069868,7.36492298439791,0,buy
2,46982755.13858751,2,58373728.53359748,6.601081112706049,0,sell
3,3137055.5657600295,1,10099231.619634625,6.920154300041338,0,sell
2,3168732.98529042,3,6385763.121569961,6.75788813007418,0,sell
30,4002826.5516078817,2,5597212.754439073,-6.739183497930068,1,sell
1,9103919.496891567,1,14058511.669657063,7.773062232123566,0,buy
30,2683420.751290885,3,3801447.169415571,-7.424544339981142,1,buy
7,35896338.67055779,1,38179715.68593008,4.549661700118262,0,buy
7,2827429.6327667846,1,8257135.236645086,4.9714808729806155,1,buy
5,33263202.31796368,2,38405978.85816863,5.178666920955253,1,sell
30,1498997.9169207735,1,2688202.59399861,-6.445115164322358,1,sell
30,13046089.012112882,3,23064423.591215633,-7.611629913505672,1,buy
30,34748910.31650032,3,43337009.71976595,-7.609380434795352,1,sell
20,1935085.835959648,2,3292451.5333547643,-1.9282296411288113,1,sell
2,44173159.110560566,2,84205015.98883317,6.699484971966949,1,buy
1,5880784.22561815,1,7355975.586546157,7.677240769473428,0,buy
5,40433524.72579321,3,68769461.94534725,4.675933415362536,1,sell
30,14122024.235088224,2,15123236.647844067,-7.176790211753267,1,buy
30,3253771.4610045715,1,34801574.14579552,-6.584078947900744,1,sell
3,2088912.9466693536,1,3169110.610056152,7.108705617368304,0,sell
5,3281230.4471865445,3,22667752.83872079,5.14467684220421,0,sell
30,1438910.5214963888,3,5555161.426866178,-7.123351103464757,1,sell
5,1755607.22474307,1,19711549.482059494,6.062367101325898,0,sell
2,1505965.243451128,3,6320485.889249844,6.655545336457507,0,sell
3,5230803.3637406165,1,6550488.827838046,6.826988411958835,0,sell
5,22473142.072664928,1,42609033.1648619,5.609660637519976,0,buy
1,1738626.9920105021,3,3060093.544097299,7.342914937623168,0,buy
1,1664985.6964046338,2,38533442.60894259,7.597065663638434,0,buy
7,12392715.655636828,1,13613399.952656545,4.7002929545298455,0,buy
3,2162758.2220550408,3,8684434.975994416,6.141771878435016,0,buy
3,1464996.2967396819,1,18385520.368470524,7.053659122505666,0,sell
7,1920749.5036736329,1,6577832.180452183,5.0651161767376625,0,sell
5,37101539.75217443,1,39440771.00311593,5.615886927767633,0,buy
3,24868810.778434724,3,44352570.89776526,5.775790194355609,0,sell
1,3995260.219290828,3,25497969.24020633,6.887411441517254,0,buy
1,13008278.067402365,3,49959695.3793944,6.934087697877785,1,sell
30,8181166.91958427,2,12537220.763453294,-7.112200165671291,1,sell
2,14138841.073834477,1,21384977.585547253,7.208997278908917,0,sell
3,14449000.658368496,2,18588466.77563337,6.29101690933318,1,buy
5,11700387.152457686,1,14434234.771905389,5.753292472652441,1,sell
7,2832032.567231147,3,21711184.169174794,3.938767571635897,1,buy
7,1164851.9709516077,1,4941080.7402680395,5.0911901545055915,1,sell
5,5942843.554186736,1,11281267.4928434,5.727266742337002,0,buy
20,32639079.697160333,1,37490059.15829995,-1.8161145924725792,1,buy
10,9280230.425769454,2,25527861.365229722,2.8706349495643675,0,buy
2,25954185.943819936,3,62204121.50318113,6.228145000510033,0,sell
7,48388260.97215374,3,61965096.232889675,3.5868165390143982,1,sell
3,1896614.310246689,1,8223714.117658365,6.916210632878914,0,sell
2,14973021.857730487,3,36051833.213919744,6.3206894143513646,1,sell
3,13983135.169673959,2,26257274.62542814,6.299430057699645,0,buy
20,46229043.80521533,2,47496623.22282564,-2.507321384518626,1,sell
1,47261345.68298093,3,48715229.03577153,6.732835115763359,0,buy
2,14677306.514310366,2,15837204.383582857,6.8882827971221445,0,buy
30,2593547.6064314637,2,8565512.357984044,-6.8358250582109195,1,sell
7,22736437.41145097,3,48035254.37347515,3.782451667339193,1,buy
2,1519984.9527226887,3,4923431.338520726,6.732984747392459,0,sell
2,21202384.213197358,1,25696834.985190295,7.0654064792056275,1,sell
2,35188107.73579786,1,70277377.21347624,6.933237229913007,0,sell
10,4471183.092667235,2,30887596.353696145,2.916464691619029,1,buy
2,11787737.332494153,3,25274160.86757815,6.241098991997106,0,sell
3,5380214.609288912,2,8220039.901574773,6.244368704399665,0,buy
1,5543061.503520339,3,7123763.3781769555,7.067591002966181,0,sell
20,3367525.017599877,2,4432362.814055761,-1.9609233658827305,1,sell
5,19716751.577928554,2,21236626.75791275,5.364693502944748,0,sell
2,38952550.679287255,2,42093873.58505163,6.7818108756361255,0,buy
7,39655870.83995353,1,48315010.94737828,4.5537571469628135,1,buy
2,1981290.5144121589,3,3265790.846466807,6.600824868447432,0,buy
7,30631144.372388754,2,32335055.382210094,4.080506295866205,0,sell
3,17900860.132530868,1,19931583.10407569,6.5535237612415465,0,sell
7,2688828.8528725435,2,14538836.190254793,4.573481444032623,0,buy
30,1301111.570906795,2,12423764.80019549,-6.91548144023534,1,sell
5,2853115.266986828,3,11477625.633182023,4.998700865034886,1,sell
1,35466181.47857079,2,38130550.69093032,7.194770130107256,0,sell
7,11905607.918154199,3,16176525.821592197,4.00611195490907,0,sell
7,16789982.37914295,1,18249713.703980073,4.592703188097077,1,buy
1,2734602.025097498,1,5159814.385183156,7.942258094866957,0,buy
5,16680877.683167674,2,50190864.15533748,5.41452958087842,1,buy
2,1116291.4429994023,1,47297669.76841251,7.676457309094738,0,buy
7,4341698.969312002,3,16941225.026119404,3.982548666144502,1,sell
1,11610078.04868385,3,47722388.26050336,7.079356466552355,0,buy
30,1770980.1057797999,1,14130431.93825867,-6.415822666883961,1,buy
30,25018334.01738397,3,26157009.144473054,-7.531289236130018,1,sell
3,2507905.2625337937,3,51878656.24252777,6.140955261610498,1,buy
1,12829391.111943997,2,14302100.286728356,7.223189808866175,0,sell
3,4879977.1793354675,2,19327318.87186881,6.452939309791326,0,sell
30,10295802.189514631,3,12984618.444986282,-7.698713595318853,1,buy
5,1522492.8644068695,1,6156579.545926113,6.118330056492294,1,buy
2,1068401.132639071,3,13583169.1824044,6.734564314935737,1,buy
1,35101257.80853708,2,40616681.924839966,7.193295368084661,1,sell
20,2871397.362733889,1,5536231.841633221,-1.3454569666180554,1,sell
30,24694864.126136724,3,28394969.050357938,-7.740579683306416,1,buy
30,49873079.386578545,1,53677425.36158332,-6.999642649891084,1,sell
20,2286732.5059812507,1,44931184.53499262,-1.5735722568277026,1,buy
10,2821740.914042046,1,25563264.5997652,3.426346803620651,1,sell
30,13371462.055824758,3,19384038.46139464,-7.621162885317651,1,buy
7,43678555.86174343,2,45863748.606458396,4.220702685048469,1,sell
5,35970055.433979526,1,59842233.450510815,5.639405917299172,0,sell
1,7151060.04217157,1,9000534.357773105,7.7755451894947445,0,buy
20,22432027.058500595,3,24710107.17764318,-2.665058214216004,1,sell
7,1700701.6483227285,2,5887150.349405779,4.585093568911226,1,buy
20,45776033.26461906,2,77086185.41974843,-2.2449323043621554,1,sell
1,43491783.57444382,3,45166346.982685395,6.466081316269642,1,buy
3,1897451.0823034288,1,3510591.702278275,6.923270932740799,0,buy
1,3226345.758251142,3,10132697.416501157,7.162916138836044,0,buy
10,1479654.5588573113,2,4428236.614521698,3.2243567250042644,0,sell
1,2894943.220471402,1,12147285.98740592,8.063872257335024,1,buy
1,24337973.342358917,1,30190146.66605685,7.610436336433502,0,sell
10,4392855.005055277,2,9875403.411119595,2.9140096492657674,1,buy
5,1413135.464283205,1,2962803.653484028,6.044239608176962,0,sell
30,3814440.9956023796,3,5550798.677831951,-7.308488311774427,1,buy
1,46487998.41582205,2,71318636.17551607,7.049711420340642,1,sell
10,11743932.342101276,2,43739380.56002528,2.816073214506253,1,sell
7,5093836.076415398,1,7598331.733182177,4.820330516849601,1,sell
3,1918421.0848666145,2,3477133.4791674656,6.724774423403394,0,buy
3,47367972.67643021,3,48600377.312408336,5.592111985111037,0,buy
1,24808347.969920203,2,35609731.80830226,6.955063866832722,0,sell
5,3007609.817340082,1,19427250.55632461,5.91878003652821,0,sell
5,1315359.9437025299,2,5614612.805001333,5.71998392538659,0,sell
7,1247972.810380972,1,15528653.596281208,5.014958139993125,0,buy
1,1601470.2126163503,1,17868027.31064972,7.844182182488674,1,buy
3,9698585.595006647,3,48524212.76901172,6.016481755773191,0,sell
5,37839134.46426113,2,39128031.91511352,5.098283520113125,1,buy
1,6981555.326893037,3,9103323.203063784,7.024487690913681,0,buy
20,27048244.90140356,3,28355690.409851342,-2.7352201064879598,1,buy
5,5722001.831476557,2,35554914.49302091,5.211409051126091,0,buy
10,15990505.379383156,3,38202205.974278815,2.4073113988880057,1,buy
20,17515793.949491814,3,26984696.373446956,-2.5822181002868927,1,sell
30,1974963.702302918,1,3362171.828251142,-6.5238649293315705,1,sell
5,4108613.1260414515,3,7021673.591063907,4.970523469113134,1,buy
3,12099216.492082814,2,15304135.741217667,6.501527750548972,0,sell
2,1318594.9760458856,1,10286394.069804385,7.5966264472510705,0,buy
20,4113826.148850431,3,6857982.396708857,-2.553571238776719,1,sell
30,8102298.731126359,3,9432620.262728466,-7.29087391480043,1,buy
7,49266933.47179236,2,66706802.98391414,4.041095474714482,1,buy
7,6400564.655058841,3,9622585.223436516,4.1484862634337585,0,buy
3,24347588.44764299,2,30216670.17990949,6.2758749295890865,0,sell
5,5420874.552980758,3,7068664.251259061,5.076266310058822,1,sell
1,22544673.467907287,3,45639010.234397456,6.961203347424981,0,sell
5,10270507.12221635,2,19407887.309853807,5.160443534940095,1,buy
3,32084779.65582003,1,66107335.47467598,6.6253311102406816,0,buy
7,4990902.318179557,2,11937806.738789625,4.4196614165814525,1,sell
5,10633961.478844859,1,50394657.4544656,5.978102021211107,0,sell
7,11759337.107011775,1,44512807.84994736,4.5290410244420265,1,buy
20,5118245.325228931,2,14654723.18474391,-2.0192115001049924,1,buy
30,1758659.7879699366,2,40364849.33829619,-6.848302710486388,1,buy
1,1441964.690686627,3,4981270.511890369,7.18391585108528,0,sell
20,1067393.2802729963,3,5247766.594838161,-2.235904393510409,1,buy
7,30486566.310677025,1,31681285.048388753,4.529602615923819,0,buy
7,2522108.5979976966,3,12545961.09076618,4.060931392382242,1,buy
2,2287407.9318674575,2,19134586.159378532,6.979972465117439,0,buy
2,17803363.84102177,1,38418485.494791776,7.142328179119465,0,sell
20,3497017.2697125343,3,5293956.441930387,-2.3244858249803952,1,buy
10,7240269.854977175,3,12923731.598396074,2.4308159617090848,1,sell
20,1888432.3228680477,2,3885925.443224271,-2.1313458443226576,1,buy
2,42714880.18958532,2,56048083.60082023,6.61472799869278,0,sell
7,27977651.418894984,3,29832660.965637133,3.8174247350750905,1,sell
3,29346253.14273755,1,63713676.913830265,6.557358743503933,1,sell
20,4910168.51709425,1,7375307.133319115,-1.639799156472824,1,sell
7,19734623.012877412,2,22861304.985251117,4.334765129940161,0,buy
3,1755663.4678172295,2,29659525.62218551,6.606849628781217,0,sell
3,1034292.6223864104,2,7044960.307887744,6.776480957899524,0,sell
2,1081268.157007565,3,2179688.056390156,6.819045672015589,1,buy
20,9922446.280481335,3,16845332.68313396,-2.6459735173614964,1,sell
5,5938849.01383732,2,7330840.538045337,5.538375926690351,1,sell
1,7587392.301584434,1,54801427.664930016,7.654409459119359,0,buy
2,1029626.357793769,2,11010853.00568465,6.986423443916995,1,sell
2,5225548.561497806,2,7953528.815638634,6.956375587295312,0,buy
5,16594962.178566376,1,25667722.298597906,5.729075537366266,1,sell
1,5650974.151294781,1,7001786.129243739,7.887423414080895,0,sell
7,17539550.86187717,1,40395082.75780459,4.539908682748046,1,sell
10,2488239.7914214917,1,39822247.05939089,3.474786212128904,1,buy
20,24071539.961628985,3,54666844.89481027,-2.8540019174319378,1,sell
10,9993716.54264395,3,13801181.50118242,2.4818616305775336,1,buy
7,2280763.13127731,2,5857362.23715649,4.582423899585772,0,sell
30,2524532.6270489246,3,3671663.053108283,-7.287693097445073,1,sell
2,11668228.38583643,2,24453491.50689935,6.902077078436259,0,sell
1,25706471.81417703,2,33812109.429426454,7.2553117957059525,0,sell
2,5083222.673460915,1,11114588.993193723,7.217495185215242,0,buy
3,2746911.58633242,1,37583672.240562655,6.894069971695474,1,buy
2,29718488.252127666,3,31646995.24198076,6.165884198653095,1,buy
2,13710924.915456241,3,14749463.645306367,6.144372943486914,0,sell
7,5771434.912720432,3,7103613.512932235,4.105530775764356,1,buy
7,6744158.941672644,3,9140239.264805116,4.070931398096281,1,buy
7,2223441.0126750395,1,3362512.9427983845,4.8848565032221885,0,sell
10,11612316.576629685,1,18762486.802029908,3.145435585088118,1,buy
3,4069047.5475571086,3,7485931.759437295,6.0814576946709575,0,sell
30,49155406.29600545,2,51181386.59087056,-7.45238550287032,1,sell
30,6543609.722448731,1,25352810.57572458,-6.578036887811174,1,buy
7,6691216.320980758,1,8916352.88698025,4.769932847707999,0,buy
1,9148822.751880102,1,23879422.912369143,7.676138980822677,0,sell
10,36102805.412062556,1,40023749.041640624,3.0930723815434944,0,sell
5,22938548.35945249,3,30344485.349748507,4.728579057598148,0,sell
1,5840586.450996284,3,44442789.31698404,7.099989977385979,1,sell
20,16635984.03925014,2,17793319.625404228,-2.2370824825957483,1,buy
20,9908240.234280506,1,16986628.686483704,-1.6606572205107089,1,sell
1,6863045.005694476,3,35153438.0089792,7.10437392461021,1,buy
7,2121967.5065875114,3,12097833.608081713,4.054194693013027,1,sell
5,6140642.2378535485,1,9094534.85535719,5.82818861926172,1,buy
5,2616004.0129449866,3,7354585.134788351,5.147876137667856,1,sell
10,35833511.69976279,3,50147178.331612885,2.2396118962482725,1,sell
5,3714036.0543668326,3,36332438.59004029,5.2147154724394165,1,buy
20,41482793.719586425,2,42657070.672363564,-2.37292437422467,1,sell
3,8047202.842092035,3,9370149.43615194,5.841597910307277,0,buy
7,11829733.358823307,1,15396320.081373112,4.675147040426339,0,sell
5,8364491.214188391,1,10850402.931997184,5.70422175655963,0,sell
10,1658875.4781789894,1,4477969.943376399,3.481143343304288,1,sell
20,4350197.536186352,3,6726660.719646966,-2.426979415536202,1,buy
3,1473826.1937530788,2,3625125.732484215,6.570702060108338,0,sell
2,11438793.90111955,3,13105757.8271036,6.4874320535958665,0,buy
2,5744151.071543846,1,44359508.168358296,7.483844327204961,0,sell
3,20978437.125730034,2,22736253.77708411,6.250859474483672,0,buy
20,2369041.857071612,2,4593764.536251047,-1.8534916850750047,1,buy
10,1903674.9580545833,3,4524258.916029775,2.601781219355036,1,sell
3,4901694.8613273185,1,43375423.990271226,6.94174058871009,0,sell
7,37518094.464085296,3,56746162.26488108,3.8811099657060373,1,sell
7,16105913.19715982,1,38068103.204251215,4.796176771121656,1,sell
2,5149187.1007753415,2,6655728.743624654,6.890344978383878,0,buy
5,7565365.25387331,3,33920509.16365831,5.113504794934156,0,buy
10,1390193.9045381853,2,6327701.787258846,3.325477894951196,1,sell
2,47072245.37729585,1,49868189.17973564,6.953164664863198,0,buy
5,13558324.41893404,2,23068359.56369216,5.370258819375217,0,sell
5,3054168.2033008793,2,27992310.2917121,5.4711930549488645,1,sell
30,9891698.944368502,2,30924961.760459207,-7.287097331725017,1,sell
7,1534642.6225556957,3,34049288.38362077,4.212906148765892,1,sell
20,43744910.204867356,1,81490719.73732513,-2.035691897191289,1,sell
1,1981319.2160980345,2,4519732.061040479,7.581509230871382,0,buy
20,12617812.57990744,2,17867359.820631187,-2.4471347769478973,1,sell
1,2612280.26388885,2,3671176.609050736,7.591148634380104,0,buy
3,16562094.769962834,2,47746762.65890577,6.246232739384942,0,sell
7,20883159.31487388,1,22713843.58042829,4.708964801509883,1,sell
5,13935415.420760166,1,43017120.48396014,5.650061458280599,1,sell
10,11066649.381511368,3,14694247.599332353,2.6045899123892093,1,sell
1,32830554.6892163,1,37051871.30258411,7.5207923144928195,1,buy
20,1360142.538848849,1,2525568.066129607,-1.4359108444381743,1,buy
5,3649339.4425328947,2,7241512.563534338,5.403253818835411,0,sell
1,2641392.7431545923,3,34948885.08266631,7.16072416826553,1,sell
1,47709634.05406827,3,48814740.89720462,6.7340694434786785,0,sell
30,4587346.609201764,2,9488950.23573503,-7.090254077051725,1,sell
1,17566571.220516287,3,18697270.27551189,6.936332769801744,0,buy
10,14565571.00414954,1,18833210.96590276,3.1329679242409125,1,buy
7,2292554.458715392,3,4257322.431623695,4.286156094604398,1,sell
10,2547122.8377276165,2,5229448.377182903,2.9195971219859187,1,buy
2,3005342.9372577528,3,33980485.35501562,6.62467770099169,0,buy
5,4994510.307258588,3,10500489.251536852,5.316115372400189,0,sell
7,2500985.9836295536,3,5419585.960142966,3.9200479998611844,1,buy
30,1079909.2961862325,2,11109153.970848745,-6.71639322367494,1,sell
7,31193379.25848737,1,32936933.497807927,4.604020860107305,1,buy
7,43706108.4863658,3,46464770.91691046,3.689936356298169,1,buy
20,3804677.428539507,1,12278100.908770228,-1.4949959456260196,1,sell
7,3759352.3672292605,1,6291823.615636878,4.939654310145299,0,buy
30,1028131.7648297064,1,15278223.330236264,-6.433793436897927,1,buy
10,14312830.06282675,3,21152402.91660938,2.3182090355319525,1,buy
7,25257922.320223197,1,45750013.23725016,4.562432008134844,1,buy
3,1774529.0145377405,3,42610136.71358888,6.1874028872824045,0,buy
5,1867533.2303893042,3,3440606.7969025224,5.186624008177875,1,sell
7,21995191.25375746,3,25698464.975709945,3.7464334446696217,1,sell
5,11144471.948546793,1,14635105.612525817,5.745190306609339,0,buy
3,1191836.66527226,3,2998408.541681995,6.207929406005487,0,sell
3,11420593.220690796,2,35226280.52792182,6.340077449311824,0,buy
5,3348435.5559962946,2,22892330.75312579,5.705840421675637,1,buy
1,4231096.972009889,2,10884201.461919641,7.564170606995527,1,sell
2,20311901.933410227,3,28508929.97300663,6.334283913563704,1,buy
20,23864622.43932495,2,25126925.701020814,-2.404690052262101,1,sell
1,4788438.346512846,3,13574420.743202168,7.0739684957540305,1,buy
1,40661596.63226251,3,62765323.85940694,6.910328838405269,0,buy
10,4904197.658935548,3,14342977.040616617,2.455315875139773,1,sell
20,20479826.45459422,1,23303064.935125515,-2.08255458689771,1,buy
20,6638851.560537318,2,20257828.70813217,-2.058780250036679,1,sell
1,33487328.363577563,3,37600321.63871233,6.915214110851899,1,sell
7,34854521.43218722,2,43282498.90608685,4.276809038854449,1,buy
10,1407727.3048600235,2,8143058.054921769,3.31308893315431,1,buy
10,39000850.61433004,1,43443120.01823961,2.909319372334958,0,sell
3,25267305.61392005,2,41914924.51736445,6.164827302251677,1,buy
30,22101063.263410598,3,53846331.55470527,-7.637892931232051,1,buy
20,2194534.1307862634,3,3215134.949869342,-2.5514832911619445,1,sell
1,23327778.640121084,2,61892168.24164054,7.214161964054109,0,buy
3,27819544.56974414,2,35216429.67582082,6.13673465478555,0,buy
5,3099258.1004451886,1,18606067.39243809,5.90185653522814,0,sell
2,41482154.95619807,3,69905845.9370042,6.255366353983805,0,buy
30,1215376.6633875028,2,7432581.299102957,-6.863624671472885,1,buy
30,1797592.8195737295,2,28015372.226546448,-6.99894598885771,1,buy
30,8190949.124286801,3,10194363.313884778,-7.45199766084902,1,buy
10,9511612.241657682,2,11375504.767147915,2.7444576660823854,1,buy
5,12476438.77717595,1,25568985.55943422,5.701640592412253,1,buy
30,1068636.5934685753,2,31153418.38951398,-6.893367349261877,1,sell
5,42818785.3341125,2,75643828.56395786,5.192145502833342,0,buy
7,1190566.976555984,1,13598393.970814576,4.915850755521856,1,buy
30,1750080.2609004644,1,9562587.625130944,-6.495700149171146,1,buy
2,1056355.857696504,1,4712530.360242894,7.622335920177953,1,sell
5,9184922.049076136,3,55422099.03480555,4.987647503001965,1,buy
5,38361313.740577266,2,41853950.19111593,5.248066107072317,0,sell
2,13533940.400406957,2,31914125.210075833,6.8831515192321575,0,sell
30,24984482.75305546,1,32997962.08022299,-6.848302687721671,1,sell
2,1053329.7883870725,3,11863790.859799743,6.592852288039473,0,sell
5,8334273.225888228,1,12995622.574873347,5.832356037790272,1,sell
2,6036479.2746445825,2,49608284.107218966,7.045173108128298,0,buy
5,7042576.453756531,3,16402474.626940817,4.92293349073884,1,buy
5,1326441.3006637625,3,40525266.79862047,5.3728413113453595,0,buy
7,14549067.15104115,2,15579210.323239673,4.379781389012538,1,buy
1,7160715.02438965,3,16556869.39422315,6.927655064865472,1,sell
5,19951012.68567232,3,36488861.33880399,4.788175546058028,1,sell
30,6675660.326876267,1,25120244.201788373,-6.78737225320217,1,sell
3,1793886.324763854,3,36270815.50428475,6.316278639826729,0,sell
10,12629004.56054973,1,13646372.861176379,3.1426030374144305,0,sell
20,1962814.5034651617,3,2964106.9285460734,-2.3699973748281877,1,sell
1,30350943.418583836,1,36694918.28955128,7.553118510839726,1,buy
1,11006927.33421845,1,12128349.474447807,7.619494791749503,0,buy
1,1849629.2415221708,3,47108277.31204215,7.254573521105582,0,buy
7,43150267.63163179,1,45534134.899707384,4.492920477277078,0,buy
5,7597791.536699151,2,13951732.821450915,5.498758711475509,1,sell
7,1330001.966470756,2,2600198.7232966535,4.741404843289259,0,sell
5,11613691.950647196,3,19321743.31274618,5.086967309909165,1,sell
30,2692634.14136228,3,7113772.024713829,-7.508770242642086,1,buy
7,23198027.95352059,3,24388930.0216381,3.6900628201742025,0,buy
7,24516313.81941961,2,28226246.907848787,4.209613180598901,0,buy
10,46047090.399886474,3,50671305.81345829,2.2243695249101236,1,buy
3,7122972.691147578,3,55189961.946436666,5.969958762129646,0,buy
7,5928681.118777881,1,8183916.418875068,4.991112371251262,0,buy
10,19060419.40675298,3,27485309.140886687,2.3078401447158967,1,sell
2,1679050.1643303956,2,49258509.52571811,7.1672740516766416,1,buy
3,8495580.371553116,2,30657984.869168453,6.405511616989999,1,buy
30,8473411.299192736,3,57192772.7251614,-7.58831138980921,1,buy
7,1419097.2284200524,2,45587306.50070453,4.692819355131479,0,sell
20,5130296.005554648,1,11917845.320172768,-1.651168780884385,1,buy
1,28164709.615568478,1,43409507.84442003,7.71188953507232,0,buy
2,28482579.80333756,3,30023001.26191614,6.402633741173979,0,sell
2,1474354.1480485005,3,7091279.09897251,6.488385026925511,1,buy
30,1426041.1526581626,1,25112396.27634348,-6.608231927823168,1,buy
10,2794549.043139305,1,10014754.442160692,3.4278531343274117,1,sell
2,30633830.22183857,3,46260433.22047676,6.3614532398320796,0,sell
3,1655776.1608641623,2,20148851.55927921,6.634973398708091,0,buy
7,16720642.86386677,3,19416125.06230103,3.9094606392741933,1,sell
7,1485516.066310588,3,32231398.872003008,4.518218373060865,1,sell
20,11447022.121100148,3,17489631.45830561,-2.636171721024696,1,buy
30,4026685.035541264,3,6302296.88432872,-7.369426668635091,1,sell
1,21894808.90505294,3,51428356.942848295,6.843092149487406,0,sell
10,2494784.6477561113,3,7621764.595004337,2.7456827169772104,0,buy
1,12189467.530391412,3,31015479.33571513,7.011503377684743,1,sell
2,2514302.671313529,2,11047106.301185638,7.114095596508955,0,buy
30,16311256.390761904,3,20765650.636333898,-7.488082826239198,1,sell
20,30503717.77779834,1,54269698.27344758,-1.7902131247545228,1,sell
1,1642224.2210209232,3,11482264.639008027,7.265332317826147,0,buy
3,29670173.15129404,2,34278606.352913335,6.169505373979386,0,sell
7,10196862.253119374,1,11732198.468838878,4.772842601989051,0,sell
2,1644208.5840077803,3,34859244.67016454,6.5576747397200545,0,sell
20,5325750.144873451,3,6474595.999609576,-2.509107503600796,1,sell
1,1876276.3892817604,1,31153467.86098787,7.906911557588264,0,sell
10,15483532.705097692,3,19572031.11790961,2.468802458603501,1,buy
3,19466783.442942224,2,31662782.491086833,6.3797130837177045,0,sell
3,1512673.20671313,3,38392567.60306026,6.302632361422832,1,buy
1,7242965.686312806,2,9053242.501093144,7.3833855323027064,0,sell
7,24211602.489246275,3,33399832.364953693,3.737263020858236,1,sell
1,38950490.1133611,1,58845699.008348554,7.625958729806575,0,buy
2,7455065.307394312,2,26824288.6773609,6.996422596943853,0,sell
1,41161945.818410784,3,48978815.22136979,6.720277752172731,0,sell
3,8130541.903846939,3,19649510.728964843,5.984567791000827,1,sell
20,4674313.389489164,1,24039230.41671877,-1.6715745046333144,1,sell
1,27610334.807322897,1,54456405.49407332,7.632699252012491,0,buy
7,6879594.454151426,2,26571946.92281651,4.365336434291339,1,buy
30,6335023.210688177,2,10329351.71778344,-7.091035303674665,1,sell
20,6808104.484191613,2,56171867.412399285,-2.2112675946606846,1,buy
10,27457583.835717227,3,32930351.90358633,2.3181522672187493,1,buy
5,25908586.79523625,3,27009022.811857823,4.975969207529002,0,sell
1,4848064.21126064,2,8979255.680714762,7.492620160252562,0,sell
7,3683549.1101444676,3,5332088.797377421,4.204260273263483,1,buy
20,6851268.016602995,1,8459421.00226578,-1.6188006352631676,1,buy
7,9399901.730022518,3,12408190.95604179,3.9441154793063444,1,buy
10,2540550.1473600203,2,3772756.273318181,3.055627371625114,1,buy
3,22330881.84769034,3,37113847.08782667,5.768855065740997,0,buy
7,6706865.956390753,1,8042553.558671747,4.905978317392339,1,buy
20,3694310.2665581866,2,5909356.813348796,-1.953604025426528,1,sell
7,1518747.803632553,2,2956995.9677614407,4.736204660523038,0,sell
7,2545603.5221778373,2,3825928.0926808035,4.567400288443603,0,buy
7,41001546.377981715,2,43851921.69368987,3.9514968698969906,1,sell
2,3298794.1539043,3,12666628.266571999,6.544804189117252,0,sell
2,1935917.5975200185,1,45484279.561524294,7.598816553176526,0,buy
3,6062744.339833566,3,36791465.944001615,6.003944844645099,1,buy
1,3324549.9671116034,3,34098657.366771184,7.222029418035628,1,buy
7,1147451.958579525,2,3138733.2478040317,4.819972386224218,1,sell
10,3540087.7822753415,1,6358920.967628464,3.499100228791254,1,buy
1,8402803.954893576,3,9751114.570244594,7.062715493070678,1,sell
10,8656508.724756116,1,29674652.515738823,3.0001575987656763,1,sell
1,4034436.7561909463,1,5348498.591204785,7.862689833676734,0,buy
3,5753789.451885988,1,14580710.585070629,6.831016624028846,0,sell
7,43690396.06580748,1,46327535.92028951,4.610170055448975,1,buy
7,4376266.326512974,3,6968098.221069079,4.084957078171178,0,buy
5,2746120.6254929355,1,50964449.1288829,5.7955453249602575,1,sell
10,2592048.9865742796,3,21900444.749511037,2.506676820151959,0,buy
1,5994160.204228478,1,32414285.03079827,7.776846411643419,0,buy
1,19516500.64867748,1,28887403.281032246,7.91310424450967,0,buy
30,2238554.8812895715,3,32426054.848933376,-7.2955480812757285,1,buy
30,16035143.255576566,2,28528210.11273582,-7.174374911957937,1,buy
2,1086257.8187537412,3,41592386.9928648,6.639900216978502,0,buy
5,5149375.512455538,1,8155353.65769567,5.958994676937981,1,sell
20,20805179.792310804,3,31071860.39467587,-2.6972614498802026,1,buy
30,3762678.6688544173,1,18639579.19741652,-6.452778007415083,1,sell
20,9073449.484652849,3,13724903.103536751,-2.6625190311835754,1,buy
2,2229736.627974697,3,33461569.69315447,6.667626706273057,0,buy
2,18223337.265354034,3,64424848.80471681,6.303660151207506,0,sell
2,1226932.3806193913,2,8127734.193576859,7.232139805108114,1,sell
10,28083056.974954892,3,32692906.559754282,2.3864689555970617,1,buy
10,2171349.4123080587,3,8507250.43927947,2.618113785579966,0,buy
3,30589757.04849376,2,58694146.34537327,6.255863826302579,0,sell
3,3971335.761865441,2,16463321.901795782,6.630362880286981,0,sell
2,16897315.59853573,1,18088741.172313586,7.264487101963093,1,sell
5,3486215.3081316105,1,11825531.00704687,5.851092072375198,0,sell
1,34603239.28917078,3,35673260.507144734,6.714056512859102,0,buy
10,1641166.6294639814,1,22664822.671283957,3.5027470643813032,0,sell
5,2010480.0462954505,3,5622854.021460389,5.2875685363496405,1,buy
7,6880870.650595214,2,13218495.879944615,4.447087674199681,1,sell
10,1377878.5841947796,2,24125193.761365358,3.0250341238346583,1,buy
10,2152605.547931733,3,3351870.5151409833,2.6808143841255525,1,sell
3,40126453.25402211,1,41985786.83653048,6.697305221180644,0,buy
1,45606489.45357517,1,50350249.8221922,7.6126913579570665,0,sell
1,4357659.722451313,1,6815965.807177246,7.814162768428778,0,sell
30,37036953.400795266,3,40787412.09590909,-7.907565734584014,1,sell
20,8426374.978846762,1,58070623.23944381,-1.7767931017280407,1,sell
20,2872660.8682337953,2,28128067.802328568,-1.9621834409061174,1,buy
20,15608255.232371949,2,47356715.690765634,-2.2625714483452715,1,sell
20,13166016.807638422,2,52252600.64913625,-2.2935102465668464,1,sell
7,47917510.61096499,2,51712755.7619075,4.165115566934079,1,sell
7,2820378.471993482,2,6017247.471862916,4.301972909750852,1,buy
10,13861458.726270285,2,16359877.036269216,2.908900838749675,1,buy
2,1225707.3752294267,2,26950017.247363485,7.2442794351014745,1,sell
3,1559844.1584742796,2,15833598.906030804,6.674509417714694,0,buy
3,1015446.8612038025,2,3534568.358879528,6.757227400093638,0,buy
20,49894619.80105198,3,54264818.7440105,-2.8280769644825003,1,buy
10,23069540.627931736,3,30328729.3594743,2.315924204040215,1,sell
30,21707949.55796568,2,29601894.90722246,-7.125051289794118,1,buy
5,7345296.18111029,2,39698832.18759306,5.378952610881359,1,buy
2,3234483.746665051,2,7666184.675341528,7.058380652617854,0,sell
10,1807147.0038165294,1,36765831.04730803,3.561934999807637,1,sell
2,3045466.609738926,3,8667200.005845593,6.639732071292453,0,sell
2,4352751.045970967,2,22890832.5198626,6.953010807357905,0,buy
2,19272948.847744845,3,57333422.2718911,6.171551589705487,0,sell
10,8257891.869429814,2,43087123.83091114,2.957776925583456,1,buy
20,1354073.8696731282,1,2603645.6627488397,-1.3387078205936893,1,buy
3,1073076.6515954675,2,3309146.816075163,6.696449579605331,0,sell
3,1492310.8737993275,3,7952541.359737041,6.362932227782284,0,sell
20,4982244.098286661,3,10392250.685124587,-2.4083084311414,1,sell
2,38500535.87385715,3,50770850.948281124,6.044006018383358,0,sell
5,12103966.032851499,3,52378668.4501179,4.8121010988289425,1,sell
1,23029162.939853895,2,24581450.699066006,7.170003594470851,0,sell
10,6199496.895360967,1,12056754.410466999,3.2591714055133054,0,buy
1,4115852.7312092036,1,6238611.198484109,7.890425545897824,0,sell
30,1528160.5418246936,2,34569830.610923335,-6.9568333301558924,1,buy
20,30773998.657374967,2,74304413.14643708,-2.155212761646352,1,buy
5,21407472.653450172,3,27913259.02750966,4.614830720508788,0,buy
10,1930312.4199364951,2,3432452.298955758,3.091039520166958,0,buy
20,7418486.871112435,1,29005476.52244496,-1.782301317429928,1,buy
2,6730311.7219574675,2,22020831.30364749,6.777268829451929,1,buy
3,11534845.927835356,2,15539593.030216742,6.383913355099275,0,sell
1,40508219.1998474,1,72695084.305467,7.4311400923156095,1,buy
7,9660826.640027784,1,55150111.57371111,4.756173544336191,1,buy
7,8275856.12865277,2,17142861.1922973,4.2807518563354625,1,buy
5,1217579.01267236,3,10361969.264052242,5.079359605529941,0,sell
2,1279021.7058363883,3,4481354.929237373,6.739975114574412,0,buy
30,2081117.3930455635,3,11922547.726370944,-7.281834052769146,1,buy
1,1135446.9998425613,1,6719366.069244033,8.020723330317978,0,sell
2,18320371.338723093,1,21581842.106429067,7.285627646378112,0,sell
1,16940120.283300396,3,18240725.925280053,6.895581623328549,0,sell
5,1702767.9266280122,2,4390234.514171676,5.690809553552174,0,buy
5,26331340.77764184,2,28499789.29150696,5.132639723719638,1,sell
30,1832216.6706004227,2,10167360.011163574,-6.956014007954296,0,sell
7,3248540.5209649918,1,13773473.026958032,4.885384659905232,1,sell
2,2648526.260900181,1,13461498.92539837,7.415301054311547,0,buy
10,4290803.170734303,3,8856508.482628454,2.530397700740781,1,sell
7,2708108.7439826834,2,7903959.672567699,4.436249384912054,0,buy
2,6771937.755324404,1,32914374.654616345,7.385683704837475,0,buy
7,4922364.499819216,1,11365618.695760168,4.708850844862841,0,sell
10,47440796.50971232,3,95105540.24063924,2.2706445663426704,1,buy
3,1244563.8762062255,2,6827934.884739899,6.749416060927435,1,buy
3,1744061.8954559688,1,14438647.843054337,6.985997175634362,0,buy
30,1229559.6685647813,1,2447329.5387292895,-6.178168780819538,1,sell
3,11568722.873349458,1,24451364.755168766,6.72541084411983,1,buy
3,1237683.5742060044,1,29198374.894161534,7.038028674419224,0,sell
20,26368536.37125081,2,66290105.040310174,-2.32654145234676,1,buy
1,7409149.834911682,3,56887795.53627527,7.101432474300237,0,sell
20,7859051.708578193,2,10874924.747526867,-2.142734206847969,1,buy
20,8997714.799171982,3,18493622.43132197,-2.47345102281165,1,buy
30,1950775.8177572067,1,7781954.343097284,-6.637688220592973,1,sell
20,2167054.806679506,2,11243357.840817986,-1.903956619869275,1,buy
3,3480655.7209894867,3,5332088.085870521,6.207386565839119,1,sell
10,10193717.838229682,3,38675846.44288345,2.4398223079234262,0,sell
30,2275012.5601381427,1,37376890.49249596,-6.6017010178812665,1,buy
30,1576319.0168440465,3,7383450.746456852,-7.298302461558301,1,sell
5,44483555.32532922,3,47478866.33723718,4.575493830477288,0,buy
30,1089799.0977216535,3,2824688.400468344,-7.121956567040216,1,sell
5,23107811.396808732,1,37618764.12475453,5.740420022113701,1,sell
30,21819665.14889057,2,25211795.47777969,-7.285507879389635,1,sell
1,3198584.76454576,1,38296292.084736675,8.07297528976616,1,buy
3,1699908.5270026375,3,15504706.880777022,6.292728806513399,0,buy
30,1767741.2755720718,3,14270331.569428973,-7.285541602360697,1,buy
3,15307892.2899446,2,24228766.493557565,6.416041403684566,0,buy
3,12362580.052652823,3,13558694.201255303,5.985594261322831,0,sell
7,21372799.98977547,2,59682457.077124424,4.34922751558268,1,buy
30,39151859.322447084,3,50815844.678211756,-7.623278711054068,1,buy
2,14981794.48819849,3,63833698.176937826,6.360931237668367,0,sell
7,1839869.7782396984,1,10023620.897879303,5.075393492421098,0,buy
2,2591801.3017804404,1,18678136.168498334,7.260724829524981,0,buy
3,26968816.394967377,2,28214759.906510793,6.078501067538476,0,sell
3,2267799.9666263973,1,14106412.727141459,7.024877123223713,0,buy
7,1328046.3762677896,2,21240132.12883211,4.692809430786021,1,buy
7,15662162.170564182,1,36684084.87526584,4.583043505968871,1,buy
2,4829255.731667908,2,25171393.77436717,6.920638480390515,0,buy
5,36569620.38026896,3,38993144.77873145,4.783621936985544,0,buy
2,12728108.270928167,2,58140330.6335533,6.809413212026069,0,sell
7,1424357.9079308144,1,50490800.48022681,5.022905230532413,1,buy
10,40773676.8089231,2,42117787.77501292,2.4902643272290526,1,buy
7,2749672.912186078,1,41743367.2491752,4.97991323785058,1,buy
10,3740364.3265089025,3,6843248.033073613,2.578716406276091,1,buy
1,4824234.129250574,1,19651906.431057215,8.075923213139118,0,buy
7,1221879.9629962333,3,4975413.603047395,4.409761468388234,0,buy
1,6975330.808439244,3,51049645.374983415,7.015536891060261,1,buy
5,1619997.7722373684,1,3107480.7707829624,5.83193119392457,1,buy
2,4799948.278286784,3,11808962.025008418,6.801891783319595,1,sell
10,3943169.173936944,1,9279470.671186231,3.4712555650481747,1,buy
2,20560426.527679592,2,24140599.96572522,6.68123904882128,0,buy
1,23150618.998913284,3,35645809.659349635,6.906691153919276,0,buy
10,1822400.7499621739,2,3492182.75709797,3.187494190845989,0,sell
2,4195265.710382321,2,20699217.70189781,6.914501973138958,0,buy
7,4308398.059546047,1,50652727.727448754,4.782920388007851,1,sell
3,1808180.5883881324,1,25084865.225326695,7.083340125277216,0,buy
1,22727337.16966223,3,51643633.48204081,6.928478901198898,0,buy
2,15905953.777290389,1,19989260.832787722,7.207778117197558,0,buy
1,2105973.704851853,2,5670260.151839991,7.61137633154221,0,buy
20,4198068.518699011,2,11756812.667180285,-1.884637465101739,1,sell
1,1512723.5343802467,2,2708605.0326560885,7.621515193764633,0,sell
10,11676270.96805106,3,52053370.071213685,2.134204206383255,1,buy
20,1607708.3196447715,1,3362747.0138918525,-1.4193875100126503,1,buy
30,47323033.80081599,2,81536105.46431984,-7.276285902693331,1,buy
10,21200955.175355345,3,22587722.780753396,2.3791162541911977,1,buy
3,4602603.785024838,1,29583906.206726473,6.73796219221687,0,sell
20,9615298.397954248,1,11427388.437706148,-1.811281506738017,1,buy
30,35346173.870217144,2,36507046.22394281,-7.360743888296436,1,sell
7,8737718.655525463,3,25425207.732178383,3.835284119587489,1,sell
1,1979099.7967195124,2,4972483.143861037,7.537654113579619,1,sell
2,4399523.498508723,2,20764204.040938564,7.112258823211829,1,buy
5,27069350.470688783,3,35840836.79098745,4.694669831402133,1,buy
1,12430786.016323945,2,13961381.728119764,7.283773990493278,1,sell
30,12751498.086809795,3,51092286.10413881,-7.518770865436118,1,sell
1,29696393.088820428,3,35564097.33191148,6.61894282792239,1,sell
3,33024283.914068624,2,50717382.39166415,6.299213673672617,1,buy
7,36534232.61887756,2,43633588.10921378,4.086354398538681,0,buy
5,1449258.7604745321,1,12085594.015264235,5.937783977011469,1,sell
20,8403375.224050822,1,11672287.39044835,-1.5877016712030763,1,buy
20,18117716.70006346,3,20307525.247261267,-2.557129347097911,1,buy
20,19319505.468012903,3,27671890.392599512,-2.756642771094966,1,buy
30,10734767.144722782,3,16331297.071198521,-7.602194967234575,1,sell
10,1920289.3777337284,1,6520636.976894228,3.5282863924283414,1,buy
10,22635682.933900673,2,36524699.322546475,2.688850121030738,1,buy
2,16728136.184100237,2,31626893.82736192,6.896370188145508,1,sell
5,1400690.206658171,1,2597477.027092211,6.134648931204676,0,sell
20,6137605.634336743,2,9900454.149663007,-2.378531213235295,1,buy
10,1975069.5034494693,2,6982046.771508543,3.012984739582132,1,sell
30,3744237.407145044,2,5205125.251577819,-7.056501073895374,1,sell
2,1073295.3141612057,1,3589746.4197706548,7.542108688490115,0,buy
7,4787937.12098391,3,6011814.377915497,4.104405940551214,1,sell
2,8594574.789071552,2,57864901.559138365,6.9835524418263875,0,sell
10,11288915.97202947,2,29128659.000811033,2.7641956521352213,1,buy
3,13404486.897721598,3,14812397.867530826,5.789218449117371,1,buy
30,26353230.210203845,2,27435668.356502973,-7.334170714743063,1,buy
3,2323084.550122207,2,18997414.727455642,6.3542120692044195,0,sell
20,1602119.8540586147,3,7176214.205367911,-2.2026022365934033,1,buy
3,27972811.104662754,1,49687019.83466378,6.576557235351297,1,sell
20,1845357.3323402982,1,38909852.39181491,-1.5354369341386382,1,buy
20,45298950.43250529,2,55726767.03607726,-2.3629809299450644,1,buy
10,27005186.397668265,2,29084364.047670275,2.6027081473927227,0,sell
3,7095358.267585648,3,28422085.03009311,5.964459584153671,1,sell
20,46494926.183893286,3,88557464.91302466,-2.856689200930939,1,buy
5,1463659.789721665,2,11141881.177245148,5.452181571717083,0,sell
7,3272650.5746993413,2,17683620.305135727,4.517490026113191,1,buy
2,12142948.05470206,1,15887151.030373547,7.468836403482911,0,sell
2,3932340.9948369437,1,8380743.8318341,7.392789935036091,1,buy
10,37781319.25845315,1,55488766.45471035,2.9656597619160285,1,buy
3,1292697.0428230087,1,38985225.12630451,7.066309433174702,1,sell
3,8578951.699388735,3,20290987.81632275,5.860872006862312,0,buy
20,10089370.371515317,1,32064320.822621234,-1.8141972631097838,1,buy
30,12851845.715915553,1,14808899.43288205,-6.834227271179357,1,sell
1,2718749.81384755,2,5010209.053768319,7.491119160784821,0,sell
20,4162818.0111545166,1,12177955.457692482,-1.648127765031564,0,buy
7,27126134.646763682,2,29121214.471137427,4.262871334303886,1,sell
5,2143887.129399497,2,14134394.96459334,5.54236658386126,0,buy
2,25399412.417586718,1,28529165.05193855,7.074269624995555,1,buy
20,9035135.837550078,1,31155393.25208765,-1.929332723622177,1,sell
1,19721217.33476905,2,43323566.94614365,7.110413584689287,0,buy
1,16307880.115581825,3,22444948.685506474,6.879979980940892,0,buy
20,2251934.768519634,2,4280513.395167815,-1.8103298182485865,1,buy
10,9255412.455344401,3,21811411.050424844,2.439881661489856,1,buy
2,29801327.399185847,3,78410179.43315767,6.2719832231251065,1,buy
10,5421912.751568085,1,16844467.822612062,3.1988478714573008,1,sell
5,43874150.94632729,1,45024368.85828724,5.437983160034376,0,sell
1,5865430.465122438,1,6935425.952495046,7.852497942306909,0,buy
1,1748189.5253855276,1,5249941.469183591,8.13460284352971,0,sell
7,4588152.454011283,2,6739104.9308641255,4.486445607029785,1,sell
5,41391755.070908986,3,65454746.30915954,4.71585666255168,0,sell
1,3492980.271968402,2,30738775.47046945,7.534009400753775,0,sell
5,29845079.1117141,3,32595413.728210375,4.678054590194497,0,buy
2,31420889.433023244,2,34995763.176547065,6.578103244243634,0,sell
3,3935105.6857139403,3,6454966.260845993,6.066791115853585,0,sell
1,1385007.9416582517,1,36324348.22268252,7.934520989449659,0,sell
7,17021669.50983439,3,24166404.78765624,3.935274531452852,0,sell
2,3382595.384982337,1,16406978.320987355,7.506994200242099,0,sell
20,21387682.890646998,3,26468009.138325173,-2.696985521622919,1,sell
5,5650115.287735553,2,17455338.06440007,5.509974466895268,1,buy
20,6675036.415743363,3,11199391.80007895,-2.34242237243154,1,sell
10,20972236.578684732,2,24748858.214432195,2.7735556429026653,1,sell
2,4462968.589061729,2,16429343.702387486,7.0602750151604425,0,sell
20,5660568.728518677,1,15757670.677852996,-1.6734781555749603,1,sell
30,4356485.996316193,3,7509277.050393259,-7.335685784888345,1,buy
30,4208240.162273932,2,6001893.612599767,-7.032907221412955,1,buy
1,7826497.629498697,3,12055137.955949735,6.914742615599499,0,sell
5,23666061.87965723,1,28740738.060301967,5.684063950558617,0,sell
3,4117499.076882646,1,15815612.413369894,6.904916634854148,0,sell
2,7774868.365564281,3,43564476.02682724,6.563426249535697,1,sell
1,13789407.534968954,2,14941472.277024513,7.223458216399633,1,buy
7,2869257.5775015065,2,5463274.180958411,4.57008584460982,1,sell
10,2961439.883860728,2,5095062.348291026,3.127711196796586,0,buy
5,38533717.08540516,3,45668538.93651989,4.695333209681561,1,buy
2,16953662.65109847,2,22324583.868132565,6.845982074909953,0,sell
30,9563631.852536626,2,26886230.966757953,-6.989030321724504,1,sell
2,12602506.893518409,2,15183919.127675584,6.752472419602946,0,buy
3,1121447.3137156523,1,11355199.378824921,7.108985606302193,0,sell
30,11223760.686674394,2,42966688.31676972,-6.99540176198281,1,buy
3,7339057.537691433,3,42593525.399942204,5.850741727410604,0,sell
7,8456922.210352514,3,51011499.81176269,4.013017944531906,1,sell
10,4079907.347700069,2,24674229.5414193,3.053629928975737,1,sell
7,1375376.8443612156,3,35988937.50624566,4.253175027976196,0,sell
1,2130480.4757280517,3,4633480.861790498,7.407724798155378,1,buy
1,41236970.259156205,2,43403098.16773336,7.178638125975919,0,sell
7,4947300.57730843,1,5973006.964033309,4.989263336643621,1,sell
10,6206984.820332262,2,22089064.151861876,3.0033533358381588,1,sell
7,1229001.3272396498,3,40378718.787586614,4.4178220833428625,0,buy
10,1158307.576751277,3,3236077.9240066763,2.7950798121924514,1,sell
10,16537496.534932531,2,28619752.41643687,2.6391735212059517,1,buy
20,8207420.672813676,3,26751818.707440227,-2.4682211959193516,1,buy
30,7316042.30653391,1,44985447.36473342,-6.873820280026225,1,sell
5,2588578.170871395,2,15148765.524911994,5.520747094203886,0,buy
10,18420828.2668947,3,62935169.16088227,2.3065136801477,1,sell
3,1931207.3317487123,1,5782347.519024168,6.960266675591076,1,sell
10,2102293.910156715,3,6033430.034905458,2.812459962638969,1,sell
10,6063678.403409585,1,14430528.084057365,3.321027587890518,0,buy
10,3064650.1109431423,3,7547541.248783449,2.833809443730731,1,buy
20,2632886.770432266,2,3638479.835402568,-1.9549517586025669,1,buy
30,12480713.208943365,3,29989607.497359328,-7.800899020222608,1,sell
20,12763843.44747066,2,31693585.899284214,-2.249803425316358,1,sell
1,25166902.676712893,1,43748688.386350185,7.690351561127239,0,buy
20,5124769.372697764,1,8981148.85408281,-1.7853955379972994,1,buy
3,1330973.4042704832,3,9046297.04968555,6.220552171164831,0,sell
3,2917097.729128243,2,7005787.9707728755,6.617438045783095,0,buy
20,46238090.00872014,2,47302834.40391532,-2.419549137649331,1,sell
30,10304464.660414247,1,19332305.215400077,-6.813235000155485,1,sell
7,16062828.33517799,1,17685630.802708294,4.799583078590799,0,buy
5,1029202.2615039797,3,2396892.693553128,5.272894802919625,1,sell
30,7593045.372954906,1,26804942.656632524,-6.815148766384999,1,sell
20,1158137.3382312024,1,2196025.964533605,-1.3391554453949572,1,buy
10,9270540.507823002,2,51862397.89234774,2.9721411355326905,0,buy
2,36674318.67559568,2,44180229.6351917,6.665595414924175,1,buy
5,44189089.61900284,2,90975037.16091934,5.060989808567588,0,sell
5,8286722.223589354,1,9541411.354908975,5.686936458247033,0,sell
3,6004491.300841563,3,15808398.691172324,5.969716584059006,1,buy
5,40323265.62726013,3,44245162.37562205,4.606934175919453,1,sell
20,13945782.871602705,1,41050910.36983994,-1.8534213917610334,1,buy
10,1289026.747843349,3,5397747.182715604,2.8159891908256967,1,sell
10,6183776.53138547,1,8954292.025658844,3.394231654293961,1,sell
1,2559582.192639855,3,31198528.818470646,7.158563658853781,0,sell
10,6283237.1257489845,1,10613600.73799109,3.356361528655616,1,sell
30,5940491.035514083,2,7008560.024149397,-7.096792752763388,1,sell
10,9750941.662366768,3,14354455.737615203,2.3776656172000994,1,buy
3,4037777.2943441453,2,16980144.04088686,6.451695512196932,0,buy
10,1901474.7653560645,2,4606362.388904202,3.2138677902547634,0,sell
1,7174707.658797681,3,12593892.466337606,6.770128432262567,1,buy
2,25732963.145804692,1,26981373.375612743,6.987255881078001,0,buy
20,13431881.695639966,2,23412375.11310573,-2.2457355577146965,1,sell
3,3757308.496949129,2,23029113.382770628,6.385860262807525,0,sell
30,38853089.09899721,1,43890479.89403583,-6.917500359654473,1,sell
2,35466089.13972682,1,40641712.18512716,6.8993349275429665,0,buy
3,2268175.4789423025,3,3680678.277675981,6.29472688126555,1,buy
7,1166727.1248788182,3,3370117.6189537984,4.471978255493185,0,buy
5,18174449.26536537,1,20005872.419016395,5.680094388395494,1,sell
7,25473288.20929017,2,32055518.464289557,4.141543431372034,1,sell
10,44093326.66178962,1,52021794.86303563,3.11196415466456,0,sell
2,32494162.075054243,3,73441042.37960835,6.237809761803685,0,sell
10,10478293.469805874,2,11810029.4367502,2.7542226724607244,1,sell
5,7953220.5326283565,2,18404216.807785314,5.387236925590393,1,buy
3,1115067.379392326,3,8958482.575285314,6.125612731113113,1,buy
5,2624592.6275453987,2,10159268.050923245,5.478008847776823,1,buy
1,6037702.038867215,1,36479579.83845214,7.747655797024111,0,sell
5,11689859.026981348,3,13924479.104349561,4.913438547891108,0,sell
1,8846146.95373698,2,10019078.238546152,7.206687880754826,1,buy
5,18269062.880896185,3,32142022.630668,4.761756464212872,1,buy
20,2987553.036155631,2,6845996.830874614,-2.0192076987179144,1,sell
1,9116697.279693555,1,10187932.245830588,7.80843475215437,1,buy
2,1411727.9970933958,3,4085207.7429482955,6.7473714001229474,0,sell
10,5044351.209338311,2,8398149.282916728,3.1152865426071585,1,buy
30,18814849.710973717,1,29983222.4446247,-6.94056865340537,1,buy
10,15068403.83938585,1,17032750.2936123,3.272283560654141,1,buy
7,48202803.245120786,1,53235108.154749855,4.593864167156726,0,buy
10,2965710.040671175,2,9568254.098822517,3.0513050123168215,1,sell
3,7021156.860662804,2,13049952.36323563,6.415251292139998,1,sell
20,3629629.4372806344,1,48783621.11128992,-1.571319316183832,1,sell
5,5604946.539421085,1,6799788.140357513,5.741712168063778,1,buy
7,28571468.71605568,1,69844505.43589282,4.681878513554869,1,sell
3,14536193.498214247,1,24279219.710974693,6.696961203628359,0,buy
3,31567567.275416456,1,54053842.36387965,6.450285132663209,0,sell
1,2216967.2042066795,2,7602443.864774723,7.697010383755756,0,buy
10,30465923.144360732,3,36368707.90101872,2.265119783694578,1,sell
2,1263380.9126465528,3,32448639.233242113,6.76944214372888,0,sell
30,32337282.69806218,3,65615943.03521837,-7.984209460955583,1,buy
2,3623151.3859448107,2,6167199.085937305,6.994308657452265,0,sell
7,3423536.424727581,3,5603784.819067338,4.238160207528141,0,buy
20,7413497.259868487,3,14381184.938334534,-2.5700035645170134,1,buy
2,39646459.70143621,3,73495289.93415108,6.106790364877199,1,buy
5,1205533.006107962,3,4734695.331944071,5.316924568031709,0,sell
2,3966704.6129801874,1,16782727.4864343,7.21438041727781,0,sell
7,28529234.273895692,2,44492747.48448069,4.2461645257985765,1,sell
30,4708522.794668274,3,25743638.188104294,-7.457991014684674,1,sell
2,2179523.6965096095,1,11259625.938767828,7.488665010455949,0,sell
5,5268810.418011358,3,10096721.64564668,5.281589574312057,0,buy
1,4518997.854409301,3,48466192.64476283,7.0937120436638725,0,sell
20,35914073.55409085,3,46844386.90701483,-2.88308675456432,1,sell
7,19701697.637697216,3,36992312.63956292,3.854324068945574,1,sell
1,7214000.663607446,3,11069809.611607525,7.071234621498649,0,buy
1,47776237.61672744,1,61523732.38102002,7.305074450939507,0,buy
1,6172947.300388535,3,8914461.47197801,7.019555210255525,0,buy
3,1255868.963217802,1,3864497.921388451,6.891943236545678,0,buy
20,2789948.6221767,3,19169106.99916684,-2.3548913250960295,1,sell
30,5506436.884766137,2,13194802.315636273,-6.90718800132099,1,buy
10,1847450.6750530559,1,16330715.299616959,3.4624184644196245,1,sell
20,40727216.267275736,3,43596463.11906673,-2.7606676079050088,1,sell
3,20084141.62840647,1,30488444.76911772,6.6678681814439695,0,sell
10,2856353.1823953544,3,8534805.126433829,2.673287073331885,0,buy
20,10086934.03890817,3,20419724.469550215,-2.5396721309773405,1,sell
1,16815913.998568077,1,19936211.044603635,7.466295366951066,0,buy
7,39737877.43537205,3,56163798.32356259,3.7536930102805335,0,buy
10,31468208.064142335,3,54870037.98766409,2.2075698356190085,0,buy
5,7504057.24948386,3,10268389.832080256,4.876809086597163,0,buy
5,20706732.104663268,3,23948226.7899919,4.8551348686485145,1,buy
2,9017103.920049414,3,22299648.203117188,6.4766310984445195,0,buy
10,8690151.153180037,3,23887867.92380326,2.2912254548165576,1,buy
7,1566545.9763480816,1,17279008.10237339,4.991219223309198,1,sell
30,1637963.0382576562,2,16088509.864001678,-6.741504823606661,1,buy
3,7937097.736872518,3,12586193.89183027,5.856465741209989,1,sell
1,2862778.1922761393,1,7549234.246424748,7.955401998886146,0,buy
2,1085778.0712950665,2,3795517.3032350307,7.066828439791517,1,sell
5,16907606.254098017,1,18754558.86217081,5.830339891484513,0,sell
3,1135517.2949963822,2,16155457.138572594,6.750309048252716,0,sell
3,10264965.576654889,2,11704841.109850885,6.2598964799336985,0,sell
1,8242787.099899852,2,47442326.6369247,7.397863562662613,0,buy
30,44257522.52352487,1,69638902.62262806,-7.1183344694461175,1,sell
30,6647580.412126455,2,35281218.45377649,-7.271782216149583,1,buy
10,1282498.697269776,3,35988383.41837878,2.752351995209349,1,buy
5,8655682.328661438,3,13601152.524219988,4.893224722673364,1,buy
30,26853269.14012762,2,54301801.71618343,-7.284826044114878,1,sell
7,49387498.87969714,2,51243342.627119556,3.934281476698668,0,buy
30,5384435.062857501,3,6472785.5096333865,-7.513832646616968,1,sell
3,3500885.894762315,1,25053846.553889345,7.060884402191422,0,buy
1,34703777.948519126,1,36043692.986811064,7.699080071592358,0,sell
7,2113073.681423316,3,49918121.65256019,4.352551867184228,1,buy
10,11106961.499089684,1,25117631.14031907,3.456712485559957,0,sell
5,4889862.385322268,1,23948351.019158337,5.8161706807721565,0,sell
10,1174350.4154658816,2,3790203.6802593553,2.8973912494311085,1,buy
3,3890744.396938648,1,17850476.733835973,7.002021183635758,1,buy
7,2822378.8176735183,3,4006590.597820968,4.029205389305136,1,sell
7,14643614.615843125,1,41155509.36861685,4.894302810998809,1,sell
7,40922918.24097391,2,42864636.64099111,4.139010117625208,0,sell
3,2853672.5066252872,3,18157160.877001826,6.302738233454619,0,sell
3,23914223.850085627,3,26320722.587471087,5.797685187958736,0,sell
10,1241808.6150058252,3,2548881.7292545876,2.698830176894009,1,sell
2,8208266.621113496,2,14785500.984412927,6.949870793754511,0,buy
10,1317839.2614970873,3,3256992.7836886346,2.806594440968393,1,buy
5,38627271.754233554,2,55977430.63085164,5.025049146189821,0,sell
1,20045082.058091007,2,22577977.380484298,7.23672736132451,0,buy
7,13117079.885642761,1,16935208.911095798,4.647647022611395,0,sell
2,25105867.882751036,3,34311683.39391536,6.326085237864881,0,buy
1,12592637.738814557,1,15641603.5587818,7.708014175008689,0,sell
2,44279985.161158964,1,48667215.85414367,7.032278974150817,0,sell
30,16330261.444950014,2,40636453.42882298,-7.2268245443730095,1,buy
30,37236361.84626357,1,39252276.579477824,-6.990052770064496,1,buy
20,7561214.749135538,1,8940512.52161852,-1.6743148714129124,1,buy
30,1580843.6760373295,1,5193860.864153619,-6.546083659499588,1,sell
10,7895108.552684455,3,13155322.369601838,2.6479379472947655,1,buy
30,1642680.6040681915,1,9997976.658545384,-6.477716275815575,1,sell
3,10153801.030045187,2,14446561.821995482,6.42872671594302,1,buy
7,6602999.085690695,3,28583434.174271777,3.957045436846582,0,buy
10,11421862.46501666,2,12588141.933192486,2.784016390118051,1,buy
1,1040086.6437920575,3,6454608.314524511,7.386191595960378,0,sell
20,2143029.507712916,3,6604123.0824104175,-2.2409290186824826,1,sell
20,6835269.869795925,3,19430799.42576689,-2.5070697319216357,1,buy
20,41198086.029349945,2,85018287.288682,-2.5487882879872927,1,sell
1,4484770.801944605,1,11848749.216369227,7.817429637724244,0,sell
1,5260116.257974936,3,52757989.14729455,7.036536892021848,0,buy
1,16377485.26778261,2,19639700.834644638,7.202943749736529,1,buy
1,10612697.45139726,3,11741047.96593054,6.810505842759607,0,buy
20,3220079.2662744503,1,5131942.195492419,-1.4939546023141785,1,buy
20,4988439.774679061,3,9679870.709304359,-2.464543943111404,1,sell
2,2343502.5380726852,2,5790506.821344797,7.250269100870106,0,buy
10,43776545.00822568,3,45238358.80785041,2.203626047404844,0,sell
7,1667031.8436442213,2,7100492.729628634,4.639363766165199,1,buy
30,4282915.869236388,1,8036520.740486262,-6.681981209076419,1,buy
30,1106368.0834678544,1,2721940.3060981473,-6.26439878112614,1,buy
3,2381204.553523348,3,5566092.246769261,6.136696401410855,1,buy
20,21183467.624409862,1,53248247.941127844,-1.8885746457307206,1,buy
3,2196800.8365523135,2,5456458.278035519,6.484068608176937,1,buy
10,1367808.5664273382,3,17697908.728270967,2.789922189759451,0,sell
10,6398552.254554109,2,17359538.41950825,2.8823416011598644,1,sell
3,1039770.354331778,3,6358010.956763689,6.197089673142831,0,sell
20,1393205.4149439384,2,3940606.8386595603,-1.8557135269544291,1,sell
3,23557658.78775539,3,27793551.048343487,5.887874250318541,1,sell
30,20450789.19456358,2,30589258.602216143,-7.09806945159902,1,sell
2,35875123.571813315,2,39818962.69376156,6.674499351325531,0,sell
30,28300629.374295827,3,30618571.533985022,-7.767767370019186,1,buy
5,14477540.537385276,2,16054667.719613167,5.3357641828191245,1,sell
20,1227190.415690259,1,32466227.47458249,-1.4454413863551556,1,buy
20,21381408.93998684,2,26979997.318671845,-2.264078664530608,1,sell
7,27321057.54061889,3,38861173.82705568,3.7924843629675937,0,sell
1,22783298.315033413,1,29594009.961162835,7.666688353043529,0,buy
5,7309549.7919966,1,37680916.91389187,5.854428345669292,0,buy
10,2487099.9445454497,2,10983323.058792276,3.0553162253503205,1,buy
20,27301736.604994223,2,33860669.80380641,-1.9554012483138772,1,buy
3,17196014.474930905,2,54423983.91253957,6.35556050266736,1,buy
5,46374988.68970998,1,63075548.76823753,5.303617381080202,0,sell
7,1838726.153888677,1,3385831.7127084807,4.9718992001180595,0,buy
10,2417671.8711756216,1,4421749.54200241,3.4626620427145807,1,buy
1,2290016.985628257,3,24031949.023194008,7.233842341625676,1,buy
1,22207582.922729433,3,48515491.42720001,7.007884679066539,0,sell
7,2077542.3728058646,2,10515995.94477309,4.515914853022718,0,buy
7,1297935.321654681,3,10047829.504385425,4.375097215202594,1,buy
3,49719283.0944452,3,61567013.100531384,5.721224818015201,0,buy
20,1101954.5890290164,2,6674383.399471065,-1.78197771838692,1,sell
1,26245485.111405723,2,40555428.24032656,7.318284451473875,0,buy
10,4175873.2143320404,1,5704517.378411364,3.2144087622092714,1,sell
5,26907876.227068763,1,69879780.39864694,5.648515212972693,1,sell
10,8755552.940904032,2,27569960.35813683,3.0324746974176335,1,buy
2,34028626.02055775,2,45841240.76415105,6.55322746147987,1,sell
2,37460545.919956006,3,40907390.38314234,6.244517054487886,1,sell
7,1036233.2823245696,3,2913208.5289426213,4.362375467810414,1,sell
3,1343145.3873934257,3,6302914.01311597,6.059079441965487,0,sell
2,2662882.305614825,2,15967397.008633038,7.083381919098143,0,sell
1,13713452.792689247,2,25643820.945349053,7.272334497020199,0,sell
10,32295931.6709265,1,36763753.49168116,3.2072173430307993,1,buy
10,6045435.319489092,3,17059691.84680772,2.450087498655414,1,sell
7,10745561.596157195,1,34874262.79166538,4.731611311074528,1,sell
20,2090526.1080863336,2,3198825.359183551,-1.9935905775115472,0,buy
20,23313877.234724954,3,29142844.86736854,-2.694883614260898,1,sell
5,44000888.43469976,1,63443857.25857811,5.4478316423999775,0,buy
7,2859838.6432477995,2,11329832.071175264,4.500285263352673,1,buy
30,6929381.131111863,1,19718432.504802857,-6.8115317812871625,1,sell
5,1400582.4774826341,3,8948335.712694982,5.178727735280589,0,sell
30,8911614.832364185,1,57347261.17353433,-6.810552425093701,1,sell
20,7148484.607619577,1,8386711.842417777,-1.7475346386412367,1,buy
7,1759516.1365511043,2,8587153.132424314,4.6016810288557135,0,sell
30,5637119.429796612,3,7067046.786127486,-7.755725067186984,1,buy
7,3695164.5449069496,1,5563568.926829016,4.913827994562055,0,sell
7,7701494.409130692,2,12176263.894709226,4.510814164671009,0,sell
20,9885739.19634076,3,11723368.678707426,-2.4760002991006056,1,sell
5,1033793.3477003778,2,44412399.04405534,5.608213515971247,0,buy
5,19630272.942889396,3,60234143.169903636,4.94567078344936,0,buy
7,16270087.723703826,2,19994349.563425306,4.191314899149118,1,sell
2,4190922.0501035675,2,16406448.069277093,7.0095154594996805,0,buy
3,1230089.090127234,2,9299296.55098157,6.426582572955764,1,sell
20,19169365.600968555,1,43472249.70482872,-1.7920090758177292,1,buy
3,41957919.61082271,1,53599482.01267333,6.5273972864011975,0,buy
3,2558646.9111523833,2,3559635.0067724306,6.569774081991647,0,sell
5,3545345.9088262753,3,23342847.622425873,5.107626155593038,1,sell
5,2052544.5192132178,2,20625138.12535762,5.776533956885142,1,buy
2,9554262.47319305,1,16899461.82609758,7.341216228052058,0,buy
3,1832613.5145666783,3,36033097.49097051,6.278690586844997,0,buy
3,4028680.492848104,1,38976722.89943803,6.941811824271619,0,sell
7,15282844.81793859,2,23047286.344120234,4.482370386846957,1,sell
5,8945822.032103045,1,19734140.737988073,5.738732175600651,1,buy
3,4535115.003709305,1,53859435.254528835,6.729260242311046,0,sell
10,5175966.6309248125,1,8394711.9561438,3.5195474959653557,1,buy
2,9015909.18847538,2,12576441.71536199,6.815215778899682,0,sell
30,1023208.1642811046,1,3067426.9650766063,-6.353954569229599,1,sell
10,1359520.9724249854,2,34629387.418851405,3.205026985110626,0,buy
10,31421797.33763505,2,49823730.2513437,2.597849902861162,1,sell
30,1356169.79192672,1,2867933.9041307196,-6.588095162244768,1,buy
20,15879546.995730018,3,62437436.03374225,-2.5174898485019535,1,sell
20,36569350.21923196,1,54022829.568456516,-1.8251788642781381,1,buy
2,2883256.7961069816,1,30745209.601148296,7.500921078096864,0,sell
10,4260433.966191782,1,5467710.4646585975,3.417919997724769,1,sell
3,9259347.92715729,3,16468985.85327211,5.81880703220949,0,sell
5,31477272.368913814,3,46855190.13710674,4.737793818062771,0,buy
2,39835414.424452566,2,48200106.55733785,6.756223220150973,0,buy
7,18050771.75871653,3,31621840.417655885,3.778240374731901,1,sell
30,1403344.7539339056,3,25924645.359653868,-7.238691922148233,1,sell
10,13704804.305994932,1,18029817.54787137,3.244623563656559,0,buy
2,4978445.029362551,2,32639110.447625108,7.0052819938925985,1,buy
1,6305316.325183267,2,8196743.2857641615,7.31512166837207,0,sell
1,1211997.2682314012,3,4097538.4848460914,7.258739328725367,0,sell
20,2111586.3393054917,3,3296380.508171183,-2.2300526349558805,1,buy
30,22032252.85807342,1,26192797.834902428,-6.688404457713475,1,buy
5,5905578.415703023,3,10325910.738134269,5.006042075085614,1,buy
3,3254730.996659623,3,26596329.2581413,6.160119040456474,0,sell
5,4491970.4202681,2,17364070.79694999,5.353621361277563,0,sell
5,28287798.180024706,3,33808299.60761153,4.763095916984459,0,buy
5,18729529.33366157,1,31550534.910372354,5.600602877903942,1,buy
30,2901721.258999503,2,4131076.3080768147,-6.769596335589274,1,sell
5,1583551.1717787692,2,3607856.099624009,5.702811796725582,0,sell
7,2680016.2029961906,3,14298931.892455263,4.158145268928301,1,sell
30,36672252.95810218,1,48965397.48827468,-7.1428259926415105,1,sell
7,9729756.920105869,2,30394573.95711872,4.38188750202377,1,buy
30,8060590.7634843625,1,12898798.397540342,-6.688241027082028,1,sell
20,10309909.110102102,1,27198668.04149564,-1.7805183431765688,1,sell
2,4186692.305328275,3,18709883.960962646,6.585052492390823,0,sell
1,23509891.12028208,1,66838670.25875695,7.795885540772446,0,buy
5,7745467.593844647,2,10065530.720182229,5.480904141261837,1,buy
20,1578887.4942478326,3,10234285.25600119,-2.3585852152876523,1,buy
2,1656829.3362737922,2,12185650.202763174,7.317797790007966,0,sell
1,8167846.85903512,1,57904069.83685517,7.6984591961339,0,sell
10,39012583.16284292,1,41209460.57164381,3.199662322224684,0,sell
3,3341034.848132265,3,11084435.338543914,6.0425794097639365,1,sell
7,30014033.533770863,3,33888023.16282398,3.7631368780595373,1,buy
10,19868975.85663122,2,27693832.30869642,2.530294037104128,1,sell
30,2636488.6569966907,2,5116076.692458641,-6.8959524987974055,1,buy
1,1152767.8116731762,1,2357504.129661945,7.881903437594762,0,sell
10,1489482.6490730601,3,10881773.473807292,2.759624359654378,0,sell
3,17285794.353062212,1,21006338.04041462,6.619442939214662,0,sell
20,2183900.741246867,1,4221472.835684002,-1.5621419955819373,1,sell
1,4273445.379205601,2,7824495.565178154,7.516636596993797,0,sell
10,7118227.011824384,2,8330849.40526113,2.9809394114180394,0,sell
7,17082390.962922394,2,58270594.156039946,4.3955970448508,0,buy
7,1557314.9467308277,3,11270303.470942736,4.115091689949683,1,buy
2,4902350.2161576515,2,29127560.193434633,6.925063329206078,1,buy
10,6669976.788097875,3,11904355.317934483,2.504185791268756,0,buy
5,8295622.086713828,1,42549088.223424494,5.835799383879202,1,buy
10,24568021.441399638,3,31192369.77076335,2.367235964655696,1,sell
20,1957384.3144963996,2,11400512.532665974,-1.9874777344915708,1,sell
1,23576612.479871795,3,30424288.748986524,6.93548718635999,0,buy
1,15037639.365389617,3,32650010.540825203,6.925284683808096,0,sell
20,8798483.817661684,2,17976137.774783567,-1.9546248907064951,1,sell
10,15433942.183072679,2,18327541.707481444,2.811991591315275,1,sell
20,5011939.03635517,1,6779064.146850606,-1.8474695143685658,1,sell
3,1718435.9404895077,3,12428378.845649125,6.13462222067454,0,buy
30,13524311.7491968,1,20302319.816252496,-6.815560385668663,1,sell
20,7787579.821907435,1,9243239.425117033,-1.799225605865205,1,buy
7,12197718.533666836,3,16898198.516611308,3.828261128209342,0,buy
20,3751887.3518162137,1,11243748.158761166,-1.4123603703284617,1,sell
1,34732745.39870683,3,60134680.43765722,6.630948076119953,0,sell
7,9952307.547090188,1,11299077.477223895,4.694645597547739,1,sell
1,1396677.893119399,1,5305835.16634619,8.055377291701657,0,buy
2,5810365.975903805,3,30794717.19391483,6.398582486643324,0,sell
5,19276414.200851806,2,31913670.982044183,5.229878061605753,1,buy
1,22346566.272179995,3,25455636.208165407,6.587133014325756,0,sell
7,6923178.942013583,2,34225465.20684631,4.348134164597099,1,buy
2,33124496.399040982,3,40012462.43071748,6.151293286428595,1,buy
1,2849447.4096521838,3,9875071.597287808,7.108722430107715,1,buy
3,4984193.22400455,2,50608113.10411182,6.44806351745338,0,buy
20,33627083.09394635,2,74282884.81119728,-2.204288249159714,1,buy
5,33320635.62863415,3,37386344.47415933,4.701222656071983,1,buy
1,14621954.421642674,3,16355118.673945695,7.102292035128528,0,buy
2,28799316.711271577,3,32374497.51299038,6.305837012751752,0,sell
3,1415217.263756991,2,2541870.179306321,6.552453579770992,0,buy
10,29484958.33926132,3,30569594.343329813,2.2945182333190024,1,sell
2,3505287.1761902273,2,8204014.5295637725,7.131180569693645,0,sell
20,2008999.785798785,1,41706618.145555355,-1.6137725947770738,1,sell
2,2550833.8521890435,2,32778873.68336752,7.25059965973667,0,buy
3,5129983.3773501385,1,12524776.58708521,6.902435127266706,0,buy
2,2671576.909255127,3,11798043.477983886,6.534881804879374,0,sell
3,3504569.7904744465,3,4528053.260728795,6.055438748058826,0,buy
1,1695603.8697939285,2,4019036.0472963713,7.577445783947991,0,buy
30,3185630.7928347457,1,4287399.665716903,-6.466877040770859,1,sell
3,9381948.288587056,3,28521864.539490547,5.838691854427687,0,sell
3,5632435.101366731,3,7400294.976095828,6.188833918455934,0,sell
5,3882082.6316625364,1,33838161.09560173,6.006129158165082,1,sell
3,18543844.48960084,3,30931488.376140177,6.018566044656728,1,sell
3,32964511.169095557,3,35417951.21575006,5.76977512788871,1,sell
10,19309107.006794233,2,21162476.83124629,2.8694150375392233,0,sell
30,3664875.5722984415,3,15314597.009848656,-7.4232721215150805,1,buy
1,18398605.740872875,1,52321664.787156604,7.755499417593944,0,buy
20,1812215.2105866335,3,18426148.57463415,-2.28243423848843,1,buy
5,1664969.7705374756,2,5574911.690030595,5.801916003506226,0,sell
10,3865538.19289431,3,13818380.18468112,2.619457058476841,1,buy
7,23564709.889853522,1,26937387.262396798,4.53091369525463,0,sell
30,2621430.105262318,3,52455360.791305,-7.196519208575728,1,sell
1,1280753.774306923,1,19998576.045753617,8.082898992522702,0,sell
1,1674058.18873944,2,12735607.944287872,7.567310220433744,0,buy
7,28772787.80766071,3,34010053.269855544,3.7263472612509796,0,sell
20,11933800.957902735,3,23159727.583137125,-2.6692767793479284,1,sell
3,2692657.9091364094,2,6498015.230946447,6.404835948398595,0,sell
10,8778715.016847173,1,9898257.288791034,3.2246000101491603,0,buy
2,7876657.353241315,1,12567420.976392489,7.303936439581225,0,buy
5,12988711.398277557,3,51082924.073471755,4.868617685596218,1,sell
2,2489881.396655423,1,14079436.740099128,7.081984839864901,0,sell
7,29416753.87897589,1,30805549.12501929,4.427650929911801,1,sell
1,3354346.3808102044,3,35238698.97811621,7.208386729101702,1,buy
20,15111544.666458268,1,17974471.861548945,-1.8279237619252386,1,sell
1,1065112.0315392867,1,3660229.7131585525,7.919729773325534,0,sell
5,4296682.723338896,3,7493726.952528058,5.040849700206277,0,buy
1,3958625.6188963447,3,13522839.634089004,7.101435519721119,0,buy
1,8382310.459990773,1,16804184.320908558,7.86944454297605,0,buy
5,1329158.3593456442,3,8166656.619341848,5.187720957592706,1,buy
10,21999332.485439766,1,38559838.70500381,3.189348732099057,1,buy
10,2344245.2771326997,1,5793999.149199355,3.4671120380982927,0,buy
5,14134060.282975135,1,35449984.30619271,5.65670922527685,1,sell
20,23154387.892628603,1,25139871.348674014,-1.794624294266475,1,buy
7,9007662.27514688,3,30370023.055202793,3.8683821433699013,0,buy
30,18144221.748005033,3,31565486.93024672,-7.5497956259274615,1,sell
1,13319282.106680568,2,27798677.398195684,7.188743235187937,1,sell
20,4018226.939758336,3,10596998.059014337,-2.470949953447584,1,sell
1,23671533.612657804,2,37261412.82989952,7.176245390107795,0,buy
30,3167296.987209683,1,4533681.052145828,-6.587905135170322,1,buy
7,9342726.024567572,3,37317063.19269105,3.7029010979730126,1,buy
10,18467512.434080962,1,19710231.849508543,3.163315383274884,0,buy
20,4403872.366746813,2,6193272.081065647,-2.2100879575630348,1,buy
3,3268835.63409101,3,12817627.20048178,6.135102844456844,0,sell
3,6031357.798354376,3,24071413.895430923,6.0518251649550585,0,sell
30,24529881.01075052,3,25877444.142767984,-7.593113752763087,1,buy
3,38010990.0849449,3,74684442.85090685,5.608515466149642,0,buy
10,8434908.35411529,1,53530095.26207003,3.2958828017231325,1,sell
30,13298762.855787428,3,24001409.03059274,-7.601649353410464,1,buy
10,34247966.490142964,2,40818765.68824922,2.601261491461143,1,sell
7,1470375.116955794,3,19650958.684647493,4.133386687421755,0,sell
1,2479102.837563893,2,6092113.908318669,7.568837001502913,0,sell
7,16010313.895068623,2,22897494.59452391,4.408351992683835,1,sell
7,25090951.561728865,1,61108414.171659775,4.581693151512376,1,sell
10,28580288.7351163,3,70617113.27109317,2.41115724126154,1,sell
30,5072880.618446364,2,42662040.567944676,-6.934468971990113,1,sell
30,1418357.84193555,3,4210203.422898824,-7.467527643342315,1,sell
3,5543417.625954676,1,8026310.181052325,6.7514080942095855,0,buy
2,2466102.637785528,1,5670328.098025402,7.406683377050152,1,sell
1,3124165.5734774983,3,8744657.683959238,7.257663384501389,1,sell
10,20514428.10721261,2,23932341.16022484,2.7346456041125853,1,sell
3,1343749.3082005682,1,5666660.515432921,7.183749537252331,0,sell
20,25470394.09153028,2,36805969.365944125,-2.3101890021028257,1,sell
2,5328401.582318719,2,25075725.632183824,7.075269333679743,0,buy
2,10296621.288420543,3,28066780.353534587,6.487595064940715,0,sell
10,1420091.9046196318,1,25612617.616507832,3.5366353400092803,1,buy
5,3742509.8738959385,3,4876685.567339447,5.215056445928743,1,sell
1,1420362.4120364417,3,2625671.0718435943,7.195719289613393,1,sell
2,43016388.22668161,3,64951405.065940194,6.425146779443859,0,buy
10,23524116.843208972,2,31572060.533828516,2.5694861980510764,1,buy
10,6038127.269134685,3,15637517.85798889,2.4811673392892444,0,sell
3,2398247.6218932183,1,3626658.0600913307,6.975917270057575,0,sell
20,38540045.60385217,2,41255049.70458969,-2.4342541128257063,1,buy
5,3849987.147860758,3,15999106.99169714,5.132678415574192,0,buy
1,1877187.789489446,1,30699197.460541148,7.991350335682494,0,sell
30,9053143.481920732,3,45188079.184600465,-7.504909949097281,1,buy
7,40127667.97051106,3,47210349.47853654,3.6448246919632763,1,buy
20,1015097.0102775601,3,9462911.32845623,-2.3039113442052415,1,buy
20,2538440.3702395028,2,28559581.328565337,-1.9457353595799463,0,buy
3,39300166.6244956,3,47492508.55023342,5.809840360543005,0,buy
30,1952854.6755615526,1,9505987.663327385,-6.318307034041372,1,sell
2,1557389.446888271,3,36048774.26950014,6.5493262002414045,0,sell
2,9305312.797630472,3,31287555.499250434,6.43818293573328,0,sell
3,29123717.12820552,2,64157493.54888916,6.227180688102128,0,sell
10,6465398.066897547,3,8813923.13183413,2.5502599019091186,0,sell
2,48947987.39114274,1,56726529.78200869,6.8811733928184085,0,sell
5,14252542.519614505,1,41250746.60643745,5.619809032937055,0,buy
1,1336137.1688409122,3,2880811.127452206,7.254173549116397,0,buy
20,48617431.51117848,1,71010167.7034502,-1.7273592224591612,1,buy
20,4931738.871142979,1,6977553.548295147,-1.5504260118896642,1,sell
5,3078139.4020990026,3,26681265.395810664,5.162601407600615,1,buy
30,8867883.906686686,1,19826891.693988375,-7.004056104185426,1,buy
2,3288588.0217293254,1,5418208.200864226,7.285671504025984,0,buy
20,1402454.2770452069,3,7773556.189211709,-2.3747624816125787,1,buy
7,1005603.3513601385,2,15411371.593064435,4.734944417780323,0,buy
30,5805352.979876947,2,17742404.43085579,-7.083370842388225,1,sell
1,26412277.533984967,3,31731892.15283096,6.734362227079776,1,sell
1,9383099.753387878,2,43111578.64486914,7.390055535088131,0,buy
20,49845186.92826158,2,57469714.961927466,-2.550595630457331,1,buy
3,3071452.8073176043,2,10306699.882840134,6.446410516238406,0,sell
30,2995606.350490313,2,4271345.5053735385,-6.974861833526656,1,sell
20,1868140.5232190178,3,38736590.77757266,-2.1089280000402972,1,buy
3,1899936.6274587929,2,3899410.518173361,6.69112632760531,0,buy
20,3051570.9525593542,2,10951838.261850644,-1.9280081817079102,1,sell
7,22233685.344953317,3,45420295.02528034,3.7842227012534324,0,sell
30,34582279.65919245,3,36905276.690997556,-7.74527064953278,1,buy
10,45356951.03841927,2,53227253.097845346,2.736554726901619,1,buy
1,2481150.765122433,1,5045141.439570557,8.14320045953279,0,sell
20,31426650.44013593,3,50956505.20804468,-2.752774527755144,1,buy
7,3611565.9552347404,3,12706482.46042448,4.148108120657741,0,sell
3,1554936.6513117596,2,30017716.341351893,6.723705576209529,0,buy
3,30070887.88790412,1,63170828.4589981,6.618864689534126,1,buy
1,12042714.564170415,3,24695283.945759162,6.7873998608459045,0,sell
5,1904902.9362368225,3,18982154.209146794,5.12666358478697,1,buy
20,5373662.833186784,3,13946182.210882157,-2.383835575688569,1,buy
30,3076395.781165095,1,7575570.785987607,-6.628703446163846,1,sell
2,17856316.35523134,3,30478453.960088417,6.537283413500342,0,sell
3,5893056.097978499,3,40819560.89176501,5.9971905697148085,0,sell
30,47946504.70356393,1,53050702.17152702,-7.126954375236011,1,buy
30,1238825.3472400482,3,4659983.915346201,-7.1293859902842245,1,sell
10,4010146.9575024745,1,8580425.895369094,3.3509924478099076,1,sell
30,6587701.753092483,1,12079663.627711112,-6.71722230902981,1,sell
30,7158282.235729325,1,8491736.061456084,-6.615088972264104,1,sell
10,3441640.356025703,2,10469737.176703254,2.911395093366722,1,buy
3,17336335.74470522,3,24251859.542365614,5.870668493268671,0,sell
30,30631554.652088787,3,40625763.31109682,-7.845984468174273,1,buy
5,39341954.932478845,3,43476429.728039645,4.744361722417289,0,buy
5,23325421.365829702,1,34331976.53945865,5.453072225980887,1,sell
7,27868284.88646576,2,58918396.70254278,4.105567879871473,1,sell
10,8617076.564954279,1,50623581.92593157,3.3595029263423877,1,sell
7,25302260.553784117,3,35109339.00404212,3.93419165415332,1,buy
10,3278264.8550785524,1,4459566.34916725,3.329416874087935,1,sell
20,4753390.175115696,2,49083916.38602493,-2.1286512597574747,1,sell
20,3454822.222567101,3,19275987.543675393,-2.379911291977086,1,sell
30,6224107.189667326,1,9946242.53859902,-6.761270544358632,1,buy
2,3056266.3643244132,2,4834613.418459995,7.122418483372955,0,sell
20,43027785.62697349,1,44780309.409520715,-2.115983092461075,1,buy
2,3400271.84175304,1,5327764.419725538,7.349587598775562,1,buy
20,1467488.5769165375,3,2662649.3960010805,-2.077595987297771,1,buy
1,7853198.281729612,2,41951512.288606174,7.42172887015126,1,sell
20,1250286.7293205352,1,9543999.808338802,-1.3758167797031682,1,sell
7,1541024.4302122523,2,17001044.253705315,4.614655413785857,0,buy
3,2359043.7297945903,3,27882031.806011543,6.022151404206108,1,sell
30,6150595.215326944,3,28271578.468106814,-7.323721667584216,1,buy
7,5446033.874576847,3,37033913.938711196,4.059563564825897,1,sell
3,22837706.445183787,2,66825946.88317737,6.315095734548992,0,sell
5,18044516.758319534,2,23615961.201676555,5.228930885100549,0,sell
7,5300318.821381628,1,46471322.25763682,4.841646242499135,0,buy
5,3689380.4235004066,2,20626826.543232534,5.459780492001749,0,sell
2,3448823.518473981,3,4767271.912637072,6.630702234128905,0,buy
2,20653536.990702126,1,35052428.92904846,7.088532227280716,0,sell
1,1225940.6796739262,2,15905431.988298679,7.582529040048063,0,sell
20,1051437.8284226358,3,35647759.46277892,-2.2275092682777036,1,sell
7,22470154.52355651,3,26771462.17599167,3.875455269219353,1,sell
5,6466322.794156004,1,16323375.84979389,5.930078099863751,1,buy
3,1668641.838187272,3,2717474.6939040655,6.086724598691462,0,buy
2,2513156.0542730065,2,6179100.469075713,7.1473296277512235,0,sell
20,38396907.29546583,3,39672612.19558515,-2.8293285507660517,1,buy
2,28858235.56891602,1,36560998.41257682,6.983526851442621,0,buy
3,16065842.676610576,3,40546272.47261645,5.778849527949141,0,buy
20,6596084.36456782,3,8838623.038968006,-2.2289476967816606,1,sell
20,7656216.987726053,2,15528605.437049776,-2.037756713015372,1,sell
5,45384882.17934667,2,47606168.5611639,4.999703656031393,1,sell
5,43733578.52915267,2,45336994.06309162,5.065294309292,0,sell
7,2321323.4125165404,2,9703224.502789648,4.435112199830273,1,buy
7,23880440.22397305,3,25243362.635074213,3.6809374485566666,0,buy
10,2163263.254690089,2,12114977.570306897,2.945494649056945,0,sell
30,2305652.0604362977,3,3436076.154842249,-7.4323489302816625,1,sell
10,14081917.16097198,2,15600035.183986712,2.8709293689186275,1,sell
1,4876236.0201010965,2,13474865.400228115,7.563568358336636,0,buy
2,38253044.47331229,2,48363796.40026115,6.548907487872009,0,sell
7,1416527.0417131286,3,2536604.1586936284,4.205262802952834,1,sell
5,7397189.0853249915,2,16819338.002745196,5.4769450970437275,0,sell
3,36353022.77703074,3,62935205.50701912,5.752547124989558,0,buy
5,34360698.965156905,2,51233746.06705698,5.192359832268974,1,sell
2,1844753.9052432422,2,3515381.1381964292,7.0542676914705,0,buy
10,4196685.795311891,1,14349738.825409133,3.5331091644025365,0,sell
5,11268566.908708816,2,25140495.1311259,5.500263207895054,1,sell
30,1865551.0081203044,3,3022341.4591833004,-7.223348848477721,1,sell
1,44120521.167143464,1,72513439.44132267,7.45915845448182,0,buy
2,35820502.25544196,3,70471929.22835201,6.119451523752788,0,sell
10,1921513.0856909635,3,29775855.01739152,2.8743592757027674,1,buy
30,1606347.473459814,1,26784515.57315857,-6.440012817152583,1,sell
3,1396710.6684195197,2,19833000.480268266,6.660625469327169,1,buy
10,35084678.87365425,1,47002092.71822597,3.125532375241821,1,sell
20,2132853.5934076565,3,16355058.308589222,-2.313444099642222,1,sell
30,5096307.293012792,2,28540831.046761163,-7.076278922681459,1,buy
30,5788752.834379072,1,19141327.30065559,-6.447691061116675,1,buy
1,10416019.790447958,3,14020131.711858183,7.058747571610752,0,sell
2,1323964.0638539845,2,5676542.793200286,7.3230809816855915,1,sell
3,2428041.4092925354,3,35853219.58091198,6.322086028754387,1,sell
1,38244961.379766196,2,39314237.60388726,6.942853953674198,1,buy
10,34943107.46740547,2,50334404.01630073,2.7381610253029818,0,sell
1,21251489.490337465,1,63144196.30830066,7.681132406460609,0,buy
30,1078852.6541783428,2,16922693.71109424,-6.873173477895736,1,buy
2,3593972.0133653665,3,52417218.57167181,6.897900747018884,0,buy
7,11664954.665787637,2,26392086.383894864,4.338557730323612,0,sell
1,2934539.2002231865,3,4078422.5958151016,7.0833000133737265,0,sell
20,35104315.670239665,2,60517844.99300586,-2.3594774996388805,1,sell
1,11938758.897000603,2,14983691.488686964,7.381633629855064,0,sell
10,1324851.9699264881,1,7050674.019266762,3.6015559375176234,0,buy
10,35024603.63710044,2,38414877.6735521,2.6019606129590445,1,sell
3,42385452.44351539,2,45244789.620561264,6.20937508335435,1,buy
10,1355286.3610288356,3,6762149.171116451,2.7567261113742703,1,buy
5,8025351.638619337,3,12425702.942988697,4.955461804880097,0,buy
2,3276474.6778301713,3,15189532.593928479,6.597172850856078,1,sell
2,4649666.537333422,2,28722072.53494285,6.8477409689854625,0,sell
7,2019398.505657477,3,5216413.774062232,4.095566277120825,0,sell
7,9596815.856769394,3,11904125.217129258,3.847847601994832,1,buy
2,42420734.69948015,2,56004965.796352826,6.386891238370547,1,buy
20,7156575.508779834,3,20924031.12760283,-2.4676452543662064,1,sell
7,1383150.336422968,1,35345282.32908809,4.948470607233167,1,buy
3,11307423.760454664,1,12371790.373008223,6.686714792770836,0,buy
10,3784675.6181275006,3,31922498.878570296,2.5656804814358645,1,buy
2,28457138.204725336,3,36133705.54585194,6.187801037783298,0,sell
30,5476525.769124989,3,16841634.97431301,-7.497322665014955,1,sell
7,2126320.4264188656,2,3555995.47188422,4.592279230511469,1,sell
2,2111945.567260419,1,7544446.310093713,7.415797694087109,0,buy
5,20235189.85380466,1,22668401.97808575,5.547109744371875,1,sell
1,2826346.235238241,3,5529810.918022312,7.079656524537558,0,sell
10,20114374.092929617,3,27299633.95037861,2.434821195459377,0,buy
2,2237671.6789475265,2,26244693.630617566,7.0196935292475,0,buy
1,3519941.868673207,2,21871016.02148665,7.523773647489492,0,sell
7,6178007.107266788,1,16272655.64976709,4.770640789572706,0,sell
1,40036993.43633695,2,48287019.66520309,7.123431965265676,1,sell
10,38281041.30414074,1,43601880.696849175,3.1257185469359743,1,buy
2,2246307.0031635533,3,47183409.699013874,6.586100535630251,0,sell
5,4060723.3806850407,3,13009225.52079557,5.307877136157594,1,buy
20,1794010.9093318272,1,4494741.681648809,-1.45392372994794,1,sell
7,7352742.425137757,3,9812641.86695281,4.014402777924591,1,sell
2,6060604.41899873,2,16991870.390067317,6.818762365614139,0,buy
10,33912866.25343085,3,41644446.82982824,2.324571563874902,0,sell
7,38023425.60538587,3,39053997.59955984,3.908368048974593,1,buy
3,4484040.143381004,1,30203163.946571805,6.794310665040568,0,sell
1,6846175.29834763,2,22560030.944547784,7.3045621941760155,0,sell
20,33317967.79719501,2,46635633.56218646,-2.3330410935003894,1,sell
10,23473203.702170093,3,24781952.43535189,2.2149548070129788,1,sell
3,1014406.359693667,3,5136539.6370578,6.252683155273492,1,sell
30,3497611.7491345643,2,42329311.72928342,-6.908379895354578,1,buy
2,5206930.556632638,2,34415699.08789903,7.123809550194207,0,sell
5,2456298.1180522256,1,5512125.980495123,6.050231209515599,0,sell
7,2183062.5985263577,3,4031642.951625227,4.094228734201822,0,buy
1,1159297.0836185424,3,6953410.186829968,7.249704962876785,0,sell
7,12389844.752139486,2,16412799.430927997,4.27906116094753,0,buy
20,2792525.2542849532,1,17216406.90127392,-1.547499910490516,1,sell
2,1227259.1704592612,2,45074649.799421035,7.256997367972777,0,sell
7,2468464.695387629,3,6605874.840754779,4.081325894995404,1,buy
1,23037097.051681288,3,24312704.372058857,7.037652979221518,0,buy
2,27967560.010922734,3,61465590.66407571,6.185038187461707,0,sell
7,6617821.679350595,3,7777868.326939175,3.9270992370699416,1,buy
5,5092037.445827474,1,46656357.509013504,5.770324772043843,1,sell
10,45850501.88690544,3,59312220.664854705,2.459302204755482,1,buy
2,2191559.8759019966,2,41993268.729484335,7.243068237756991,0,buy
10,2322143.0063618594,1,4505957.875534447,3.389270649770595,1,buy
30,3132373.7731545814,1,4304967.945113872,-6.621194551792436,1,buy
2,1965664.9862610728,3,8718001.981612993,6.686813309331454,0,buy
5,4410936.1579416655,1,10239957.757454863,5.824213130136902,1,sell
10,35276056.58590109,3,38933650.01859994,2.343595087387027,1,sell
3,11103439.31895358,1,53470625.809951514,6.779816162375571,0,buy
1,5010543.414475297,1,29987820.22855741,7.873085977323125,1,sell
3,38684404.13495258,2,51989193.693684705,6.221345705400505,0,buy
7,1208757.7657607617,2,3099756.9977040137,4.714814561052505,1,sell
5,2276422.7588752047,2,19960949.580355294,5.641123782543346,1,buy
3,9150140.566859398,1,26336043.45123176,6.777780850032905,0,buy
2,11112338.004748596,2,16386798.899336088,7.002845427160468,0,sell
7,1167365.938009568,2,38422276.149519175,4.689429320491695,1,buy
7,4838945.82866943,2,6760667.170652592,4.443329199100344,1,sell
3,12673399.185298903,1,15519160.685414292,6.79027632396795,0,buy
30,15346202.310512485,3,16626810.444331845,-7.56203492486185,1,buy
3,12138934.078242758,2,34600876.9246491,6.315072202162227,0,buy
30,3504509.9928714205,1,14889969.076412376,-6.756163997718445,1,sell
5,1441743.1105738913,1,4870006.118283423,6.184866637083157,1,buy
1,5316811.152951079,3,7214891.099147671,7.167973340055834,0,sell
3,1654816.8218385195,2,2824881.46748088,6.537729234838671,1,sell
20,40736543.0245139,1,42656518.66846647,-1.9269935656666393,1,sell
30,6416542.103205069,1,12306565.46780227,-6.73736585313848,1,sell
3,3459503.8705270058,1,6089446.387223696,6.9624779913003625,0,buy
10,20041380.38577989,3,22795627.804695453,2.451773690189283,1,buy
2,7014548.502108154,2,37745639.84430118,6.888195489356144,0,buy
20,3363090.135136769,1,10865546.104670295,-1.5148631779142079,1,buy
20,23961215.15385368,1,41298346.042256616,-2.028099992951274,1,sell
30,29734832.31780028,1,30884763.448396433,-7.006330345778237,1,sell
10,13912996.862654673,1,18085547.231701072,3.286294345386922,1,sell
10,1201686.396785313,2,7719386.120039203,3.107924039731971,0,buy
7,9165698.89840723,2,11239259.083608298,4.277511615681936,0,sell
30,19806838.47624711,1,21407140.018173724,-6.930487256979012,1,sell
1,1705746.6343330916,1,31809456.12946425,7.910265050189552,0,buy
2,2446272.017222294,1,41898011.40406731,7.563265163718393,0,buy
5,31574225.947343912,3,32935326.51816157,4.8783533055304265,0,buy
20,1081897.710795781,3,4999066.843093282,-2.2881279438531115,1,buy
5,19004691.69472613,3,61476283.44694639,4.737654504309922,1,buy
3,6381556.4141978575,1,7766044.714608401,6.806353135109433,0,buy
3,5741858.64441722,3,18144876.989878487,5.914928662138127,0,buy
5,1028150.7480754023,2,45879441.59840381,5.76632356614416,1,sell
3,24667947.531683546,3,70584859.23695712,5.809383250388646,1,sell
1,4086313.7875135965,1,10404527.39518625,7.847809401651842,1,sell
10,8293628.672400115,2,10183820.374778219,2.977688461224264,0,buy
3,14148602.649641583,1,16353229.992761347,6.599280762419248,0,buy
7,15622357.59372314,2,48086660.818773106,4.235762222302577,0,sell
3,42090244.12589281,3,77483627.29690978,5.606722597384703,0,buy
2,7993383.370425488,3,18777120.21378581,6.343283221776598,0,sell
1,4776519.193942606,2,24807892.322838306,7.369515749143899,0,buy
2,41717075.40799089,2,59793852.45116851,6.546804746812225,0,sell
2,12328948.225142648,1,25646213.266743783,7.124537428158748,1,sell
7,3210321.387447971,2,28650416.554790117,4.511964932451076,1,buy
1,1640057.065689518,1,16244509.995519608,8.014164415102426,0,buy
1,27006905.513397187,2,35083976.49903531,7.039294433453322,0,buy
30,4124161.6479620864,2,6651024.974621362,-6.937585102216247,1,buy
1,13247021.627920922,3,31605794.2674194,6.752109652998922,0,sell
1,6308163.977278615,3,12681352.074637441,6.844751502780225,0,sell
1,2177588.0713747903,1,5346004.2969140615,8.084248026079685,0,sell
7,10525615.47171512,1,33565625.70128286,4.628711586527341,1,sell
3,1267940.0323217763,1,16532894.337969348,7.099298754244701,1,sell
30,5037980.02036917,2,44168156.05174512,-7.106387268320957,1,sell
2,8485596.689478524,2,10395803.476796241,6.77152296417318,0,buy
1,5505930.555896184,1,18181080.96972276,7.719807952321707,0,sell
20,18705596.79826353,2,21305490.13016599,-2.21116531238349,1,buy
3,25504667.355104998,3,59794107.03840476,5.7098887920544374,1,sell
3,20432374.912347507,2,21908239.5271732,6.346782220159622,0,buy
2,1163970.6622607254,3,14189615.343506906,6.624459996417621,0,buy
7,2137071.034340644,1,24218690.0097685,5.125022840953148,1,sell
5,8159810.299743904,2,12168429.153702226,5.170086966577991,1,buy
5,38746689.82181767,1,80534727.42807713,5.567616329611233,0,sell
3,26216005.273229916,3,54100701.31953846,5.681480660386839,0,buy
10,27004793.290869698,1,30171061.16077196,2.9353283789922004,1,sell
10,3274474.6022454,3,4304414.9936983045,2.608071040727882,1,buy
2,5365609.911352091,3,8557233.335379457,6.609919382666767,0,sell
5,6305438.372097123,1,9311085.911662782,5.798011961201539,1,sell
3,1850843.0804898804,3,34361307.46459757,6.201178958967187,1,sell
7,1129233.6764697502,1,45094516.615825124,5.1017285879123335,1,buy
5,40621842.98924021,1,41939114.87620316,5.593560585108722,0,sell
3,2564268.294979589,1,8884249.35651418,7.120140698655079,0,sell
3,2556618.8696754645,3,11099406.653012596,6.081566715767214,0,sell
1,1385665.8420730657,3,2823981.2261641584,7.297812812848235,1,sell
7,37801307.2863477,2,42180129.21715891,4.085572879843163,1,buy
1,9659529.400611341,1,13116641.929585239,7.734683088718725,0,buy
2,13591757.332952958,1,21733992.96790026,7.267991945261163,0,buy
1,35378693.280035734,1,48663141.05424729,7.571153227677608,0,sell
20,3865434.3338359483,1,19540165.505498208,-1.6819668482224843,1,buy
1,11374237.154118571,1,13081666.270470142,7.737561390330406,0,buy
20,1163909.2233989704,1,25217158.974696256,-1.3879943633117922,1,buy
5,2076447.3471342397,1,16293925.03267945,6.0510106583671615,1,buy
10,25838166.297504637,2,58235674.9973635,2.815408156306619,0,buy
30,20077814.51146976,2,25877554.005259573,-7.080814279098372,1,buy
30,3942134.2941455417,1,36955658.96729645,-6.610133277109897,1,sell
3,4367067.994890167,1,33942034.70223906,6.763602843407222,0,sell
30,8062931.650294344,2,13619981.661774889,-7.088466715314048,1,buy
20,1000943.2604632579,2,5442662.056645748,-1.933942087257254,1,sell
7,2569608.0884446586,1,41012817.12444442,5.14547091752919,1,sell
1,2258289.4038466755,1,18665827.909333467,7.919315201799748,1,sell
20,2664176.6223264523,2,40426699.40197916,-1.851776548668301,1,sell
7,23399676.470001783,2,45995919.83754022,4.248008645200834,1,sell
10,2986465.4393357057,1,13830179.899104573,3.4566343362500356,0,buy
30,2115382.861052886,2,3688751.151019201,-7.073024299983324,1,buy
10,7189993.4404667495,1,10317634.598386254,3.218613909868646,0,sell
30,29560035.494037922,3,73822357.01760782,-7.758818975868958,1,buy
1,2570667.50245592,1,6059567.8455048725,7.917781835925937,0,buy
2,1359661.250986443,1,2799909.070936715,7.562161097071963,0,buy
1,4032004.0123192323,1,19958195.317997858,7.820019554440218,0,buy
5,18631079.69819117,2,36293540.52009638,5.300411806762697,1,buy
20,8621974.163291859,1,11676783.464586455,-1.7400419180111681,1,buy
3,24417850.738334276,1,27622169.8792533,6.675670383336231,0,buy
2,42689225.46125285,2,48950101.68019662,6.475734504585187,1,sell
1,22218246.030884326,3,23307223.193468735,6.902494227757801,0,sell
7,10613125.981360469,3,32542999.068801735,4.100647473665988,1,sell
2,6889259.757289595,2,10346458.435544709,6.888047272787856,0,buy
20,1169704.5406981006,1,29387163.438265085,-1.3033338836525203,1,sell
30,47025510.25608901,3,70127267.23101148,-7.7933687308996165,1,buy
2,4482527.1064938065,3,17777951.81809909,6.528066908318592,1,sell
30,1813974.4649100108,2,5378097.226756289,-6.870245692106836,1,sell
20,13574328.249785813,3,21111464.23688831,-2.443105343399318,1,buy
1,3040865.9508698382,3,8739248.032442927,7.278314174760431,0,sell
20,9890533.345760131,2,13655404.863094991,-2.3045808852570318,1,buy
2,9928898.588527018,3,37532014.88087792,6.345070773312797,0,sell
7,5718493.025368576,1,12347737.214224,4.823852259804866,1,sell
10,26335432.064602654,2,52323354.691049375,2.6276205568977904,0,buy
2,2819493.4481112803,1,4328749.866579511,7.479255870268174,0,sell
20,5783800.655197068,1,7519989.196947867,-1.6830310967527264,1,sell
10,8194506.386498849,2,53949435.09599442,2.832042405138056,1,sell
20,13411535.228719464,3,23379373.60424325,-2.400434494847832,0,sell
7,21475567.955023266,2,28822117.036154665,4.307887498572134,0,sell
20,4685605.61118216,3,12427129.510578346,-2.365396545864767,1,buy
1,12520289.743953092,1,14841610.688663,7.63165062193824,1,buy
3,1802534.109204234,3,18438822.956975497,6.205914740768678,0,buy
30,38418565.729435444,1,39811850.00795599,-6.973291626130514,1,buy
30,4475127.590441254,1,13895320.388052255,-6.620452377490609,1,buy
2,17355415.421380084,1,26681923.37243088,7.118260075279143,0,buy
3,1082826.5305712714,2,36824815.0442307,6.780049458684359,0,sell
20,2231550.9197836225,3,10065284.748075472,-2.1900001759653858,1,buy
7,6722621.071805554,3,8432106.523577603,4.084294589830642,0,buy
2,31054504.12802036,3,40453697.993554935,6.263046618737599,1,sell
20,7866665.510062694,1,9296095.62781654,-1.7566436892919368,1,sell
10,38003365.39389757,2,40222785.996624365,2.7503232375715063,1,buy
5,6636764.6244478645,3,7766177.023917164,5.042102160924575,0,sell
20,6811743.782488031,3,14260270.845043201,-2.438622368663818,1,sell
3,1597519.6240831716,2,2989452.7732532043,6.658742661008072,1,sell
2,23104090.79574749,3,29377259.53116941,6.244110542384028,1,sell
3,2627766.839713584,2,41090986.108260915,6.708159693263423,1,buy
2,33760948.151679665,2,50466200.905961215,6.90560914848396,0,buy
20,35274675.68648442,3,36628368.4662042,-2.789702265387839,1,sell
1,40054893.82385247,2,42458845.56819754,7.130080926162257,0,sell
10,7653427.919269263,2,21602080.08304831,2.849799838790844,1,sell
20,14137155.352645362,3,47255729.03111028,-2.6725443418340546,1,buy
30,21022053.069921058,1,22159490.96057208,-6.807480668603346,1,sell
3,1669513.3924595758,3,25676082.796900883,6.163483128413169,0,buy
5,10495623.619202387,3,19501063.488394946,4.843905926870857,1,buy
5,1143591.9919352336,1,9611824.647940721,6.124043973386916,0,sell
7,7004059.888055178,2,49397227.40707154,4.313993315510989,0,sell
2,1832622.7411888624,3,20463176.800960653,6.645493579595147,1,sell
3,2045410.8921810733,1,29863446.387946844,6.922619372784306,0,sell
7,4170660.7603486176,1,8164842.798574647,4.927223457078965,1,sell
3,5428724.157747004,3,14175497.584211413,6.047953911409749,1,sell
30,11448570.340564134,3,22554522.195593353,-7.760787904819612,1,sell
2,1337986.2500909953,1,4856517.953501197,7.58391766077734,0,buy
20,7173930.975658154,3,16481461.288669089,-2.584731870248521,1,buy
20,2043029.4093682016,1,4566919.224544223,-1.3558091517076463,1,buy
5,9444231.097937685,3,11196460.50428386,4.748593872296544,0,sell
20,12104066.940699864,1,16422878.479460564,-1.744844070139723,1,buy
20,8827390.276173634,3,26858850.731338173,-2.4562027951891894,1,buy
30,17961472.04255108,3,53984024.53881611,-7.763652494825276,1,sell
1,3716978.4154051803,3,9709953.11236991,7.070767921927118,0,buy
5,19947714.753412157,2,32311121.69991135,5.250469427152583,0,sell
7,5435735.182717009,3,6932167.210951975,4.025303831704872,0,buy
10,6646835.63003268,1,41054626.96511397,3.358216859831643,0,sell
1,12621357.664465226,1,21869223.130523913,7.726911553399926,0,sell
7,1074460.2264499667,2,22246918.027825404,4.767624521987902,0,sell
2,12915658.850542877,2,35289047.69159476,6.8405824718458055,0,buy
1,11244952.192827892,2,13972376.589952087,7.339776406082752,0,sell
30,3360631.99119143,3,11286585.544682272,-7.413541407513056,1,buy
7,1398820.2688343488,3,44236534.33494197,4.273257283648073,1,buy
2,1427238.662265823,1,2847232.3146059336,7.720269446764581,0,sell
5,37027931.65225595,1,51498356.70467194,5.5374334816043955,0,buy
10,14827396.164428301,3,57965177.5144437,2.259090127095443,1,buy
2,1644157.9178730317,1,4885101.646346668,7.633324027633061,1,buy
20,4037029.886162426,3,33115675.773954038,-2.2064671898651076,1,sell
3,10153384.543515885,2,48723964.04702279,6.402263982650063,0,buy
2,26279146.948831394,3,44869047.2408402,6.495150900164159,0,buy
2,1186256.5085227822,3,3658093.7078557033,6.788100790089899,1,buy
10,2523670.158677041,3,6217332.59459482,2.9529182138336045,1,buy
3,32483053.386888422,1,33633427.01494446,6.419305138680093,0,buy
20,1036506.416247979,3,26895648.058524765,-2.2205656428148197,1,buy
7,2198725.6079342,3,29961567.59073378,4.239073441738949,0,sell
7,42594478.79684918,3,54478292.58504753,3.648113816823215,1,sell
2,11019232.279234929,2,14990546.445609406,6.950238350509919,0,sell
30,2783375.5177224483,3,4133891.2010989953,-7.302305243502621,1,sell
30,1299618.4253688874,3,20328895.54823593,-7.2617502264892595,1,buy
3,1116596.4475307665,3,18269838.27258055,6.326061755485917,1,buy
3,2605040.9165344792,1,38125969.48293363,6.9730574932036795,1,buy
20,31449805.70388558,2,48873971.34042794,-2.263920419674781,1,buy
10,5088910.618997824,2,30670519.201103836,2.927155040954979,0,sell
5,16742672.698988998,3,35250460.87986222,4.646734745848487,0,sell
7,36319405.45422792,3,48109536.03341356,3.835419329282705,0,buy
10,4934560.804792658,1,10248335.01391589,3.3486612077916185,1,buy
1,2113365.025403112,3,36206759.83754877,7.106655444635626,1,buy
7,7560801.794427261,1,20324486.791687377,4.7522528388584755,1,sell
10,34898514.87688966,3,39649610.19079519,2.235490242405352,1,sell
7,23259908.495199338,1,24646063.600369617,4.4686565812304675,1,sell
5,1293727.8559102083,2,4411890.9735202305,5.571678349792159,0,buy
1,15019670.772737788,3,23409930.65569393,6.872962108853039,0,buy
30,9367781.150257282,1,12307435.212763026,-6.760162182530161,1,buy
30,34813903.137685515,1,37190044.2030169,-7.037834821916539,1,sell
5,1614701.5170926761,3,9485626.277500207,5.09768453935748,0,sell
20,8078139.293748239,1,10021349.012158893,-1.8057239220996566,1,sell
1,31201878.12863533,3,54103840.07728839,6.80199488581567,0,buy
2,4972996.055287972,3,11624608.852430303,6.489344439995868,0,sell
10,6590144.046822373,1,16030223.282203566,3.3980071451719884,1,buy
1,1317378.5196871755,1,3097295.518712963,8.173935504433798,0,buy
20,2968641.1422346397,1,6528603.930232264,-1.3925007582581692,0,buy
20,3558992.420887183,2,8533270.623617366,-1.9322501413935669,1,sell
5,40339888.25474498,3,63951702.402692854,4.775167497346207,1,sell
7,3021644.4930991824,3,23367592.403154366,4.268137340437406,1,sell
1,6067393.432814979,2,8459783.779197622,7.301656512044298,1,sell
10,13820573.960520828,2,24960178.589008324,2.8598503406493014,1,sell
1,1886013.0129663588,1,4477953.641117501,8.097613544943952,1,sell
3,6705806.610267609,3,54458984.057443105,6.00709930721117,0,buy
7,17978591.929737695,2,59438650.31614708,4.33913848926686,0,sell
10,29700311.552511886,2,38757009.102940686,2.646496194823273,0,sell
30,11587659.432932073,3,26983893.521365955,-7.571808996299087,1,buy
10,13699409.692710962,3,36692967.75498536,2.435219073841873,1,sell
2,1638897.647964742,3,18425186.376905702,6.75791268717645,1,sell
5,40443236.18149748,1,55895351.988012604,5.39357146360107,1,buy
2,1679729.6217738618,2,44195936.05329536,7.0690864504058935,0,sell
10,20708377.9844642,1,31020808.457219146,3.1394299400310928,0,buy
7,2817831.2900748565,3,14869832.125320511,4.18032371317511,0,buy
1,38560863.21871665,3,66286538.50449696,6.80716903676342,0,buy
30,16718205.594445009,2,30462564.605421335,-7.229533762506856,1,sell
1,19085647.007379916,1,36674217.35049045,7.7585162810790695,0,buy
7,2355998.2536650957,1,4855454.70195834,4.939313702257817,1,sell
10,5658634.342856863,1,9932012.911664102,3.419860583436652,1,buy
20,11211044.74452312,3,12990391.406609863,-2.585685770032944,1,sell
1,20331156.410540238,2,27563521.076515324,7.146310252419135,1,buy
20,1501840.6715708096,1,7448419.549323852,-1.2005256175941952,1,sell
1,43154869.32360541,3,92602980.9408097,6.772500653484791,0,sell
1,32543047.231425773,3,43468140.85852517,6.581776315044109,1,sell
30,2879480.527559993,1,24563818.354733046,-6.471856128922127,1,sell
5,24994529.944165904,2,28688393.986698046,5.22279825595216,0,sell
5,7596556.945809845,2,33465016.95239663,5.475708810464111,0,sell
3,6089692.451832192,1,17181719.19954901,6.877109862671729,1,sell
2,3421480.854075293,3,18703089.19052284,6.534979345410628,0,sell
7,9706176.89686727,3,12870122.878163286,4.043429163212185,1,sell
7,17380398.00709386,1,25933431.461154386,4.595790896669814,0,buy
7,4990713.961081441,3,16936364.330382727,3.972707555916924,0,buy
3,11722615.89534774,3,21742303.561915793,5.8889741825160655,1,buy
5,15420969.446051158,1,51303797.48725565,5.576608537685834,1,buy
10,16150078.459426066,3,49734534.04841194,2.423437964474164,1,buy
20,1225430.94184124,1,45860148.29994383,-1.2226169185956541,1,sell
30,28885888.674361233,1,42498459.80948768,-7.026243798620952,1,buy
20,6005630.883264339,1,50803045.8603747,-1.5374664167273782,1,buy
10,2791496.267269059,3,28754512.885538302,2.582677214408078,1,buy
30,2574842.366005255,1,5459775.041447607,-6.6044243128131495,1,buy
3,6616472.158892052,3,11940010.439534208,5.896041475898623,1,sell
10,32114427.511296637,1,34655526.647361256,3.102197429155194,1,sell
7,4393404.5199000435,2,5409959.448612539,4.340621288793284,0,buy
2,18782852.812250413,3,20869692.996656366,6.302763611402723,1,buy
1,1460468.2492689372,3,2476480.195277675,7.352793989328047,1,buy
20,6438816.633716523,3,23149105.358071208,-2.329269515990828,1,buy
5,48399960.392265484,2,53684047.9785884,5.009970097313897,0,sell
5,20368109.31453637,1,23764792.84459941,5.607314945954977,1,sell
3,2278670.7990152235,2,21963921.297822665,6.559492224356701,0,sell
30,7111054.755484235,1,33074962.605660103,-6.848017730957016,1,buy
5,2494143.6654537357,1,47888792.561819986,5.902435610647001,0,sell
7,4963999.514684922,1,17288287.065458942,4.790814147060844,0,buy
20,21151411.630378436,1,27234496.234190956,-1.8191801558928837,1,sell
10,20430915.50808999,1,23731834.69318254,3.161794172231264,1,sell
7,2440819.700949507,2,4827047.8738149395,4.575525931044137,0,buy
3,36883298.62374095,3,39183441.443927646,5.725557973957303,1,sell
7,10156768.832392175,2,15113558.305350767,4.475598902771512,1,sell
10,4420587.326516796,3,52839526.303235054,2.569870456934308,1,buy
2,7124813.420801491,3,8128158.687774322,6.59818902557485,0,sell
3,10665909.885408282,3,12828861.996691985,5.9959266410208265,1,sell
2,8937935.56253332,2,11027587.847328193,6.879341066557471,1,buy
1,6704826.827105416,1,23238315.243507903,7.897091267076292,0,sell
2,7208845.01083802,1,11179489.26995273,7.266231196236911,0,buy
1,1993969.652519569,3,7976327.547358452,7.104694691046999,0,buy
1,24033046.45600812,1,25821624.682851207,7.6094071335413975,0,buy
2,8325964.083916364,1,13202122.661806177,7.425189200789217,0,buy
3,1669939.5606348657,2,3167324.238593274,6.642754542266259,0,buy
30,20029860.9419323,1,28076685.953331985,-6.910139268167787,1,buy
10,38387899.574426964,1,39854778.756300814,2.9594263631838307,1,buy
7,40686094.80199098,2,62717897.20110448,3.9794322957350228,0,buy
7,4235942.521531035,1,13411644.986355554,4.796585871093781,1,buy
10,1699178.8874486247,3,18681603.745309796,2.748730675172263,0,buy
20,7598807.03121207,2,12739797.364396265,-2.1347875412255393,1,buy
20,1553530.209634098,1,6001299.625000912,-1.4453443868306346,1,buy
1,38620385.85440293,1,40088818.24862774,7.4484013920014505,1,buy
1,2050672.37164162,2,9813410.986908685,7.692515407485964,1,sell
3,2688076.438277528,3,10171903.53631283,6.223587920739549,0,buy
5,4907533.375299222,2,11149067.258409012,5.399797871714684,1,buy
2,4476977.778945224,3,22595321.287390955,6.428934637195797,0,buy
1,22392800.85093274,2,48358499.00075878,7.248224647823386,0,sell
7,5960306.46322322,1,24821498.51760568,4.6295770920220285,0,buy
3,1950429.0260397587,2,3706020.979654358,6.466011510069787,0,sell
2,2844340.5793762594,2,14243175.053445606,6.999316066883982,0,buy
3,7327711.6331419,3,8696910.550996473,5.906378436434274,0,sell
2,1780409.0071589279,2,16920986.16314981,7.241019130977621,1,sell
2,10944215.748287091,3,15398040.982474176,6.400061789307115,0,sell
10,9145084.103698505,2,10824320.165887468,2.909299812157304,1,sell
1,16377884.254989563,1,45525198.83417638,7.453435616089374,0,sell
30,39186097.475753255,2,50231505.16497373,-7.541070615177802,1,buy
3,35472609.30637662,1,39478204.712664604,6.485055675978746,0,buy
30,40490589.24375232,3,41618317.74495789,-7.746303244745738,1,buy
3,2604740.477139045,3,10787014.37227077,6.026128678452758,0,sell
10,1673113.9088859216,3,38701354.31913236,2.757338399888803,0,sell
7,3262564.055569225,3,13571917.922096193,4.253469025244655,0,sell
30,33168273.03963634,2,77919529.35931815,-7.415914325628587,1,sell
7,44821841.550926775,2,46527241.93713958,4.115621529318159,1,buy
20,28838144.647204608,2,38075195.318447605,-2.3430110272784024,1,sell
1,1537860.0252573611,1,24236012.877069447,7.991596219755359,0,buy
1,40705374.05505319,2,48519455.58535153,7.1633790572604585,1,sell
5,5239291.83144467,1,6667261.580621975,5.84686041042064,0,sell
10,1037093.4818843188,1,10816349.87365493,3.576166347005912,1,sell
7,5644346.875512116,2,16592083.795712335,4.448708158688036,1,sell
2,1197485.1526589335,1,18497845.73685845,7.658637953032334,1,sell
3,8395223.722991692,3,28041286.67028065,6.034049261709793,1,buy
1,3760045.821565426,2,24154856.464374915,7.321368256121165,0,sell
30,6373114.941030141,2,19775192.420722052,-7.172648104388001,1,buy
3,11009258.025200495,1,13335509.879511425,6.7905346704431935,1,buy
3,29927263.089972712,2,34788921.30614198,6.436877333122472,0,sell
5,13321432.368285753,2,34148184.241321236,5.237366776211357,1,sell
7,5463060.473303385,1,47135012.65958857,4.689732726110858,0,sell
1,24670806.33500156,2,26032653.98328727,7.436175751277326,0,sell
3,34558659.497340195,2,42684358.891506396,6.283324337527282,0,sell
1,1597601.982131709,2,4993588.556684351,7.748249647757926,1,sell
2,8011948.945526149,1,10427062.000953794,7.291857877346509,0,buy
5,3043527.887353181,2,10277172.683456944,5.524212000412374,1,buy
2,1202141.426798274,2,11910615.99385676,7.157518440257587,0,sell
1,13672274.887559876,2,14711244.218821207,7.37495091852925,0,sell
20,29229519.19116288,3,50391073.50202885,-2.5924368146472974,1,buy
30,1891327.4404061704,2,26606016.341498274,-6.881431463406024,1,buy
1,24003050.310643863,1,67692233.95910011,7.690055816604707,0,buy
7,28176935.193214253,3,30204189.745042104,3.927166240286857,1,sell
3,35763250.595819004,1,45999172.63459165,6.645230235860603,0,buy
3,2823003.450358355,2,8129693.381454403,6.599079667657582,1,sell
2,34339118.55092974,2,38044752.15785825,6.585448600717005,1,sell
30,3505874.7925063106,2,12646886.547762709,-7.0574565047660895,1,buy
5,8677721.683944302,3,30020227.4431384,4.796158067898216,0,buy
20,1218458.3204078975,2,2312832.877316162,-1.7917327499615343,0,buy
10,1187278.635336789,1,45546275.19427023,3.5849889392263834,0,sell
30,16745282.565156361,3,40511743.79842675,-7.504944873018145,1,sell
3,5690601.186875383,1,24578672.385152657,6.878978018204206,1,buy
7,2725417.612209343,1,22308243.1126477,4.913835236600647,0,sell
30,2106234.965377699,1,6687679.946993353,-6.5627236802830495,1,buy
2,13747726.552532643,1,32670324.875163436,7.232573808396925,0,sell
2,1001572.0838951247,1,5542148.436319496,7.624999445881583,1,buy
10,23398333.310255006,2,57039879.35026891,2.898770791058223,1,sell
7,1363460.9486210416,1,3363762.6914044684,5.041583163127465,0,buy
5,2115120.487204754,1,5253384.701598733,6.033763560209713,1,sell
30,4531104.206308338,2,13174928.839915037,-6.868264889005471,1,sell
7,6664390.783671106,3,10150411.591247942,3.994445380274535,1,sell
5,4009830.8559941608,2,9267174.36757307,5.453944240409384,0,buy
7,3506552.5226592785,3,10371091.554087814,3.9741822253817065,1,sell
7,43417457.83692742,1,71922300.79904877,4.485614147913322,1,sell
1,12303385.554519452,2,20046005.560434926,7.3528386225680755,0,buy
2,1096003.3668695714,3,5224656.625615586,6.923356067466728,0,buy
30,5380912.934552161,3,8016614.968310621,-7.5955335131920885,1,sell
7,30662921.727675684,2,35609765.89248362,4.085241135212898,1,sell
30,3252108.4387124926,2,10772148.800444249,-7.169305655366783,1,buy
10,1447599.3968708338,2,19966993.003711686,3.3235332226003482,0,sell
7,19430007.967016265,2,21035685.16397673,4.261082245878771,0,sell
3,10705311.842262158,2,13084930.489533307,6.293056989863335,1,buy
2,9309874.87082607,1,13725790.681501111,7.078147847839782,0,buy
3,1233175.7268007456,1,5328667.707711617,7.067658847574067,0,buy
30,1732621.1172065518,2,6362485.288638604,-6.924697588177003,1,sell
30,11420700.704426283,2,33713716.63781745,-7.352853494976252,1,sell
2,2254688.1007463764,1,5808779.624413369,7.446526527659469,0,buy
30,7184556.187584167,3,14308327.245068923,-7.379922107290709,1,buy
3,8428254.487652054,1,19909773.103905767,6.747038694196858,0,sell
7,3031588.2301040613,2,5511660.819547031,4.647548682776958,1,buy
7,40864471.88201041,3,57500203.4878616,3.8866207513058937,0,sell
1,26997356.86134793,2,35499447.31809049,7.1676814621353975,0,buy
10,16876831.772876754,3,22618892.675560933,2.357638678326576,1,buy
30,1356779.3952766084,2,25114171.8197829,-6.796649968405943,1,sell
3,1514648.0126810558,1,4106983.1207274967,7.1385868147466365,0,sell
30,6874177.236289731,2,38532615.184093155,-6.953425209465713,1,buy
30,1875198.1227644468,1,10853722.628905222,-6.344573454047741,1,sell
5,45924419.86262054,3,56762936.47165144,4.639685490627551,1,sell
1,1859178.6465889532,1,32528130.38871137,8.150354331011439,0,buy
3,6732761.502364875,3,31226126.97164783,6.058976651499876,0,sell
3,4155571.4465987287,2,14676060.060551723,6.429340265007165,0,sell
30,12198273.070077099,1,31237237.23650659,-6.8980506928850005,1,sell
1,1656643.222800544,3,7104137.920505423,7.142734072155456,0,sell
7,5383871.721122425,3,13894828.484124629,4.078247197480428,1,buy
3,2928974.635563953,3,4203813.5165277505,6.086039019575284,1,buy
7,32230215.67718458,3,33651450.72053062,3.803596293909899,0,buy
1,1172070.9648823147,2,26826885.686925463,7.562943751468047,0,buy
7,35677597.72983524,2,36940530.85125157,4.07638436111815,0,buy
2,26015492.694006037,2,27955502.982821256,6.691213425692115,1,sell
5,3203050.024303919,3,25698558.596833795,5.104248511992389,1,sell
20,21927097.463536937,2,22931590.512368724,-2.401273477039398,1,sell
3,1129876.3095146546,3,4148413.1717316816,6.218367039524697,0,buy
10,43921338.645010486,3,53744791.40521948,2.0454838527358112,1,buy
5,7846374.123193934,3,18118292.80564789,4.990674464825339,0,buy
20,3275407.703894781,1,24185669.964792967,-1.429191701013453,1,sell
7,4130646.2389428765,2,11367562.223212138,4.405838921255765,1,sell
3,1296643.847425713,2,8632629.89186613,6.5648177582056135,0,sell
7,47959555.37364421,1,65031418.16714873,4.604652257350915,1,buy
2,1166153.8118745682,1,8199273.472643442,7.459352370092491,1,buy
1,12961866.909040552,1,23771429.086787075,7.8076089897190135,0,sell
3,5651907.701869521,1,39170919.98515289,6.714163984778489,1,sell
20,40943049.96121447,3,45752032.72115533,-2.804898264366652,1,sell
20,2617858.5687837126,2,7129306.438480096,-1.971713064660011,1,buy
2,8016772.393144232,2,9030752.957639696,6.951188309325618,1,buy
2,6599464.997664425,2,17619749.796494897,7.097817770865824,1,sell
30,15636840.472235125,3,16760362.463894328,-7.65636137551541,1,sell
3,1304810.2031553644,2,8491570.531358061,6.657338717024898,1,buy
7,2134233.4338983903,1,25381349.506152127,4.812754467360356,1,sell
10,2314937.0903144423,2,10910996.405174084,3.0671786919452355,1,sell
20,17951303.567007553,2,20822770.085802324,-2.1274119266825933,1,buy
20,2095757.2234571634,3,23756660.66526434,-2.0771967103047686,1,sell
2,9426387.843232917,1,12298762.58826106,7.2199696485712845,0,sell
5,2321094.3512261035,1,19916488.835491452,6.0425346359367405,1,sell
2,29098790.99583255,1,39983349.30536948,7.198775547862663,0,buy
10,39879051.99386197,2,41823599.730176955,2.490854766435318,1,sell
7,7601582.475872353,1,42099692.526059486,4.93076325585225,1,sell
7,3967913.7787585137,1,6160151.260926295,4.8079159616993055,1,buy
5,2498372.2016597046,2,50502519.053005666,5.586023772658245,0,sell
20,1215000.4208747216,3,2244012.092833522,-2.3561574453970318,1,sell
2,2858732.8723908677,2,5661908.796288811,7.002250353993649,0,buy
30,12927869.690832566,3,15113399.076142265,-7.761356037628621,1,sell
7,8064903.2188905245,3,9121171.854285646,4.006481956287352,1,sell
10,40169628.44277951,1,57719384.91894092,3.1870573805292195,1,sell
3,4712628.250648918,1,19782502.83460231,6.865518197071035,0,buy
1,15095691.286117671,2,37286877.683662936,7.1394801784117625,0,sell
1,6781795.19685545,3,9511546.805544842,6.9725658136617845,1,buy
1,7427653.159423283,2,13115031.513472725,7.4138160706806175,1,buy
30,2850627.8805871904,1,16027553.749749567,-6.575230854208978,1,buy
20,5928539.575402959,3,11515215.7276081,-2.405095435490102,1,buy
2,6307388.5940779485,1,21608943.571747717,7.519089156279095,0,buy
5,15869544.01633675,1,27812224.2582865,5.670129470384154,0,buy
30,39638676.33072383,1,41204645.39528811,-6.977408851635154,1,buy
30,3626661.084972943,3,24857582.108405784,-7.46970992677165,1,sell
7,1179498.329905016,3,17944651.16570536,4.377692157282651,1,sell
3,6969322.016941777,1,19978293.221431784,6.993290421758166,1,buy
30,8414406.168436162,3,10248828.73750164,-7.545660532501052,1,sell
10,1932748.940576137,1,4785855.076515852,3.5243988959571686,1,sell
3,19588742.413485087,1,24244560.285257306,6.659984760211712,0,sell
10,47137333.52735298,1,50126788.59694651,2.932218435446793,0,buy
20,40442954.5223718,3,42881005.88411063,-2.694202469392682,1,sell
2,2162107.322549054,2,25511657.81966767,7.077685231040327,1,buy
1,30705479.763739612,2,42848799.839168966,7.197486958975124,0,buy
30,15736696.045951659,3,24871940.846432198,-7.52611261521801,1,sell
2,5902985.256028007,3,8323383.772881778,6.495020586172665,0,buy
20,8288613.01366349,1,44578410.19356943,-1.7149882145128386,1,buy
5,27761646.058805864,1,29874231.33570295,5.517697913685583,1,buy
5,6542366.365260844,2,28960414.11111874,5.302749791123242,0,sell
20,4305941.502493421,1,48194151.141681686,-1.6117912685375764,1,sell
10,6886724.274315248,2,24078024.99473152,2.9248224926584943,1,sell
7,9636607.393196935,2,58259106.563131206,4.444834103004992,1,buy
7,2095256.816689897,3,14863064.10586793,4.110223524061619,0,sell
10,33932449.41966066,3,36273757.69918039,2.154469825021416,1,sell
5,13977303.755351452,3,16196947.146523118,5.073245340341997,0,sell
5,11909811.702954818,2,15469606.659566274,5.3331573770974385,1,buy
30,1475846.2082129607,3,2504131.657748267,-7.397406639798183,1,buy
5,10628534.78799044,2,25022659.219528373,5.331953410399789,1,sell
2,1605123.8094142273,3,4465732.852479709,6.6617371934123515,0,buy
5,1360520.185339888,2,25625048.85470035,5.688604489800906,0,sell
3,7868381.247190083,1,11944281.616897836,6.741877562766264,0,sell
30,4834154.657420337,1,11371955.485064004,-6.517979687242962,1,buy
1,10008545.946475526,2,53728178.453562,7.216715116418332,0,buy
5,1417704.7264674802,2,3996656.2152505983,5.774297996702919,1,buy
10,5397930.594109531,1,22201017.634020306,3.415720988339795,0,buy
1,1981332.6033162014,2,21164595.28592601,7.627410643963315,0,buy
2,47539371.66146875,2,49913308.94169734,6.711186062994967,0,buy
10,8982089.513995903,1,16080785.835326344,3.3848582803736513,1,sell
1,14720908.273795215,2,18656251.052802406,7.287672105278815,0,sell
10,3571707.59877198,3,24057159.732619934,2.7677133233917317,1,buy
2,1448633.667806509,1,12866382.554434437,7.6049406464786955,0,buy
30,45496220.907806955,3,51933182.72194939,-7.840293448379957,1,sell
3,3064400.4298438877,2,24156257.021268446,6.3935766417774,0,sell
2,5248526.498662506,2,7757651.2802144345,7.053115769765368,0,buy
2,12708646.798900217,3,31779976.30319301,6.4100248391122605,0,buy
10,1101437.7774273849,2,30630183.412719756,3.006030012340684,0,sell
30,23801589.375760145,2,54900969.88834272,-7.252808034371705,1,sell
20,8158874.443390303,3,29609399.53005566,-2.5477523244834517,1,sell
7,2969495.3908791877,2,7903548.62769749,4.466038658161434,1,sell
5,1272536.1221299248,1,47837833.47843546,6.1639474343782155,1,sell
5,1888338.8734655546,3,6303211.870275408,5.123729200061063,0,buy
3,33161615.468696546,3,45323626.61446318,5.7176419019010485,1,sell
3,14639780.954811553,3,16517627.921704197,5.866809589960528,0,buy
5,2658125.789765877,3,48976495.99585618,5.251741071397628,1,sell
7,1292568.9880439385,1,16998039.96986168,4.943191048078565,1,buy
5,14905093.347735196,3,33958202.3176378,4.822358915682883,0,sell
20,9386497.23744483,3,10679956.175061695,-2.5009261724862055,1,buy
7,4867058.185206991,2,24683422.00630159,4.506891635549883,0,sell
3,4147295.1649528127,3,24859763.99685795,5.96922089658041,0,buy
1,2335398.2547105527,2,16181314.870090574,7.53051461852064,0,sell
10,13729333.01950852,3,16862226.852344528,2.3865012051339,1,buy
20,44579568.79782115,3,51371115.52473821,-2.7536034636886875,1,buy
20,1988542.7501323568,1,3528911.446735962,-1.5264028729078127,1,buy
30,10339111.68061591,2,16666322.138394754,-7.004393460207996,1,buy
3,5256270.246577631,1,7851939.853404747,6.835634445162968,0,sell
3,5739984.762610174,2,9658353.552971253,6.58290424445412,0,sell
2,2702642.523056852,3,4591734.9915826935,6.601017673338772,0,buy
20,25227801.39000053,1,27687350.339141384,-2.0551607215423964,1,sell
2,6674745.571542043,2,8023981.277363818,7.159935719043984,1,buy
2,8379734.195558997,2,44929519.35639554,6.865272050214596,0,sell
10,3294425.184884998,1,11258802.906315114,3.454106020237277,1,sell
2,2036512.732572542,2,6757716.104577411,6.94589947696639,0,buy
7,1399455.7556207094,3,9509039.891973568,4.274647458450604,1,sell
5,16340562.40769073,2,28020791.181121018,5.353685384966205,0,buy
1,2154746.37328124,3,38988367.581880435,7.0676973028310055,0,sell
3,14873642.117785381,2,16885484.560239833,6.271694840060108,1,sell
7,4605087.348494624,1,7782947.855973511,4.859720018150366,0,sell
1,5086147.08695253,3,50567860.04824558,6.922428608778919,0,buy
20,6267848.528404069,2,10539991.222271625,-1.9190477194117488,1,sell
20,4214302.692817979,3,5306576.622042519,-2.688227430994549,1,buy
20,1482348.5167142216,1,3264078.405143723,-1.6742317189953528,1,buy
7,3357802.5731614567,2,4466335.670250027,4.524852422890619,1,sell
7,13417288.856622264,2,61484588.592994064,4.2022700277967475,1,buy
3,13525325.557009848,3,16502424.08175052,5.968239918913566,0,sell
5,3063984.1369692683,1,40138154.54148248,5.893701660509558,1,buy
30,6049236.465033167,1,55251027.28236811,-6.636213235521347,1,sell
2,2131380.7439841297,2,12581283.332727034,6.9472273160521,0,buy
20,2277276.981021799,3,3415951.346209882,-2.365975358096658,1,buy
10,1094350.175475564,2,2470360.6270786016,3.1419195574788947,1,buy
5,33384547.167848904,2,39964236.055743404,5.39635575313741,1,buy
10,2280259.6570888557,3,7178883.2128670905,2.6282811590335315,1,sell
3,2435416.431696629,1,13147576.654398309,6.73454016861562,0,sell
3,2985619.42195108,2,8552209.807537312,6.6423511382926925,0,buy
3,1646123.79257024,2,40280023.55307011,6.599137328067962,0,buy
1,12192379.257291852,3,20292784.32359626,6.943388583084077,0,buy
10,1341731.52349407,3,16429317.906958323,2.72038055103087,1,buy
5,1690463.884555881,2,35040905.38289352,5.491854089050772,1,sell
30,12457254.541726394,1,14233614.2404178,-6.656158474043984,1,sell
5,3776358.408791661,3,6232833.056440306,4.998408516395732,0,sell
7,15950787.239126638,2,17472494.752907414,4.1269967552853615,0,buy
7,8852132.805389693,1,10578930.46649143,4.812577334480416,1,sell
20,2722527.6146436636,3,10150405.999742722,-2.3380414564601297,0,sell
30,12756665.443562645,3,16269631.28564721,-7.48355906705853,1,buy
7,1575961.106054212,2,6811458.65979693,4.658282182878116,1,sell
3,8153520.18842046,3,54843184.74974453,5.970637413841114,1,buy
5,5529699.332016327,2,7375717.566059437,5.528476209117285,1,buy
10,2851735.1070665866,3,11146870.639622213,2.474492031868306,0,buy
3,10621512.722150328,1,12093754.46329354,6.719427525684096,1,buy
1,30225231.588968378,1,33701519.056423284,7.482546525463807,0,buy
7,49786216.35517846,3,57661219.226900615,3.725962982345442,0,buy
3,10778807.449625017,2,51357583.31100561,6.416912459980857,1,buy
3,4870607.588481604,3,9491065.439030154,6.085064720547269,0,sell
1,2413348.873565594,2,3702413.0220418936,7.635753404355502,0,sell
2,2734000.2132999343,3,7299356.298073284,6.76963859646848,0,buy
5,6524986.632769331,1,8293506.268876494,5.862669593531414,1,sell
10,4207206.199304946,2,6666132.172154411,3.0537630836385277,1,sell
20,35689746.51985066,1,46912965.294466704,-1.7608290698421376,1,sell
2,4223990.689723293,1,5525811.249925869,7.642995945143738,1,buy
7,4309939.348805111,1,10469528.170662723,4.86024539264686,0,sell
3,4483463.435446469,3,15334143.376474813,5.975875281417652,0,buy
30,26387159.513464656,2,31595804.465600155,-7.559896479205579,1,buy
1,12754687.90457099,1,13832380.98902382,7.902003388415855,0,buy
1,11052345.54180161,2,58298648.022395834,7.274669087860317,0,buy
30,3695719.251007093,2,7900261.074220723,-6.954220320125503,1,buy
5,24524189.475702364,1,45551284.95107693,5.675262133155675,1,buy
2,1161927.5512923356,3,4736825.282473903,6.857526553493855,0,buy
20,30161870.82578034,1,36574545.70233168,-1.9475650248185818,1,sell
5,7432701.632596202,1,12003458.038233291,5.8718104692836866,0,sell
30,4749142.525022799,2,8568267.552956082,-6.984737587402601,1,buy
3,6993141.197032576,3,8082384.339486579,5.933898121157594,0,sell
30,13611906.798815142,2,17701355.59094733,-7.037807658275991,1,sell
5,1051206.5946859457,3,33501364.37965507,5.360025724986901,1,buy
10,30251050.552687496,1,45143206.43346365,2.9486903969165796,0,sell
1,5741125.667655607,3,7507444.403106143,6.994797347853226,0,buy
1,3825514.2977127004,2,13926287.522819413,7.454816584021568,0,sell
7,1717414.2783556976,1,34517385.90252464,4.96004436002433,0,buy
7,5580055.120550678,3,21044589.116092123,4.097448201969186,0,buy
30,6970075.796443191,3,8759075.72295272,-7.368679247993416,1,sell
20,4850467.804934003,2,34664545.626589544,-2.1516147298583013,1,buy
3,14224045.817644477,3,17477271.81024599,5.857091089236256,0,sell
10,5189082.521454647,1,11097371.772971425,3.462086216970867,1,buy
2,42995165.638382085,3,50827672.18791492,6.139146795232609,0,buy
5,10426883.641109051,2,38287146.480398275,5.269063870023371,0,sell
20,23544029.423301857,3,61806515.98457329,-2.9097276952334985,1,sell
3,1533883.5827127888,1,39504911.47244966,7.111261417475225,0,sell
7,4731359.953905075,1,5762966.0869152285,4.881850151425264,1,buy
30,3735030.398549447,3,40570048.223557085,-7.435520700200741,1,sell
5,9279690.580062088,3,10516782.082831087,4.7977538083005635,0,buy
7,29040630.488735028,1,31869034.67182469,4.549055581124119,0,sell
30,1358608.3585597104,2,8856668.469499238,-7.039280141520916,1,sell
5,1328319.0617848984,1,7865332.0812175125,6.038919838918786,0,sell
2,27839682.647224538,3,38490521.18817298,6.481882702322768,0,sell
3,2299460.2771510715,3,8824223.57712647,6.191910288392945,0,sell
5,13683327.437628066,2,52362417.84483221,5.421991590079163,0,buy
10,8362452.480103243,1,10925078.77264576,3.404811091992246,1,buy
20,26005262.054942075,1,28926451.58646131,-1.952555391893239,1,sell
1,1631256.6896314274,2,38300853.48020478,7.686793590844532,1,sell
10,1661488.6001669979,1,3011626.51071845,3.249031423179786,1,sell
10,8831158.754254997,2,19686051.889141083,2.8940316809230215,1,buy
20,40538618.53223695,1,54934853.734442085,-1.86026181204784,1,buy
1,5070709.648606334,2,12296747.365068186,7.5032446774693895,0,sell
10,3593062.9122129497,2,18710533.703605827,2.967963936824596,1,buy
5,10733638.439276185,2,12699282.876625605,5.4615560703390855,1,buy
5,38089411.5220476,3,66182312.48837243,4.8554632190017974,1,sell
5,26418933.627814487,3,28148349.52282531,4.792920012116899,1,buy
1,49124347.45365457,3,53921332.00976275,6.851788116253623,1,buy
10,1092303.5519690434,1,2434636.9852388715,3.6382649781761462,0,buy
30,1555043.7160730185,2,9994165.786855757,-7.028696247809208,1,buy
1,10850942.161274916,1,24587503.73948539,7.7663408679470205,0,sell
5,24781908.93107625,1,64510880.72693419,5.535969679230163,1,buy
20,3052260.395082202,2,21087005.972359467,-1.92145068598896,1,buy
10,2549250.2072060145,3,10853829.274029225,2.2927737420770145,1,buy
10,21729427.153166506,1,60143321.51256302,3.2872283181616955,1,sell
7,1246783.5927828655,1,7745832.9733343,5.177848994375959,1,sell
7,4241993.887310143,1,13226031.69442416,5.037376792634907,0,sell
2,7233603.454628692,3,17531618.408605415,6.495492417176644,0,sell
30,8953969.066677297,2,13926108.015031533,-7.02059191664463,1,sell
30,17293993.686631758,2,43874113.87798734,-7.216012341293147,1,sell
3,4007488.089475053,1,6071006.583889484,6.788724040842055,0,sell
30,10988345.942843992,2,19751495.8005578,-7.248743877446302,1,buy
7,9874958.623671407,3,26742533.17768248,3.9142550245270824,0,buy
1,8518896.246364456,2,42861118.98409347,7.496439286971613,0,buy
30,12250728.166222243,1,44001248.122238666,-6.6626535017554085,1,buy
7,2759283.7245507296,1,10076307.930229168,4.879648536063815,1,sell
2,1392565.6977287852,2,13772319.658804465,7.220972674868968,1,buy
10,1594553.1255548485,1,6269730.454496703,3.530060998220609,0,buy
30,2407458.068614537,3,8650841.044320405,-7.429196581067373,1,sell
2,7076545.260313879,3,41727754.70302614,6.381718923508453,1,buy
10,26784714.62203457,3,64912200.364815176,2.2726260445474264,1,sell
20,15540906.674552944,3,48751881.70634697,-2.527444704805572,1,sell
20,21905658.7937888,1,23623915.088912122,-1.9241194485928412,1,buy
10,3947272.0305459565,1,31761515.597027525,3.4684301824773605,1,buy
30,4869614.357375119,2,45724267.92613535,-7.011778077650807,1,sell
3,4665022.2078614505,1,8774175.994068697,6.699999670038739,0,buy
7,2118296.6770399986,2,9724439.719798403,4.785669963298663,1,sell
1,1270589.5113963052,1,22340343.759603195,8.182763521626805,1,buy
1,10091337.165473087,2,19106091.49519351,7.204600480818363,0,buy
5,47934640.31463943,2,96676119.31492516,5.146396792314877,0,buy
10,1920607.694961702,3,7866860.071144536,2.8474954786982742,1,sell
1,1200372.697051836,2,17529660.786928445,7.713039313035101,0,sell
30,21105757.54635313,2,43317803.99098388,-7.30918351769074,1,buy
3,2686185.7994601196,2,9595927.063908268,6.536161880108118,0,buy
10,25676743.315606862,2,54251976.304002,2.677100598653066,0,sell
3,15702445.04852278,2,24172773.832003854,6.263485213143637,1,sell
30,40426949.62769863,3,45431699.25645189,-7.654964058943955,1,sell
1,4951708.922289498,2,6476425.729520541,7.501908946131967,0,sell
1,13324990.28312769,2,17985118.496371154,7.216512342601038,1,buy
5,6162746.85840035,2,23820523.60900408,5.3938547039313,1,sell
1,11785588.727849502,1,48533950.13414247,7.681990774764516,1,sell
10,5805706.211728614,1,8482381.921805697,3.3591726276907714,0,sell
30,2091609.1282742019,3,6105212.828631238,-7.424874367412709,1,sell
20,7292937.220672272,2,9119249.801473979,-2.2554203170837077,1,buy
30,7907673.0190324485,2,22819040.683955997,-7.2099400398418725,1,buy
10,23833708.512289498,1,66622630.10303217,2.9576132326424633,1,buy
10,17767552.881743416,2,30040775.047279738,2.605945114000957,1,sell
5,13420294.869169023,3,24599077.58735986,5.02416626738753,1,sell
5,1558264.849591022,2,10275179.41784023,5.619107434853213,1,buy
1,16761213.670885395,3,18174674.085485227,6.904819075581754,1,buy
2,7079514.142379417,1,24433734.959001135,7.305896755330595,0,sell
30,33040627.955522858,3,43581198.41324941,-7.724779408561013,1,sell
30,36545434.0991084,3,49844746.53473638,-7.722070127872804,1,buy
2,1240821.737089331,3,34896092.32419584,6.825668005698589,1,sell
5,24788223.048814226,3,46262861.55171287,4.844542379852386,0,buy
1,1158902.0619397606,3,22379205.47896626,7.556219468056013,0,sell
2,4205427.792996614,3,41811451.18327024,6.477170813738784,0,buy
1,8343559.972191888,3,56413080.336680785,6.868620016815917,1,sell
1,1784920.2410561843,3,11503032.816051085,7.156431230036876,0,sell
1,18533813.194429714,3,20064853.414491158,6.719911827428184,0,sell
7,1033223.7769801446,1,7059484.834917481,5.066166132841413,0,buy
10,1933947.7036763746,3,23716598.19809965,2.60318654848249,1,sell
1,9699657.347317053,3,10814220.022382207,6.959667822795552,0,sell
7,16357730.147061596,2,17606982.141274635,4.278709365918625,1,sell
5,36086863.440756455,2,37387329.60708759,5.019517615353029,1,buy
2,15798565.308029484,2,33257101.417534012,6.853345175759967,0,sell
10,13846271.073423684,3,20949684.12826653,2.3167163568609426,1,buy
20,4677069.022585362,1,8911026.974919073,-1.7303951344956845,1,sell
2,1005037.3471959796,1,2516648.863116634,7.643164249614508,1,buy
10,1600099.4514798205,2,19141094.302219257,3.1279080619513158,0,buy
20,8094539.323519491,2,11605314.580673099,-2.1206026490407277,0,sell
2,14028958.324656118,3,16852392.300297648,6.295650481020193,0,buy
10,5119553.817218034,1,17950856.702285,3.2382248185668647,0,sell
2,17434187.94115744,1,26341419.416377813,7.2413480431294435,0,sell
2,7702441.103184739,2,11830299.680353552,6.87950791812528,0,sell
20,1336666.7080628583,1,13635614.87065566,-1.4215913968372105,1,sell
2,2119482.5764932246,2,5008813.113831211,7.1000496013860666,0,buy
2,26738176.452348553,2,49145643.83953811,6.763767870935983,0,buy
20,17045314.246784475,3,19497797.316565376,-2.6406933880750003,1,buy
5,33126364.555143774,2,34987853.580019705,5.139948763744357,0,buy
1,1583894.4610000597,3,22931102.71767493,7.301179188248559,1,buy
30,48123630.54077789,1,64070936.49781126,-6.770666767378512,1,sell
3,2268692.972128609,1,4311833.042553952,6.850149998999612,0,sell
7,1047161.4757085845,2,2622950.412019218,4.6380680727248285,0,buy
3,49498456.32422895,2,76069884.82210882,6.130843256115503,0,buy
3,3002867.0213511144,3,23867825.589563705,5.913758066794337,0,sell
10,13644103.718620066,3,17241600.893971004,2.510225442365419,1,buy
1,1996080.040846951,1,15125866.21698198,8.07348372601729,0,buy
10,9678117.085130202,1,11303457.867679683,3.254868118809909,1,buy
1,34350125.242176384,2,41618859.03112413,7.204216074223197,1,buy
20,3499276.010253828,2,4575300.62048356,-1.841423067950796,1,sell
20,13763896.57535246,3,18391113.388739005,-2.573233117122504,1,sell
30,2085655.4329496117,2,3425812.524225764,-7.039256306776461,1,buy
1,11521489.842057798,3,17937437.418251216,7.021165959402204,1,sell
2,3729229.024678266,1,8934273.79509752,7.49077629971542,0,buy
5,2284738.4788625855,1,7973226.274075146,5.994099281649474,0,sell
30,3404763.182444148,2,4598796.712234709,-6.726403394268086,1,buy
30,2013008.510297988,3,6128060.409434257,-7.3177907094928285,1,sell
2,34066570.385086015,2,53352623.93901722,6.479429214185377,0,sell
5,4729427.866480439,2,8963657.960485425,5.487631725494811,0,sell
10,2610490.8892317084,3,19018492.705196526,2.667510663375487,1,buy
5,5778717.60180862,2,10022306.149486708,5.653628408545455,0,sell
10,3504139.06090768,3,8741000.892952634,2.6433523831259818,1,sell
20,18396956.560277406,3,27475909.926821385,-2.6707833268465357,1,buy
3,44675919.31286554,2,85902763.72717538,5.9917397477129954,1,buy
20,5548889.0810890915,3,7079802.513122244,-2.2820379344320427,1,buy
20,29031529.66284187,1,30168946.114663966,-2.1447596338485084,1,buy
3,9149226.696640072,1,19936235.15351022,6.807412431995841,0,buy
5,1849859.2204163026,1,42821889.52735853,5.804741304365832,1,sell
30,14905526.572605351,1,62935231.08727335,-6.843551529022382,1,buy
5,7452634.280105444,2,14098943.354676519,5.356396121805227,0,buy
10,12745620.041689957,1,18986655.26693638,3.1409803477364497,0,sell
2,32475229.373798255,1,44942577.8993903,7.029179426465166,1,buy
10,5601252.160257492,1,14391614.67703899,3.3497593172572055,0,buy
2,33968295.150676325,1,45916333.00797207,7.013199564962653,0,sell
20,18852291.157634314,2,49394385.04096181,-2.262211125127272,1,sell
3,6762777.717418972,1,25296036.76077691,6.737364668193276,0,buy
20,10589033.309119279,3,17574248.411643192,-2.5861471683323716,1,buy
1,3573983.787695447,3,9665057.593666345,7.201936754843102,0,sell
5,46892383.55212728,2,59100936.34231194,5.063697726046003,1,buy
2,13608479.655872863,2,19554567.32312111,6.955730879225932,1,sell
10,1187119.6319533219,2,7181625.45498698,3.27083042457199,1,sell
3,3588565.0295022675,1,4654432.5735547,6.986159570187196,1,sell
2,11454932.284831261,2,13430672.083772773,6.826750279905382,0,buy
10,1246546.6882081577,1,8006909.764538081,3.471097928293685,1,buy
5,1097939.7904263523,2,26082030.665377162,5.695561359491518,1,buy
20,5815374.451898841,3,8790798.192143718,-2.294127935333141,1,sell
5,3674774.0090494305,3,11400788.455144778,5.017873522691276,0,buy
7,5554643.462552379,1,9410139.26502436,4.866404651784857,0,buy
1,2794525.351525652,2,4301336.533987674,7.451600441549679,0,sell
7,1904804.9510630092,3,44378532.6010757,4.160884482875527,1,buy
3,14819511.639801541,1,43137687.146664284,6.716514548305824,0,buy
2,7485846.054135719,3,8845274.25427853,6.527692606268743,0,sell
3,2188043.7483620374,2,18894985.88400889,6.591624750619327,1,sell
20,3491184.8872007458,1,7386367.577689851,-1.5311051636866564,1,sell
10,10126605.310125634,3,59129302.05331347,2.4903543420406065,1,buy
5,1326525.1739103363,2,4590644.407646645,5.623873220047254,0,buy
7,1780402.68183517,1,4324943.70839103,5.083861932704946,0,buy
30,1331809.4260079486,3,10553892.016317511,-7.340630024899863,1,sell
7,23994007.058866084,3,50227390.14844094,3.7867632965428015,1,buy
20,18981071.19765718,1,21104725.33700378,-1.8978836199943956,1,buy
7,19048293.543629996,2,35090127.867710374,4.285244721290872,1,buy
20,16482203.499701627,1,17753737.39841059,-2.0675089168267515,1,sell
30,13717209.012987947,3,50129043.88102535,-7.641573495952511,1,buy
3,6462416.6764750695,3,7835648.472643765,6.059465936510753,0,sell
5,12337050.266402634,3,48085045.01228556,5.161630484370827,0,buy
2,1161917.066865304,2,7983211.484067559,7.181956236173067,0,sell
10,11372328.936442258,3,17143890.863311373,2.3189164697101234,0,sell
2,20969635.849803194,3,66011829.46472623,6.400711906212758,0,buy
3,7080987.793162462,1,55235059.00555738,6.7317586356193235,1,buy
10,4049528.1394562526,3,16773805.684717163,2.4497020690700784,0,sell
7,2960327.0996297807,1,4604592.29418001,4.9518118386247245,0,sell
30,12362360.443264922,3,19606182.82054531,-7.4534219500633405,1,buy
30,15033096.851657704,1,22958698.420019682,-6.89585489224886,1,sell
1,30181986.94473172,1,37664182.42201509,7.556278006534734,0,sell
3,3816061.2569976267,1,13096094.914651133,6.963884364821446,0,sell
3,20315151.265935846,1,21391152.39508451,6.740408050439026,0,buy
5,8989317.2352147,2,25146060.258655056,5.5058092589762015,0,sell
2,31616421.76021007,3,47847095.589419134,6.2005729989385605,0,buy
3,7883824.353575801,2,9454837.012201278,6.370797562633908,1,buy
3,7575957.885927724,3,16883172.06337414,5.772468079880361,1,buy
7,9589496.998618877,1,18828574.296042405,4.713804902704593,1,sell
7,18752721.8579414,3,33189251.049080193,3.745547403776871,1,sell
10,43549200.55981007,1,44945852.26962133,3.0352367326290004,1,sell
20,1333465.9553909618,3,12932192.958763912,-2.15556433054953,1,buy
20,1232491.0852424772,1,4231578.628444741,-1.363036556227482,1,buy
1,39162454.2741313,3,46429918.00351739,6.621503802817966,1,buy
20,7947724.307365468,3,28547074.44987414,-2.557758129123508,1,buy
5,11084134.251243412,3,26891928.681134924,4.977169569921055,1,buy
1,6601205.129879042,1,8193460.273335392,7.82304738107463,0,buy
10,1442517.8724406639,3,11544468.005165704,2.6734549005545807,1,buy
7,20181842.592244957,1,64491655.54991582,4.676609475979,1,buy
20,18599970.63230238,2,20446458.981094155,-2.1717206467939416,1,sell
2,3385124.090227309,3,31508247.882028278,6.594020413471135,0,sell
7,3313532.9361956674,1,18930910.701003034,4.817216972057475,0,sell
30,26513519.08349784,1,47167720.69088906,-6.864974265630363,1,sell
5,1327189.1130226087,1,4340463.917800192,5.970340953300034,1,buy
7,31403005.678302646,2,34487007.710785575,4.303571516249084,0,sell
5,2729358.051253969,1,37347191.06684925,5.682291916942324,0,buy
5,10173333.916665697,2,14259761.707467442,5.3117219835703064,1,sell
5,38924768.14321657,2,40204329.920847006,5.049376403288558,1,buy
10,14194163.038998082,1,24674995.62940859,3.2643549588919427,1,sell
5,5059455.963915803,3,6688982.644720094,5.1946677921597075,1,sell
5,14842188.327173183,2,37404994.87087649,5.220854173876807,1,sell
30,3840706.17974985,1,16152120.760274941,-6.700171413406599,1,buy
2,2958378.4675292415,2,33587468.49555402,7.09803692186767,1,sell
1,49355436.0304577,1,70903831.91068223,7.323028388411473,0,sell
3,18861233.096184134,1,20411754.35672874,6.674175538743606,1,sell
30,12455463.76884832,2,16895920.563833218,-7.190208028309979,1,sell
1,4014453.6376973516,1,24713704.65248152,7.864939485190925,0,sell
5,1212056.2465568031,2,6329471.3273836505,5.586616601458964,0,buy
2,1129183.9611028438,1,46005768.04672496,7.370259065152371,0,buy
7,8740521.188952513,3,26523354.40734698,4.064875126172687,1,sell
2,19709278.911589317,3,20771791.03357043,6.405720418467954,0,buy
30,8184480.635925119,2,39450262.5462824,-7.128212053054388,1,sell
5,26820607.914181534,2,28304028.514512073,5.21848003517283,1,sell
2,1139700.3380041108,2,2872488.9787339224,7.164874319379204,0,sell
20,4198563.992451656,2,21894785.957650017,-1.9218309536740188,1,sell
2,2527990.767494464,3,32009902.19895274,6.637884414339303,0,buy
5,5753118.992000238,2,13904701.517375108,5.42847274613186,0,sell
10,1327288.4679039938,1,4425327.078525014,3.5713044001336467,0,sell
20,41786985.19315326,1,45739509.718861274,-2.0109696383363103,1,buy
2,2394992.896935215,2,6219352.180549057,7.056771249329638,1,sell
3,36895486.842577256,1,40484840.898046695,6.533451956435343,1,sell
3,5291510.904767418,2,7877914.207545967,6.375944684917291,0,buy
2,47247185.29546672,1,58072659.522574104,6.913397601067581,0,buy
10,8736320.821898682,1,42602143.33720249,3.247803033767552,1,sell
7,38146712.41791908,2,41471193.06168604,4.11121875937552,0,sell
5,1021145.8374401528,2,3096957.804673875,5.802639470032501,0,sell
3,18673911.13572547,3,45263908.94014492,5.754838388027673,0,buy
7,34218106.37029133,2,52426332.106093794,4.102374301705397,1,sell
2,1727352.8158308777,3,39874687.14095202,6.734620048947919,1,sell
30,1456514.9233393283,2,3367305.3903916916,-6.817855806102649,1,sell
7,5264245.375303458,1,7022487.398460173,4.83134791215444,1,sell
20,38573802.73644064,3,46888995.09530864,-2.6783585641758556,1,buy
1,8346386.588417743,1,19410187.423403766,7.7641219959516645,1,buy
3,7872863.296295406,2,14416215.157300051,6.296693303502867,0,sell
2,1736876.910457758,2,12151087.338307237,7.111402082320553,0,buy
30,1003093.360154408,2,3028255.579265641,-6.725955132419506,1,sell
5,23790507.88150252,2,30319548.673549823,5.311155500113019,1,buy
30,1408596.3401285475,3,14532998.24251128,-7.1580945368285,1,buy
10,11936907.52162772,3,17371353.524904784,2.4390584919631486,1,buy
20,35801887.34698437,2,50069806.607379496,-2.3225100915836334,1,sell
2,2262003.8605778054,1,8103989.05351978,7.533788815094735,0,sell
5,13498284.998755038,3,17186155.659771886,4.737999875076286,0,buy
10,1360524.9835440228,1,4640087.153671034,3.481008315119803,0,sell
10,10611135.964355798,2,15601247.731516303,2.8676150667946114,0,buy
2,1898956.76379094,3,2993489.0488853427,6.603052663831774,0,sell
20,17797664.835268248,3,31468786.786031544,-2.526424582980167,1,buy
7,3249248.553138915,3,30527035.595366117,4.226010696715752,1,buy
7,6127557.908409697,1,10131619.93227809,4.7677708560373615,0,sell
10,10433127.399001405,2,11630443.761244688,2.749702283382864,1,sell
7,1954287.1987722225,2,49433350.35287837,4.6402380846870805,1,buy
1,18197863.70100593,3,21003396.99016373,6.7273075868463375,0,sell
10,3267208.579526928,3,4908272.463127223,2.6323956645093625,0,buy
10,13345963.160359768,2,17594099.241126005,3.085603132708428,1,buy
5,1857454.3768227312,1,19837312.42053514,5.904187887945259,1,sell
7,14760166.70162532,3,17917754.839638643,3.8089154821466575,0,sell
20,1651154.4168604724,1,11122321.645722328,-1.538658985193778,1,sell
10,5280413.446513582,1,10362288.29605821,3.2549864357196916,1,sell
30,2630241.9747033664,2,4215417.982348802,-7.033054478556655,1,buy
20,18683881.353542898,2,22324269.797265083,-2.0771261079363557,1,buy
1,2787337.853254701,1,19829835.63866651,7.949051791246978,0,buy
5,31478298.972334597,1,42437433.651502706,5.661904696713307,0,sell
2,32747321.86845389,2,34345038.93614468,6.784851249089538,0,sell
20,2156492.252275153,3,4050927.9779588883,-2.498279225345591,1,buy
10,11038392.88960909,1,23301111.373308923,3.1547612930208357,1,sell
1,1409384.990645895,3,25506685.29831307,7.156682599013708,0,sell
3,4626044.3048525555,1,8550204.11809095,6.601845048914348,0,sell
1,16289667.580966203,2,26555994.994101375,7.31460221764394,0,buy
1,13192901.397065349,3,15142379.398030482,6.934714949818299,1,buy
5,11517220.96196356,2,14898017.667172432,5.457414096373753,0,sell
2,3020149.5759514077,1,4102675.913521954,7.477887547960063,1,buy
3,4387862.905225795,2,24584440.868732344,6.212425079210833,0,buy
7,1495899.4824027973,3,6296589.399694769,4.168030140213494,0,buy
7,16657054.409664804,2,41011198.39989331,4.205624912881927,0,buy
20,7179462.828038801,3,23156802.643582176,-2.451197024158187,1,buy
1,16001899.904044133,2,41588445.051605426,7.009458923779168,0,sell
30,2648180.488489718,2,5705392.175336662,-6.894969796841671,1,buy
5,3558039.938834968,3,5621015.962479286,5.18414727713999,1,sell
30,3696764.908494306,3,48492699.502764136,-7.425547741527977,1,sell
5,1105950.2267470176,3,17652916.94790148,5.2046536256393505,0,buy
7,3796908.2777992645,1,29919291.450468265,5.013187196557334,1,buy
20,23162763.599012323,2,24215484.408798963,-2.4203394045643627,1,buy
20,33456709.790713344,3,37458180.6691583,-2.623808190972384,1,buy
20,7593419.163171351,1,25875401.121093,-1.6200724031691385,1,sell
3,5941330.5743709495,1,7298051.408255096,6.882767783174852,0,sell
2,1128158.454982434,3,10330397.752776254,6.963187788902278,1,sell
3,31170358.498423677,3,36528100.06776447,5.774170581391489,1,buy
10,1052213.7248947436,3,2123560.131321501,2.8542942867381327,1,sell
10,40281167.34388515,1,42798354.03734624,3.028342979978276,1,sell
30,6778970.315151011,1,9825834.15686484,-6.725650432398535,1,buy
2,3810100.6465756316,2,5359083.796735181,7.047706425247049,0,buy
7,37172296.9850287,1,49001684.70018515,4.5151355075817285,1,buy
2,1100118.7474134339,3,3681348.847697179,6.791621921013378,0,sell
5,9723518.753671354,2,12686079.079096097,5.357944286859176,1,buy
10,8562880.703042563,2,42142860.853007436,2.8301571191262727,1,sell
1,2358407.1508819372,2,8576083.657560984,7.641871552501536,0,buy
1,5353858.405077947,2,9990611.382950187,7.265540379771166,0,sell
7,12828532.565908771,3,29804525.316796847,3.8391289290358475,1,sell
5,17193887.971385326,2,52301925.70305891,5.166357042620412,0,buy
30,1002808.3036694188,3,2105707.9165543998,-7.169712612453057,1,sell
3,39055830.4028016,1,44830728.89792448,6.51411684291317,0,buy
5,1903371.9842922876,3,12810218.538245378,5.059403061888527,0,buy
1,2493711.174210071,2,5970906.988799311,7.606859406941081,0,buy
1,2803067.0168623114,1,23328746.881349914,7.964664250103349,0,sell
30,1159458.6837468457,1,45880345.01146517,-6.419045097177978,1,sell
10,1618310.5559001728,1,41691581.846892774,3.604234052215583,1,sell
5,47400064.52371148,2,50230780.891443625,5.16039055142379,0,buy
5,3431972.361152158,3,5856024.4390472695,5.087564688760842,0,sell
1,1569976.2909764573,3,43909668.01997446,7.272441675913521,0,sell
3,1519759.7681457982,2,7534211.491900461,6.772760246122416,0,buy
7,16685564.509920603,2,18944436.308982752,4.252985239319063,1,buy
20,28306523.01768228,1,44198086.76503118,-1.7880951125441182,1,buy
7,2732462.745092771,3,5774899.77951341,4.335349532983022,1,buy
5,1085237.1052339496,2,3929990.3037419557,5.720456668808091,0,buy
7,2393443.8840670716,2,33569254.20937903,4.465600069056841,1,buy
1,1247436.5461803372,3,3135633.1315562287,7.23636012994114,0,buy
1,1498528.1165697135,1,2785004.104558911,8.054245646136465,0,sell
30,5409029.527723608,1,8275448.617129296,-6.6568893492872085,1,buy
5,2458240.760692453,1,13202637.853820292,5.974935943736072,1,buy
30,7526214.149175627,3,9144750.921619112,-7.388068975592621,1,buy
5,2695741.739410863,2,9023140.460655697,5.4628949345131215,0,buy
20,39622754.403163455,2,51259376.567739114,-2.327510803544291,1,buy
20,34607611.525501184,2,62275670.45408927,-2.251438839068588,1,sell
10,9183042.001179114,2,11640813.707549537,2.8348387783368287,1,buy
5,4000881.8940446316,3,28471609.716592368,4.984748925901769,0,sell
3,4441780.772698125,1,6948459.5926439185,6.850776833623829,1,sell
7,5008696.023652546,1,19127764.791907847,4.748742713383992,0,buy
5,17224056.605109576,1,22615455.677871253,5.592798435816403,1,buy
2,5852226.227830196,1,7418400.158870144,7.38715651391245,0,buy
10,28546868.923854273,2,44896659.664038114,2.712398633855856,1,sell
2,40178037.75626425,2,42522116.285731524,6.704745403977469,0,buy
1,3721880.6090259985,3,5717500.862275592,7.1468142912012835,0,sell
20,8966090.238088772,1,13028464.271496926,-1.7570180831684956,1,sell
7,1450434.7787562308,2,14330573.188555356,4.541968879857889,1,buy
5,2190740.3076712172,2,4688513.490863043,5.612086229473975,0,buy
2,5040410.823331756,2,7091740.416462851,6.89847698464025,1,sell
7,2240434.3837632607,1,3280141.2486924585,4.962346994243461,0,sell
1,30849631.50707833,2,37178228.998137325,7.10257355769844,1,buy
20,1857477.6684082984,1,7206272.809839487,-1.4045799316495051,1,buy
3,5945030.23899385,1,8441545.823140316,6.602503440830867,0,sell
10,10692145.03553356,3,11925685.54792787,2.488099633326083,0,sell
7,14978075.901558898,3,20339656.699736957,3.899794563139631,1,buy
7,4475312.523961138,1,26309490.245806664,4.958844370838917,1,sell
3,29962168.948767547,1,46377244.493562505,6.456283934607066,0,buy
7,9237558.262647396,1,38242012.485626616,4.754403617317207,1,buy
1,5580980.892749152,2,6619180.11449054,7.39351300213306,1,buy
1,1300887.7386664965,2,45145620.85489458,7.643837243808572,0,sell
3,6158762.662782556,2,9961087.148993764,6.422948650295356,1,sell
10,24797367.30924345,3,72954004.02073522,2.2596021795361008,0,sell
5,11068448.696255859,1,13754986.066553522,5.720455845880438,0,buy
2,25930987.01029923,2,32256943.178983226,6.824604000391076,0,buy
5,6907342.8044889625,2,10900464.13339461,5.54831456307647,0,buy
7,1589508.605930974,3,5611367.074783455,4.252795524439033,1,sell
2,1054808.6654322098,3,28032949.715305496,6.938466943616573,0,buy
30,3274620.034834822,1,21816057.011009566,-6.726313767516303,1,buy
3,15341395.790730385,1,63829536.15591206,6.761683049959974,0,buy
3,22010396.820743974,2,33034494.258866187,6.247085246903553,0,sell
10,3180352.033283075,2,9304688.960611014,2.98544241948259,1,sell
2,6951862.026852381,2,8374298.210691519,6.963914909870497,1,sell
1,5193598.66954885,2,54525511.93196151,7.462974417564075,0,sell
2,4982713.273154559,2,13633070.365726007,6.893753168925187,1,sell
7,2472034.4814756867,3,17963418.137691125,4.231140947647579,1,sell
1,1704866.6561678068,1,6614432.799105688,8.01366576935366,0,sell
20,2158579.064478831,3,10680795.489841016,-2.3894505797097088,1,buy
20,1241675.3687501869,1,41181972.66650528,-1.3521478314657438,1,buy
30,2170791.874470425,1,4088319.5163517464,-6.689308340114141,1,buy
20,1036649.7542701252,1,4175222.8736382383,-1.24121076090805,1,buy
3,11633039.63138798,3,13445818.860399617,6.0143099921156935,1,sell
2,3447563.921955318,2,25627028.481661856,6.821081236280892,0,sell
20,45013592.4548298,1,46288307.27883727,-1.8625019520477197,1,buy
5,2133631.71682894,1,3509857.6094542667,5.992269660938764,1,buy
10,3868586.9957213923,3,7083228.474153277,2.3867646481204723,0,sell
5,4054724.9072940787,3,11529365.17115162,4.899140148616797,0,sell
20,1033615.0834146292,2,5934208.809253612,-1.7478232975282015,1,sell
30,26655641.54969372,2,27847271.931717135,-7.412776807333183,1,buy
10,1133333.2440004288,1,43473195.05441218,3.493306549526185,0,sell
7,39567384.00705945,3,81148556.67864892,3.746418097301839,1,buy
5,32779895.455402568,2,35762653.41773278,5.215334692485721,1,sell
30,8125230.163575474,2,25617254.69507306,-7.100045200252884,1,sell
2,8385955.939680471,2,18001686.136904556,6.7831972203370805,0,buy
2,12904734.700123088,3,15436746.828009583,6.332740017758333,0,sell
5,4545549.175124742,3,7334376.354897458,4.9617070578629825,1,buy
20,12577990.015044602,3,19408521.70690412,-2.5652930161103233,1,sell
30,1191407.005753854,3,6346909.34576956,-7.208875068096256,1,sell
2,1235450.3525961072,3,4360017.722257554,6.807404637684737,1,buy
7,5981646.833896075,1,29528776.768554043,4.84406204560587,0,sell
1,8586018.171608174,1,15162461.095275912,7.781513916429818,0,sell
20,32238552.971676957,3,45197425.425589524,-2.6433481941918604,1,sell
30,1505966.3837936053,1,3602829.10829705,-6.453045007793025,1,sell
7,24983550.206341196,3,33045006.722042523,3.894794483705217,0,sell
30,2274385.7494749567,1,5743605.179762898,-6.565278991133506,1,sell
10,4672360.007860896,1,12513170.077512141,3.2848955459123244,1,sell
7,3450627.189640448,2,24663508.869073637,4.630116890200254,1,sell
20,4784667.972177724,3,25031658.509243194,-2.4870666204628398,1,sell
10,1801720.1557915476,1,5799421.138124302,3.498763837138987,1,buy
20,7170516.69814019,1,22290663.111955218,-1.7848837241467503,1,sell
2,23012654.345173556,2,62752245.168227255,6.917739177970625,0,sell
1,5625395.216206168,1,17186342.587923974,7.682011229413362,0,sell
20,6816128.184006244,2,8603209.638634294,-1.9961055378548576,0,buy
20,27671370.420662157,1,41953881.6054547,-2.0953513972799094,1,buy
2,15833304.28332129,2,17340707.38908341,6.738550823979582,0,buy
3,6811885.330772209,2,37129108.803777106,6.479752928202013,1,buy
2,2740420.3036116166,3,10287704.16875448,6.813318552507373,0,buy
10,31876013.26809124,3,36387737.62301241,2.2451657889177885,1,buy
2,9557413.021663815,1,10807247.480646942,7.199738652774254,1,sell
2,2375325.6368690073,3,6810800.713148966,6.68767708640822,1,buy
1,2865671.386454593,3,37104668.58923444,7.303651678044105,0,sell
2,23147230.032260977,3,24232779.15643603,6.335096949255922,1,sell
30,1188507.661874842,1,7591942.326289231,-6.375404357409169,1,sell
20,48476903.07053152,1,86672180.25731173,-2.0592513025617194,1,buy
30,1665189.2320219849,3,6351412.921140661,-7.187296224465423,1,sell
1,22516275.09424959,3,27855247.172414504,6.665727070453018,1,sell
5,4685019.702788417,1,14300172.264434464,5.988407118873608,1,buy
3,6858995.707278512,3,12975688.144696869,6.137561075285115,0,buy
30,31347211.594999373,2,33281179.293299995,-7.1263116020529775,1,sell
1,5029487.41258274,1,6104776.663190412,7.984930880637885,1,buy
10,8188149.529348745,1,19053699.54350493,3.2235499613871004,1,buy
5,1212714.7159902377,2,37892161.018552504,5.816965896607878,0,sell
1,1009225.6683084758,3,2525261.519304297,7.4116115151887225,0,sell
1,2605599.3744704328,2,4888054.996910356,7.480646280724772,0,sell
3,14331454.207143512,3,18587524.4904387,5.912496594511187,0,sell
20,1607035.299454577,3,25267800.638105333,-2.5641008061540163,1,sell
30,1560551.6803357177,1,4427799.301152384,-6.606195226005506,1,sell
10,4991254.859313156,1,36511092.73938642,3.435519811221424,1,sell
7,12608275.685612096,3,13848133.205824407,4.074791873618541,1,sell
30,16210221.745358549,2,55898026.26164912,-7.144760980166813,1,buy
7,2009936.5258776478,1,10977871.804942278,4.9984646668142325,1,buy
1,1365267.8868427163,3,14524892.934954392,7.148940027280027,1,buy
2,39601018.23881952,1,43815007.938278444,7.100197480444999,0,buy
10,2772454.101870569,1,24082522.057908602,3.2519706568500384,0,buy
5,28171508.497649614,1,30090137.754328538,5.639488113181555,1,sell
2,29312041.936982255,2,30522918.083636027,6.591741336807893,1,buy
2,20534905.616829515,2,25233537.513245594,6.812017506430444,1,buy
30,1935723.102997847,3,30145744.196055125,-7.220924424652054,1,sell
10,24900956.452921204,2,44069894.37394178,2.650374055256833,1,buy
20,20273728.486963436,3,27835655.50251067,-2.568168150301024,1,sell
1,10323202.84563895,3,19699791.64270386,6.766549192981265,0,buy
1,3740211.3445137623,1,5402414.1679025255,7.883322632812389,1,buy
1,2792506.8334020036,1,29602250.791139416,8.021600486932105,0,sell
1,1610965.0377759915,2,23339022.241680413,7.689037020323934,1,buy
30,7346186.778085028,3,20387565.528045885,-7.561423732152257,1,buy
7,9870534.531490924,3,16065581.266512351,4.0370539460480686,1,buy
1,4078553.5261226846,1,47588381.599971876,7.976316857813067,0,sell
7,6421268.016814062,1,37570615.47021624,4.697447828574841,1,sell
7,4145721.8376934826,1,16587088.18197059,4.870694926079114,1,sell
20,12275807.343193974,2,16558123.650559686,-2.165099057773067,1,sell
1,33979138.22750851,3,45199356.70519118,6.7773193611658495,0,sell
3,1898871.6402052643,3,11397412.02268784,6.2827918363652895,1,buy
5,4446334.455246495,3,9121589.545985106,5.029830686859253,0,buy
2,1735128.0581347921,1,5054300.981450532,7.679060540355811,0,sell
7,11528179.241472157,2,16442903.16920718,4.285638813850092,1,sell
10,17311278.07753265,2,26753153.45676004,2.6492769708793134,0,buy
10,38308202.93001469,1,43646322.02720972,3.0181824748772366,1,sell
5,2977111.0711653708,2,5781286.305093134,5.55809027294311,0,buy
10,41150994.617317945,2,60777991.399732,2.512002639279248,1,sell
3,1280800.1855200029,3,9278172.850187995,6.231316075714529,0,sell
10,10580409.23855039,1,11883510.22143469,3.1141747976562417,0,buy
2,1250451.282842339,1,5474789.625631746,7.636035675526633,1,buy
2,32998601.579262212,1,64872957.67722334,7.04598798282383,0,sell
7,7945654.851928081,1,27137830.633346792,4.54351952468742,1,sell
1,13715219.749523403,3,17256714.39834955,7.002194889953634,0,buy
20,25871353.881804425,2,65130878.259792656,-2.4160021919126837,1,buy
3,1800417.5552114248,2,3149834.1402069284,6.876506365573483,0,sell
7,1162963.022515397,3,44127380.613415755,4.208501672661807,1,buy
3,31130973.680521324,2,33745816.463168524,6.11483720231089,0,sell
1,3428168.079843332,1,4464385.143255042,7.927081338216127,0,sell
30,1656270.6109565154,3,7114186.539372844,-7.518816095881756,1,sell
10,6250310.463258873,3,10322987.692988897,2.562965207006794,0,sell
10,10387333.512859758,1,18626742.284580182,3.3111369960522476,1,sell
20,1128802.925316515,1,23707204.36145062,-1.3279547260826403,1,sell
1,2931159.6778001324,1,29924999.317902107,7.963135580119932,1,sell
7,1136909.7803305553,2,5941736.546513768,4.689427901360043,0,buy
20,5177703.988410015,1,10551671.357426915,-1.803947052776648,1,buy
1,33170200.775552306,3,34955658.28453012,6.81225528642506,0,sell
5,46719369.35818216,2,47923800.45880618,5.106226659264181,1,buy
2,12087171.515512269,2,24373016.595963925,6.775067028243284,0,sell
20,1881991.2213683978,3,3168692.0865052235,-2.4002732272678617,0,sell
20,34594809.388287045,2,52245242.275263,-2.295521004868137,1,buy
7,7535109.4751705015,1,15774554.986367002,4.75798803735263,1,buy
3,1824800.8285092514,1,3999436.578629886,6.819540783419987,1,sell
5,36811707.59000722,1,45065115.268294945,5.524659989223287,1,buy
7,19360527.96369495,1,21406537.39528318,4.568476482733829,1,sell
1,17504322.66902271,2,23068505.032427423,7.348574955393862,0,buy
1,16027904.400886979,3,38853861.35646928,6.857912047367476,0,sell
1,2189633.0857372493,2,8282013.649271745,7.553523606134762,0,sell
30,2282937.594389221,3,4072041.984770598,-7.295730879771429,1,sell
1,14770294.631638149,3,31743474.700859465,7.0545164945490555,0,buy
3,2362122.2023474504,1,4438536.147838699,7.008772101691303,0,sell
5,5562756.560828519,2,23542110.553703375,5.357833508615828,0,sell
10,21310696.547907963,1,27833062.479873892,2.975104419186632,0,buy
2,21473943.844492637,2,27374509.381808497,6.862651588988793,1,buy
3,5889496.331935727,2,33851133.11239971,6.182852646080279,1,sell
3,22177211.7340458,1,38168966.926386565,6.6225204108274,0,buy
30,26594588.615392253,2,27731991.844389144,-7.068235188301214,1,sell
10,12955207.131461432,1,16140807.379971966,3.0293696493508153,1,sell
10,2443929.4866210194,3,32620374.727625486,2.5512429332111908,1,sell
2,2921041.9611118785,1,3995366.784453579,7.455515179631795,0,buy
2,3426933.5172632416,2,11867454.424462501,6.930519335426408,1,buy
10,1579234.6904884123,2,18819898.38316562,3.118349039968804,1,buy
1,2911320.3856321364,3,14301087.291918566,7.178616241106172,1,sell
3,2269691.7415318126,3,21863614.817187384,6.231213563832082,0,sell
7,5937312.229076415,3,23034657.562646024,4.137601249054884,0,sell
2,34946858.75098659,1,49934710.65484017,6.896779779693324,1,buy
30,1504904.442389141,1,26380390.822365906,-6.3360610359851295,1,buy
30,16738386.735012041,2,29241238.373443965,-7.097497227803542,1,sell
2,14712050.568201412,3,19539268.998101987,6.472200886276678,0,buy
10,1454398.8126229648,3,7789585.575508304,2.62938660790193,0,buy
5,36933702.17063169,1,53441681.148037024,5.428165841618242,1,buy
7,9243090.808311,2,40062028.09015839,4.38857693489399,1,buy
7,4149146.3170375642,3,7049771.260132993,4.146149823461459,1,sell
2,19290183.568564773,1,23102405.85150746,7.263622737891684,0,sell
1,2736882.7604097393,1,40869649.44998462,7.897492353378437,0,sell
5,15074829.569083825,3,24688166.911837302,4.94655445762576,1,buy
7,1168068.0650690016,3,3182027.68765172,4.333394316706812,1,buy
2,26676514.032764774,2,40091744.34531951,6.63091242245997,0,buy
30,5773362.485527046,3,53998689.769739665,-7.51297041273423,1,sell
7,12070413.92664809,1,37132828.28931527,4.558320491896448,0,buy
20,2376164.042930412,3,20868502.008718476,-2.439138437854276,1,sell
5,14136045.309813151,3,16392699.563574366,4.830755856606165,1,sell
5,20512238.848747443,2,51311139.42156553,5.288847366728034,0,sell
20,6367588.799814658,1,14189258.527336672,-1.457664944978033,1,buy
3,11207261.741781777,3,43632044.321234964,5.977842222838177,0,sell
30,5960518.726672019,1,9594373.684149556,-6.798255107849203,1,sell
20,33039572.36071706,2,34314316.06916281,-2.384192301378876,1,buy
10,7012369.6880415315,1,13449153.063189201,3.4063028066672576,1,sell
10,26928226.154197343,3,29801956.384824984,2.2146032740417096,1,buy
2,22986513.799246352,3,39398196.4136174,6.469108816083599,0,sell
5,4982363.141817912,2,47258502.83344028,5.522149804651013,1,buy
3,2459838.8147511175,2,17385870.409423497,6.536796700627123,0,sell
3,4896901.433916264,2,37024195.0513113,6.26503997943556,0,sell
7,25334861.73687617,1,31218882.686778497,4.705019610684856,1,sell
7,2436356.5762573155,1,22900542.205983248,5.027788698664316,1,buy
20,7780394.5469357455,1,34839006.2988041,-1.6673998097465184,1,buy
3,23417158.493896693,1,39551690.321092255,6.8838519975022425,0,buy
20,3986094.8392779487,2,11275605.541549407,-2.105693039178804,1,sell
30,12333743.427013028,1,23903593.919600736,-6.633167003136885,1,buy
20,2614090.8468001094,1,18107263.959499605,-1.5660293182500524,1,buy
7,1533424.859924611,1,4224853.128902221,5.059947327351785,0,buy
5,22368402.57530539,1,46106771.79386865,5.654583211580716,0,buy
20,1472803.2116702483,2,42642046.64910292,-1.7759214500937475,1,sell
1,2891138.186633316,2,9063162.686513897,7.465719610678426,0,sell
5,28366467.649700258,3,43893630.756684706,5.026314281027291,1,sell
3,3878295.7665819777,3,21750779.330851097,5.981561928028982,1,sell
3,44996098.79754169,1,58335573.221299104,6.48049731280106,0,sell
20,46189073.08688725,1,54691289.5544937,-1.803502963970958,0,sell
5,2856228.2587608825,2,34325988.14071355,5.657016367764377,1,buy
7,1173872.0723834387,3,6964331.369763069,4.239744377167813,0,sell
7,15771803.988044621,1,17041828.4624565,4.744992985683492,1,buy
10,5837307.076748623,3,33056544.21818526,2.4216694752512313,1,sell
3,1483119.208740822,3,15449181.19147003,6.158490237094725,0,buy
2,15924288.857123079,3,43648866.08704754,6.339073263329999,0,sell
10,1129705.4800605841,2,2849149.135198426,3.3239359193715865,0,sell
7,30091100.766830944,1,31218942.92294181,4.367277635193441,0,sell
5,1720150.6662604313,1,40399068.688755214,6.104861480895357,1,sell
30,1645504.457863342,2,3427825.606747614,-6.915943203198176,1,buy
7,1988208.677067751,2,25733364.62184798,4.65671310451658,1,buy
5,42801968.12500837,2,67840507.98191541,5.1822251622132285,0,sell
10,15054763.970121155,3,31052881.30288524,2.3814147902991776,1,sell
3,22988265.328648604,3,24659396.574017912,5.743625004139503,1,buy
7,4737725.707177331,1,18348732.291133303,4.794730404124454,1,sell
20,3727221.787400929,1,36126209.1410292,-1.6331449541655987,1,sell
5,2502541.5336702247,3,7786574.280509142,4.996716475742294,1,buy
3,6555511.487307783,3,11596929.768331543,6.020555030284666,0,buy
30,8660450.14176408,2,14315064.402780622,-7.201674705257343,1,buy
30,11840403.66994869,3,13220080.828919403,-7.625364650781054,1,buy
2,2734239.958569973,1,35507880.40850362,7.425138000422198,0,sell
5,40901084.912943706,1,70873077.33942829,5.605835783487036,1,sell
10,1942739.6165069798,2,51535468.31555929,3.221966007440372,0,sell
2,43713519.93649064,2,53581053.32200627,6.757883283536781,0,sell
2,1059839.5121410962,1,19950713.79500074,7.632149399051759,0,buy
1,6567772.769126499,3,8777473.653712083,6.9723555804191175,1,sell
7,3684528.8156915605,3,17302469.531470492,3.96919549424283,0,sell
5,5794916.846865844,1,18497048.825656444,6.074614495214686,0,buy
2,9322706.293219134,3,43295136.08887205,6.635696513720838,1,sell
1,5496078.3303237185,3,31288487.863194622,7.12784241265137,0,buy
10,5067717.009009216,1,44370777.52560714,3.416898226605881,1,buy
3,17574181.375847276,1,47505235.266518734,6.624966101630168,1,buy
20,14631310.204184601,2,44546025.255512945,-2.19847991284038,1,buy
20,26043713.770518057,1,27326824.157344215,-1.8078999299223648,1,buy
5,2658721.2789816097,2,30028039.709078584,5.360935813056364,1,sell
2,10853521.099317312,2,21620344.02414149,6.773066183379605,0,sell
20,9867982.87357117,3,14297574.727851316,-2.5500585688391153,1,sell
7,4247891.8395272335,1,5495323.181643496,4.685844873540897,1,buy
20,6695718.457184693,3,20864986.501576927,-2.6403858818488857,1,buy
20,3412765.5123614296,1,7023577.948278052,-1.6540896851173867,1,sell
20,1741764.2680227205,1,7975348.652828124,-1.4765060072643639,1,buy
30,2308032.0953984405,3,16703844.070433997,-7.177249684547626,1,buy
1,1511000.1946432653,2,36917060.61217257,7.591973200477202,0,buy
2,14471538.992503492,1,39729166.84772304,7.378271150856991,0,sell
7,13260381.593839156,2,19088803.82966817,4.230836496546697,0,buy
2,41214659.02814303,3,45773263.92501611,6.217059766991927,0,buy
30,17366077.610804863,3,19921005.128879067,-7.785905510462737,1,buy
5,1225813.2711726117,1,5518625.36721839,6.025181821901947,0,sell
5,31791134.53941748,3,33335195.63694253,4.579143775562811,0,buy
5,29218588.04577355,1,73874517.16009882,5.9209728552032015,1,sell
10,5664843.643380007,1,15106942.047116578,3.229500910717004,1,buy
20,9893814.18144283,1,11542501.484289184,-1.7156168047403062,1,buy
10,45533161.82160392,1,49508799.76725623,2.9666567350620507,0,sell
1,8023597.739715418,1,16523287.930709828,7.757095599083977,1,sell
5,34523485.0979246,3,42565348.87826378,4.749163064917473,0,sell
30,1383822.4077961217,1,2532820.1055825963,-6.354876807311433,1,buy
7,2111501.4996438785,2,43364013.190791726,4.636187408437302,1,sell
2,5608276.642544722,1,8544945.804749077,7.359726117573972,1,sell
20,9851089.781661956,1,10916451.94113293,-1.6928861141259244,1,sell
3,24363890.391099226,1,25712468.414927356,6.647375756327879,0,buy
7,47755972.12722269,3,57432816.06981908,3.5794271193372014,1,sell
20,4577696.847422605,2,6292023.063837945,-2.0581281033096106,1,buy
10,1203809.4369447853,2,2381114.9331092183,3.239931161668356,1,buy
10,22970283.347809505,2,27385723.26275312,2.659774101355474,1,buy
7,10637136.024907073,3,22067303.287218325,3.973085280012567,1,sell
10,2174294.4724950483,3,3723155.5768384235,2.7911142041494363,1,sell
5,6929449.03729592,1,10336154.511259068,5.73371067508518,0,sell
1,18245797.101405382,3,23371611.18586645,6.956438508131436,0,sell
2,20366036.47382937,2,22232063.472366046,6.727161211575809,0,buy
1,7060520.130555373,2,14301617.26807634,7.407553282944666,0,sell
20,3300276.5350285554,3,4695925.434940076,-2.2984830711379622,0,sell
2,45118997.22409684,3,46318589.13880464,6.2750811690435775,0,buy
30,13397790.3620168,2,21039397.315952666,-7.46990876625868,1,sell
2,4938366.296839189,2,7575726.939175623,6.771569879277651,0,buy
1,2995701.9715763307,2,4447938.106607842,7.584895265182133,0,buy
7,17463128.037253432,2,22713798.599251863,4.247223199589787,0,sell
2,2579065.7235511076,2,38454458.632892504,6.8943787365173765,1,buy
30,1957627.7863335349,3,18954978.842140824,-7.368951304447039,1,buy
30,7946426.753635474,3,32252061.9471889,-7.687504775952305,1,buy
30,3109423.537545932,1,33403360.21326328,-6.584530599235061,1,sell
1,11708222.762550786,1,56630871.781598836,7.8484820529870944,1,sell
2,1586259.627442462,1,21389352.959734183,7.457741736867453,0,sell
3,12963590.12354355,3,23769636.069565665,5.931607946399444,0,buy
7,3029090.879965162,1,7205928.66934574,4.9195794176492775,0,sell
5,1000950.8168366271,1,3036147.613496513,6.2599703974886545,1,sell
2,1643086.9807254043,3,16319317.65159961,6.850660058057256,0,buy
30,38564217.40555783,2,87586122.2058168,-7.519062762435356,1,sell
3,29758395.744709276,3,35981805.35871784,5.760447868270397,0,sell
5,2493990.174516576,3,19457258.786073703,5.07125768351446,0,buy
5,21010216.036519166,2,27946825.14608319,5.17288550448252,0,sell
20,10812967.117535835,1,16231003.66395647,-1.6866060460014305,1,buy
2,44620864.6666102,3,49599346.53821558,6.2367672488392145,1,sell
1,4312655.911328056,3,11512816.780663637,7.152987801085743,0,sell
2,14380736.866866397,2,18581659.8952611,6.562003373663328,1,sell
3,1282169.0419340616,3,19995168.87954476,6.354923012761746,1,buy
5,4712076.760218943,1,35286758.76521118,5.9050602528523,1,sell
2,43400756.14307624,2,75023216.2421751,6.782405046662866,0,sell
1,8235924.156417983,3,10672911.55858656,6.915530177362616,0,buy
20,3083888.312298046,1,36359247.59139151,-1.465116778056954,1,sell
2,1600798.8319874688,1,5405191.165837774,7.55704282793073,0,buy
7,15677382.23616981,3,19030929.60997738,3.8911877891781246,1,sell
20,12462095.49622865,1,29630769.009870335,-1.83570200117929,1,sell
1,4318278.598339745,2,7611871.683808496,7.466177322413794,0,sell
3,41268704.206212275,1,42498939.931084394,6.431504743418849,0,sell
5,1090741.690885875,2,5403601.9642371405,5.6469035721493634,0,sell
2,3281086.753746323,2,20098082.49377,6.958689032320822,0,sell
1,36717189.34761684,2,40310481.66365307,7.118741238191936,1,buy
20,3509616.660436956,3,15247828.746796466,-2.4107343939331036,1,sell
7,2682686.9598735985,1,15911568.730283204,4.932982530517276,0,buy
1,8083965.514367537,3,25727901.564544827,6.978684752158059,1,sell
10,25096575.375378415,3,58531300.125311986,2.30396509811929,1,buy
30,1497073.9477192645,2,6928502.97791152,-6.851081408692843,1,buy
7,40009571.40958026,3,41927193.862135865,3.731186741854322,0,buy
20,22428745.15826168,1,25910877.10922338,-1.9040910894950613,1,sell
3,2032070.389173174,3,7455065.381438701,6.234275594323437,1,sell
5,16206161.740198445,3,32532176.798676252,4.994034019661603,1,buy
20,4508512.962589721,2,5561187.450506022,-2.0645353891586646,1,buy
30,4824880.8278554715,2,8264496.303476706,-7.09487663451066,1,buy
3,21418367.78376042,3,42549810.71477032,5.867682048279854,0,buy
2,43225747.216630735,2,57022189.71282015,6.633106434341794,0,buy
1,1641286.997008265,3,19147986.049143706,7.127321602002604,0,buy
10,5183679.6615005,1,29130185.18619224,3.272496705790593,1,sell
7,6563044.75719934,1,27976857.11115596,4.751976752000888,1,sell
7,4358554.584770232,2,18779998.215090428,4.3705340513893365,1,buy
1,4140448.880905696,1,9724787.637702947,7.925916922478111,0,sell
10,1226882.2924629445,1,48119454.63450039,3.6451129779355784,0,buy
1,14611996.285884667,3,23876844.09268034,6.807529715688817,0,buy
2,5509538.346955091,2,7720080.518301997,6.802227117060704,1,sell
30,2142638.122360131,1,5286621.6191954855,-6.499608992959488,1,buy
3,24345373.566450268,2,39423306.554964505,6.213461990723946,1,sell
20,23095461.12261185,2,60343617.60107894,-2.0513508644983807,1,buy
7,6704475.166536721,2,8716531.512880825,4.474916501774035,0,buy
2,3214095.087853572,1,4594174.973680324,7.308202673204482,1,sell
3,12136693.966828523,2,43592064.7265041,6.221980517030102,1,sell
2,3087179.170679953,2,38981838.16406874,7.058644143667194,1,sell
10,2517505.305081137,3,5465727.541874837,2.6529144485338545,1,buy
7,17422981.878566716,3,21798174.004567865,3.8506509707788825,1,sell
20,1170877.2632340202,3,14403307.255146556,-2.217507139708972,1,buy
1,1448801.1753967262,3,5084109.148301994,7.320674145382007,1,buy
1,1026911.2320091964,2,31948822.84109383,7.881334448981383,0,sell
3,1819055.2338265388,3,3342311.5549680926,6.341177070809209,0,buy
20,1309821.019076995,3,2470015.1231223103,-2.3428443318929792,1,sell
30,49185642.982499786,1,51446180.98033158,-7.050940373118254,1,sell
5,3095134.141818899,3,6157482.227330746,4.8913500124831435,0,buy
10,1793089.1231250635,3,3348549.280577849,2.7315333537171247,1,buy
3,2567115.526874433,1,3860137.98780787,6.902893858226671,0,sell
5,38944781.03089917,2,58164845.50941473,5.136384849012736,0,sell
2,7651324.414865615,2,9552844.678643353,6.805615644869702,0,buy
10,4166918.465577566,1,39871701.84106444,3.297760523090392,0,sell
2,30469539.39116303,1,34688644.90305916,6.921928498188501,0,buy
30,4688961.012067949,2,18471815.002511874,-7.068915013850254,1,buy
20,3708254.3218511054,3,6123445.045175588,-2.344111918352352,1,sell
7,2249918.507873991,1,4810279.34117827,4.908235060785143,0,buy
10,4383948.781437941,1,13855338.28247761,3.438485683154905,1,sell
5,3451733.21550357,1,12416015.27276529,5.840859075090791,0,sell
30,14148783.808158789,2,34381206.97620658,-7.206313659698461,1,buy
7,3104504.7524441937,2,22491123.750038628,4.661806799786968,1,buy
1,9564120.862334998,2,23351394.476804987,7.304895254422928,0,buy
5,1294043.3101333422,2,7089122.293187043,5.682972619353887,0,sell
3,2113462.465970328,2,34709987.24086554,6.611197885717719,1,sell
1,4922314.245805897,3,16344314.88758264,7.082839550615723,0,sell
30,39070473.8103333,3,87189577.99377388,-7.709152152784267,1,sell
1,4374614.698264876,2,29039820.479883805,7.498277704264721,1,sell
3,13435134.315414954,2,14624405.894076576,6.198857829139806,1,sell
10,2712598.6381579544,2,6217529.307881809,3.005600815356332,1,buy
1,1643713.9278502709,1,11010695.988686183,8.0813421675865,0,buy
20,1257337.6712283294,1,18074592.456228703,-1.3646605061081418,1,buy
5,3302846.3680255394,2,11912887.020510582,5.4424673244420285,1,sell
7,1852939.9945049055,2,23510623.719253544,4.702661680615649,0,buy
1,1975324.8697210737,1,4996830.971288634,7.947870763070745,0,sell
5,19611338.934049755,1,21664679.83705344,5.6768019193262225,0,buy
2,1063918.6145378707,1,2298736.264544662,7.610016478203715,0,buy
5,8865488.519387782,1,18285313.963729724,5.674007382948962,1,buy
7,4412589.258248912,1,19200605.899711452,4.844896570758129,0,buy
5,7254596.391677063,2,10836538.696675375,5.191686275624209,0,sell
3,9041316.87794644,2,20068412.109145366,6.32293864981907,0,sell
30,3407236.7647312814,1,4633584.3230535,-6.464658326600627,1,buy
7,3172350.0380106843,2,4647025.374927519,4.332446912664193,0,buy
30,17620886.067125093,1,33189871.362782884,-6.926924982431093,1,sell
10,30218539.34511914,1,34438801.104490206,3.0310948422219948,1,sell
30,2124175.6051801774,1,15946350.431538569,-6.7290423125559204,1,buy
2,1465046.2866822728,2,27351301.902234983,6.940523033942233,0,buy
3,33521862.864374887,2,61613687.34762457,6.367344178307293,0,buy
10,3930627.582295457,2,5891763.37180016,3.0487503302991845,1,buy
5,8643143.222568225,2,15344837.32970174,5.469167147781158,0,buy
7,4081812.1850454914,3,21738916.747074366,4.119302547908541,1,buy
2,1635815.7898052156,1,22288181.980556205,7.582475590383684,0,sell
3,10028980.511227382,1,31563786.049164325,6.714563851155454,0,sell
10,7801867.227695989,2,10243326.34918455,2.9892025387842818,1,sell
10,2212483.131100893,2,4336269.749703027,3.2216040827515444,0,sell
2,5857495.353368548,3,15913222.619122013,6.4612293872973385,1,buy
20,22593832.47792795,1,40752439.96031918,-1.9029527255223133,1,sell
5,10072012.102737142,1,13557057.695542544,5.687716800076843,0,sell
2,1461031.6753232095,2,2967260.38338869,7.1332967084929235,1,sell
10,8532417.25930521,2,25041791.229633562,2.9452723928560376,1,buy
1,15629003.606489949,3,18858818.44817424,6.860480181953965,1,buy
3,22221803.796911035,1,24138906.053740293,6.449691058003051,0,buy
2,11717956.873315107,3,13500244.711805686,6.519502834914121,0,sell
20,1817028.0950999223,1,5244878.616366974,-1.568017445043684,1,sell
10,16090260.591510097,2,26251396.406004928,2.814488403166645,1,buy
5,14150881.010965267,3,18214515.644086227,4.9439450559716445,1,buy
30,1100273.2169564331,2,2184459.3944965038,-6.85742270930459,1,sell
10,5006646.591858757,1,6467627.442819515,3.26140084755529,0,buy
5,3678514.586714584,1,6794219.385200349,5.852407034642898,1,buy
2,13718638.675483642,3,26926062.8763682,6.558011831499503,1,sell
5,2329207.9404342724,2,3799400.2775255796,5.475445741876064,1,sell
7,10089593.59883957,1,19054364.11560391,4.6353707926199,1,sell
7,35604880.86149315,1,37203269.92172477,4.5711494945758595,0,buy
7,22669518.706178013,3,24957898.443583585,3.8000144279129886,0,sell
20,36772999.35178297,3,38734295.355410025,-2.793865037770164,1,sell
20,45967648.40831461,2,47268475.0869102,-2.4773765959802896,1,buy
1,1042625.2197220961,3,14864572.20107846,7.291514127835189,0,buy
20,11429276.753190376,1,17557135.233155675,-1.7897876772195067,1,buy
30,5028075.072884011,2,30846804.608116113,-6.914016120345851,1,sell
2,28897946.797104947,2,30370301.916849278,6.59549226389672,0,sell
10,2678092.8213450774,2,4439650.680634357,3.0002689630116253,0,buy
10,46423691.90969185,1,49740058.20852123,3.1398146779795177,1,sell
1,11032436.379155815,3,31039499.35451395,6.8800260114099565,0,sell
20,22294423.34967776,2,25601734.606922448,-2.3482942862013827,1,sell
30,1397755.0584278444,1,6339622.970494643,-6.406687833683911,1,sell
5,2049695.9512847152,3,5303679.9451481,5.20577142633848,0,buy
1,19431444.730977133,2,20800114.470565572,7.214035313849576,0,sell
30,1089819.16632892,3,40541866.577831894,-7.205634367898888,1,sell
5,24425934.897356354,3,32975643.119975075,4.857317403360368,1,sell
30,1056085.2191977866,3,22858517.947741505,-7.192291448802415,1,buy
5,13074503.23470929,1,26212493.98484288,5.7634269272183385,1,sell
3,4171417.1203299495,2,11647990.407499485,6.462131384796933,0,sell
30,10937332.437193993,2,12357568.931650858,-7.269872966218677,1,sell
10,15224270.177367808,2,27583318.042016417,2.8390277270668047,1,buy
7,3818168.8011091533,1,5654578.4851945415,4.867413227226134,1,sell
20,1525544.7825600323,3,6584077.63722042,-2.2944740670080357,1,buy
5,1313185.9885182353,1,13030939.55207878,6.1328142131249574,1,sell
3,10013470.824976223,2,31343114.891607113,6.51266033818385,1,buy
30,7666159.107555497,3,22249976.075906537,-7.680416473011167,1,buy
10,18238001.69289468,1,32070968.11589227,3.1231143684766525,1,sell
7,7345567.292365464,1,9137073.192340713,4.786477881733559,1,sell
5,5220627.728398706,1,9093757.131606255,5.8574593220701745,1,buy
30,4746114.101915489,1,5928901.4328536885,-6.657068090453222,1,buy
30,1109002.4209675658,3,17795671.768260315,-7.22472445025582,1,sell
5,3716221.7467379463,1,45251297.684045695,5.93536244528491,0,sell
1,45522800.48470625,3,48332860.7289631,6.694891854143284,0,sell
1,30489108.172013555,1,31898377.754754674,7.5225981363484316,0,sell
10,3627466.8808770697,2,10054037.665215133,2.946161052387878,0,sell
7,9968889.036316931,1,38512215.43974285,4.88014236457096,0,sell
5,27512607.68707048,1,36177987.4575461,5.789953039866716,1,sell
10,5619683.564500147,2,6820489.912347963,2.90141556001276,1,buy
10,1072778.0326426409,3,46285360.37449719,2.757527521770458,1,buy
2,1338415.7531799835,1,26915518.08877789,7.594487778641711,0,sell
30,7364477.234684792,1,9037779.463999102,-6.692886861313853,1,sell
20,44365810.543737546,2,81187756.67903699,-2.3964006691354225,1,sell
30,15057130.656203061,3,20887631.78336876,-7.740927737479214,1,buy
1,1319728.1552082228,2,5603669.645661843,7.575907148759421,0,buy
7,2097579.5870919973,1,8169356.11524157,5.055570589752441,0,sell
30,20438775.99845004,3,46615344.928056315,-7.690686210608165,1,sell
5,26889387.67730312,1,40085201.87502417,5.791766820570231,1,buy
10,11205844.039956475,2,12466688.003182763,3.0217252718613654,1,buy
5,12441009.889235575,1,54799561.59051271,5.6215892403566885,0,buy
2,1117234.860229456,2,2899945.3087160536,7.315168033121959,0,sell
7,25565133.133771975,2,44044946.72852467,4.189539135838027,1,sell
10,21840165.943052337,3,33884336.13812247,2.3415410860162096,1,buy
5,2754818.176941885,2,4837411.77215768,5.614861638262981,1,sell
1,15996334.97465321,3,17946487.932690963,6.975050033363738,1,sell
20,2317562.908693583,3,32424077.16551424,-2.401026800451228,1,sell
2,1170899.8055997023,3,6335647.209292037,6.994741511376272,0,buy
7,2196468.3649435705,3,15141581.880906072,4.207266738782182,1,buy
2,2011338.2072581851,3,9195920.368013512,6.495159655671554,1,buy
1,3748208.27797837,2,20957056.65182443,7.471170295369012,0,sell
7,5139645.249921382,2,11659207.25358518,4.660478894402678,0,sell
2,7311261.587747219,3,10389128.634442165,6.4357352618025345,0,buy
3,6456401.562440071,2,10599997.965492342,6.642908489508707,0,sell
1,2883155.302355002,3,31693419.060364857,7.149983257893418,1,buy
1,1120882.5056904284,2,7360772.081573706,7.682088414241484,0,sell
1,10667177.107487613,3,12972034.252130369,6.832035247564651,0,sell
3,4702822.585865647,1,43416686.600545466,6.924248398198419,1,sell
3,3216881.303009728,1,25780059.899875887,6.888071615662624,0,sell
5,29710285.64603847,3,30953583.29498354,4.7778595777359305,0,sell
10,18564979.79436381,2,68358648.8413333,2.7307830714283554,0,buy
20,28662755.392974455,3,43821373.521078646,-2.630436019327135,1,buy
2,6933634.122882978,2,8805557.829941561,6.882537655621592,0,sell
5,1668968.999897644,3,4197922.106846422,4.970538562258324,1,buy
2,15235592.082316464,3,30247783.807030775,6.297562552634144,0,sell
20,2239304.5925875823,2,23364009.1350299,-2.055539619712836,1,sell
10,5618701.66168842,2,8166205.795294604,3.0835050322559057,0,sell
3,1289538.7312296536,3,4022178.4395031524,6.320759538822765,0,buy
10,25244932.862046294,1,28569911.41478405,3.1096107454514046,1,sell
3,1636701.0893330337,1,12012349.908093775,7.0048851610307405,1,sell
20,34224378.909063354,1,36182820.09246176,-2.0833616130711325,1,buy
10,29396922.677773576,1,30900431.802167226,3.0588880197319304,1,sell
5,6156192.3560596965,1,20391593.97849986,5.916528090319142,1,buy
7,18393282.92877927,2,39463258.40618868,4.335244135894967,0,buy
5,11282844.422261603,1,18379668.380733706,5.77118082010071,0,buy
2,23142028.683834784,2,27292915.212098494,6.579011680863989,0,buy
5,5415317.369902174,1,10835670.869448125,5.767671500392968,0,buy
20,21630424.563420806,2,26200183.167267438,-2.2342741186471047,1,buy
1,6105205.130306138,1,48860072.51654559,7.707723594135215,0,buy
2,39689227.74199158,1,59871111.92614214,7.107598595663324,0,sell
10,6703963.023832062,2,8960975.378218258,2.775026362452386,0,sell
2,6109086.387317205,2,10604046.531890992,6.812157801958602,0,sell
7,21568182.220624596,3,29967820.131299645,3.696494498271635,0,sell
3,24879168.10244223,1,35880482.91858195,6.5576256139871445,0,sell
10,8751054.18574896,1,14994586.960853811,3.115209839499738,0,sell
30,2020556.9327983744,2,25809812.53540904,-6.956500882624994,1,sell
2,6233144.623843327,2,26376861.198221017,6.828226988543909,0,sell
10,44129209.15439833,1,51344405.45428761,2.950680756212436,1,buy
10,19023961.38114085,1,47315065.62619001,3.215118675352163,1,sell
10,23885862.757933553,2,42769192.7568658,2.712244518997996,0,sell
3,1137023.7541987211,2,22164502.704619393,6.747130737303231,0,buy
30,6235613.566658118,1,48395189.74779242,-6.458756267869159,1,buy
20,12548444.964184785,2,15384530.599991092,-2.356771664803407,1,buy
5,25715835.092328914,2,28565056.50533726,5.147482360466241,0,sell
10,1212591.3320288414,1,33594557.72356077,3.467513255526159,1,buy
1,28071660.136364028,3,48582783.41775867,6.7189968750752564,1,buy
20,8545091.980286252,2,46057339.25592017,-2.0913815343766746,1,buy
7,2163866.7692219135,3,3444003.1753300605,4.358604176743771,1,buy
3,3459450.3059768034,2,15115206.222273894,6.574087309362591,0,sell
2,3012935.619548576,3,4773772.834001978,6.679363552132747,0,buy
3,7978359.028391237,2,15158057.826753426,6.485532159335884,0,sell
2,1224087.3780813464,3,3063204.4062265693,6.918178398248235,1,buy
3,1859294.4712681537,3,3509741.328233205,6.384563039260332,0,buy
2,24029299.110128712,2,25078053.16698811,6.761089830462211,0,buy
10,1679926.1975376557,3,13449394.343068732,2.624209908063869,1,sell
5,2491915.210086136,1,6565423.989270489,5.926016966726126,1,buy
2,5892004.363074573,1,7401082.547238531,7.122963234639773,0,sell
30,7560889.2647537235,1,11096721.90534648,-6.633640443497649,1,buy
2,19831305.27150087,3,21767865.211784203,6.256670439262115,0,sell
1,5754457.340701442,2,45557041.7435544,7.359944285799826,0,sell
2,21976387.21771488,3,25473250.896354377,6.3614428129774545,0,buy
1,11234450.316872949,2,14927430.85474573,7.134201926247865,0,buy
7,1556514.120062984,3,28280027.54803488,4.335327143724906,1,buy
10,1843327.1703398773,2,14447594.581587188,3.1617401081046053,1,sell
1,5527225.590525557,3,21617381.74405967,6.9944675021789005,0,buy
5,4723926.958263855,3,16761750.910699382,5.056953643463015,0,sell
20,18334092.19890701,1,58843799.444031075,-1.9132158262248478,1,sell
10,9697392.655686872,3,11944833.160281703,2.7119987193506496,1,sell
1,4564849.485308583,1,52466227.23380667,7.775425034262922,0,sell
10,1950368.1649074387,2,27759275.634553418,3.129826759405897,1,sell
30,2428787.0170368804,2,12443690.354055773,-6.962402145381814,1,sell
10,9500773.571765749,1,22846724.435881637,3.260092454024754,1,sell
10,5240947.728303157,3,17898091.1782023,2.597196304337996,1,buy
7,7496290.219664352,2,8752937.608153779,4.446197775053532,0,buy
5,1949736.145479295,3,4296143.933519337,5.161898775961704,0,sell
3,13373892.820956873,3,56378025.47504921,5.7860429467195065,1,buy
3,28082628.07653459,3,36171149.42367334,5.715267521160372,0,buy
1,2743035.8583862674,2,7136543.8729876,7.499174145261769,0,sell
10,6840186.237368937,2,26549907.907221045,2.845418904016223,1,buy
1,45435119.05831749,3,53218028.01701384,6.61050554640781,0,sell
7,3682711.6984591885,1,4735553.582906173,4.944863359505301,0,sell
7,10255713.7637457,1,28073165.574899394,4.607399218843208,1,buy
2,1423114.3213913487,1,18962552.225337967,7.540741596488369,0,sell
30,10705360.864058731,3,12613379.921381837,-7.726822375223853,1,sell
7,1419978.256518452,1,43622343.76990103,5.155325833208828,1,buy
2,42629695.61570596,2,45030811.93365304,6.562979764893471,0,buy
5,16439529.31974905,1,22433332.042622633,5.597841932400797,0,sell
1,21830306.76994204,1,23396815.994449355,7.53754447474013,0,buy
20,15712749.57374715,3,26304276.262415957,-2.45194238130449,1,sell
5,10044583.722060282,2,14388487.444648398,5.478908237720271,1,buy
7,5812839.338593398,2,9794196.311172716,4.435488330302808,0,buy
5,28730992.233000223,1,54141240.52328682,5.5347798895521985,1,buy
5,42231362.99088731,3,43269477.02757382,4.9334613801422345,0,sell
30,7044456.4540674705,3,29726784.584349126,-7.449653378430868,1,buy
30,38251644.11157818,1,47602986.796212405,-6.9844453668772255,1,sell
30,9796368.577598676,2,57149837.12627084,-7.206104825325089,1,sell
5,8216721.825967693,2,18250080.807651766,5.458749084485362,0,sell
7,5917694.3604330495,2,7159596.821677186,4.405253481866352,0,buy
20,2267637.4936981206,3,3486753.0989805814,-2.4594624059491146,1,buy
10,1014657.7856948054,1,32670249.296648975,3.6149576695993595,1,sell
5,2572242.059839908,3,29437907.39458024,5.178970673446346,1,sell
2,7345212.74430074,2,11214730.672888026,6.898600527909337,0,buy
7,4421204.076024948,3,15641870.52032773,4.122542160641499,1,buy
5,5780467.313721916,2,12569392.613006076,5.398559334775605,0,buy
20,46354500.949751936,1,90327159.03957537,-1.9876874292370381,1,buy
10,3936427.445391215,2,45047146.77711033,2.988839031890377,1,sell
30,5864692.560848684,1,52801437.132496946,-6.805195531449118,1,sell
7,1685927.5859920925,3,31339053.97039039,4.290168694875758,1,buy
3,1206365.0562978012,3,36305860.22589963,6.326246350784704,0,sell
10,20768135.391021404,3,23107781.26293591,2.433676752146429,1,buy
2,9323384.529264044,2,35137402.490186244,6.756676486730419,0,buy
5,19607157.959533736,1,35614785.571923435,5.601311797372228,0,buy
20,1797266.1717645568,3,45023301.00283688,-2.179008005264036,1,buy
3,9365261.962720672,3,18709775.793172628,5.899286506180182,0,sell
20,2697310.579102368,1,4092703.3271657797,-1.372539500824864,1,sell
3,2440451.527337628,2,12790986.491573399,6.407220693127432,0,sell
7,1046122.040270999,3,15717820.827105742,4.23655391482099,1,buy
3,1665117.8623851684,2,4032775.0384093644,6.575309235138626,1,sell
2,3353028.4991056724,2,8025932.046253138,7.090812745344551,0,buy
2,1579695.9633736846,2,11975051.512627518,7.296411398819713,1,sell
1,47309016.40410224,3,51630117.49030507,6.738875675233443,1,buy
2,3344703.404212024,3,7680060.993333131,6.352739300352105,0,sell
10,1665008.5818072257,1,3348109.6977182366,3.5137039184561667,1,buy
3,2178887.8536658576,1,41834117.03745378,6.9928638792243625,0,sell
2,9965294.928220214,2,28804711.433089048,6.886689503587956,0,sell
7,1284718.641970277,3,2289594.85363325,4.2537170049085296,0,sell
20,29191050.068205506,2,49178344.241908446,-2.186823005073851,1,sell
30,43008977.15229349,1,61076120.98039204,-7.06572757455238,1,sell
20,2625526.864476799,2,3664328.463385334,-2.051124471427948,1,sell
1,5816990.578987417,2,10062664.294445846,7.368706103091114,0,sell
20,1090450.0289610615,3,11826539.597791627,-1.9530936567531745,1,buy
3,12261608.72098477,2,18139340.67733258,6.297588366031893,0,buy
1,5049495.117961141,2,26028026.38832097,7.566524999105858,0,buy
3,2876214.247952882,3,8158731.757403582,6.250964516697472,1,sell
7,2246001.524567814,3,4071613.8949870947,4.004010153288215,1,sell
1,12917116.933378274,1,58510399.11178914,7.701932400827323,1,buy
5,5094953.808810612,3,7672572.590646458,5.162291631176371,0,sell
10,2019462.2676157495,2,18590042.198237877,3.3783760628464394,0,buy
10,14817524.676285742,1,16568251.071167713,3.2943703506930824,1,sell
3,9120966.46917991,1,12743251.00561508,6.726713582260297,0,buy
20,28764581.837236583,1,34400849.99986191,-1.7691793650439624,1,sell
30,1583390.4762465642,1,3704662.720900412,-6.513603640871414,1,sell
30,21618421.996326145,2,27432325.55524995,-7.384547829747752,1,sell
5,13940707.601747172,2,15790039.761414943,5.36587296511727,1,sell
1,1568195.2419828416,2,10475275.015639547,7.485780075676921,1,sell
5,15152335.521463504,2,28568516.48232893,5.223561515464762,0,sell
5,5625687.439457171,1,6902343.689741591,5.983745658508123,0,buy
20,40318169.39707023,2,70519588.0470029,-2.2957574089878205,1,buy
30,1740177.0509108878,1,3803412.591786252,-6.571362286518554,1,buy
1,12363876.227813838,3,14778691.983160354,6.9283354112214575,0,sell
7,4456281.7298832815,2,17748992.05405336,4.461302530535878,1,buy
20,42227894.22554709,3,48485295.282204166,-2.6833549960416496,1,sell
5,3635946.2067744546,3,10690314.724082131,5.140014473436355,1,buy
5,43124591.95659597,2,44775532.658583716,5.138165387506366,1,buy
7,34009278.640415765,1,57393396.5818719,4.555453772393698,0,buy
5,2879870.8137857257,3,14057679.062533202,5.027787296647262,0,sell
5,23184267.34063333,2,24882550.217134167,5.3558902712490095,1,sell
5,49147527.57945256,3,53466830.93006502,4.744520853084346,0,buy
10,2686995.022286711,3,26502630.09188207,2.6155541717237116,1,sell
20,5521680.954300579,2,14760536.461740982,-2.0876499368834196,1,buy
2,7651938.454076832,3,9181584.740725083,6.477677901005021,1,sell
20,3170145.19056935,1,7468844.019666826,-1.659187071946568,1,buy
7,1061535.4565054758,1,3645761.5253782766,5.034061762005144,1,sell
5,2365881.4708929486,3,9936972.257484937,5.266240134108051,0,buy
20,3013022.0476344377,3,30105283.667629305,-2.5256396315979304,1,sell
10,5671038.379903515,2,11181713.09151972,3.119684585572526,1,sell
30,1952980.8215256962,1,7400955.887027139,-6.502280819658309,1,buy
7,30453201.645139363,3,64980613.59731439,3.6968995215464613,1,sell
3,15762419.08713957,1,25288663.78218548,6.642460677994018,0,sell
20,1395574.5974591128,3,10556549.09633004,-2.2090213424756895,1,sell
3,12720013.567192435,2,15505987.509878881,6.2618342121297745,1,sell
5,12898605.094942076,2,23675725.117401406,5.373754029315891,0,sell
10,42129964.34035938,1,51645968.19589147,2.920039691263136,1,sell
10,1011887.8233626378,1,5735114.017033795,3.5184360423210688,1,sell
20,2637726.699254501,3,50850492.91200516,-2.3243229778093832,1,sell
7,37695533.45937315,3,69195224.6766101,3.6813207821441782,0,sell
7,38341364.29797883,3,57113972.77222,3.936638187765842,1,buy
10,16759255.117064277,1,24942659.958023358,3.2505853848208868,1,sell
7,19999029.12550662,2,26094759.42316413,4.291757437545688,1,sell
10,1430298.889439243,2,3491570.0562463664,3.156252680075852,1,buy
20,7465512.53907524,1,10772547.586737962,-1.7430038549802767,1,sell
2,2474301.142765783,2,23125067.99064316,7.035448320753253,1,sell
10,2031814.3363091536,1,7932545.955594794,3.407769714417067,1,sell
3,23805702.374466192,3,55352076.1255675,5.835018537105649,0,sell
7,1695999.592849369,1,3479595.9799421118,4.894389259586692,0,buy
10,6254967.733931837,2,13560745.678558659,3.064643688098206,1,sell
10,39320250.48397608,1,51885620.76262157,3.0429552186282147,1,sell
20,2068821.8207461794,1,9621657.288479619,-1.3745228872126303,1,buy
7,45875571.90180602,1,78292347.58899806,4.6025286302565025,0,buy
2,48895114.05035293,1,96894793.07229087,6.996496967816796,0,buy
20,8789757.220309367,2,10363013.992901584,-2.0887746602226844,1,sell
2,1945662.0675559812,3,3608268.6054145936,6.655298684221954,0,buy
30,3443917.3697453113,2,5108927.038389783,-6.999288432293368,1,sell
20,5262602.767426887,2,19627398.47225417,-2.1323056768343456,1,buy
7,3353764.619255791,3,7650766.141940964,4.2809685507013455,1,buy
1,2997722.5327653917,2,20612599.46241793,7.5504264315305445,0,sell
7,44852753.89743153,3,49737971.01356039,3.801290138566304,1,buy
7,1822058.1851073045,3,13470960.249984724,4.164194236679881,1,sell
2,17615789.83255374,1,37937752.96980365,7.317780957318188,0,buy
2,1001606.3505259487,2,9540515.406376418,7.127292711320366,1,buy
7,10301405.251763994,3,18554188.09129425,3.9307959968463657,1,sell
7,35988163.874406554,2,37400400.504928716,4.103330116264949,0,sell
7,3084546.9787493404,2,8072310.556413613,4.554731622279288,0,buy
2,2066346.1100511823,3,10524177.29177077,6.619596383473155,0,sell
7,12799247.110930713,1,18893094.382031567,4.768051451144806,0,buy
7,16243829.263912592,3,50159592.80818264,3.898754590122927,1,sell
30,14755135.896859966,1,49442264.62015387,-6.828727149652883,1,buy
5,3487464.5445731026,3,28399715.81656391,5.001859314671464,1,sell
1,2682157.744891927,3,7023461.4884947855,7.140594714065868,1,buy
3,42080158.57218612,1,58625271.77018993,6.515914592396761,0,buy
1,37038907.61296341,1,41733341.621752255,7.635661335825091,0,buy
5,5983664.05566017,2,8467766.761339959,5.396668194547588,0,buy
3,27394160.533021264,3,31218719.011654362,5.694346190103813,0,sell
20,5867917.79059941,2,7187896.065408383,-2.2484799326440186,0,sell
7,5260465.926192249,2,8922142.958104862,4.560281448538433,0,sell
5,1846441.470749164,1,7910832.642641052,5.988093097924743,1,buy
30,5302138.886561995,1,47310271.85444769,-6.622959007582957,1,buy
20,8185689.340965354,2,11593497.86605422,-2.1740017316015603,1,buy
7,1092029.0140610342,1,35230297.795879595,5.026609288708336,1,sell
2,5682437.586669122,3,8130504.847259864,6.523957300869511,0,sell
10,21256941.520062,1,23367757.770764392,3.0476385121608964,1,sell
5,14301376.870581359,1,21917916.618766554,5.65521142460671,0,sell
2,11998105.382055659,3,25884088.854564376,6.4903528591442035,0,buy
5,35100022.12306556,1,36289398.10543341,5.624449271475063,0,buy
30,1073089.2490077687,2,3447655.4053337555,-6.861089650238696,1,buy
5,8839081.533286907,2,14784643.103155479,5.34284111746529,0,buy
2,21761161.716644995,2,25411780.114313982,6.5350773531621815,0,sell
30,8312134.796653033,1,24557214.193352226,-6.891827832750087,1,buy
3,3550494.370368209,1,10937127.338924346,6.854217741994374,0,sell
1,1704062.9072780723,1,3576664.163286904,8.02262542574503,0,sell
7,32206463.290429972,2,65294412.41944535,4.040381951194398,1,buy
5,6306830.857541925,1,9451956.190676179,5.887925666943255,1,sell
7,31037832.139957063,3,48502881.74052656,3.8582538022257062,1,sell
10,9893391.220448565,1,31030886.06146353,3.1641807953871357,1,buy
2,13977586.330303768,2,57266435.68887856,6.706773311256397,0,sell
7,23249604.899072506,3,30279506.280094042,3.858589898187857,1,buy
2,13179092.266099913,3,24303734.892387412,6.571416153661582,0,sell
7,4745513.731454545,2,8451849.64443918,4.41941235000761,0,sell
1,7458435.056683875,3,21655751.97916463,7.085463891910498,0,sell
1,23139302.227815293,3,29266679.80541427,6.815525132720687,0,sell
30,4313409.054528041,3,9854027.45510203,-7.418074861994759,1,sell
1,4564641.906830997,3,32970876.65044108,7.048343865317712,0,buy
30,1454034.2512631218,3,2670879.526750719,-7.163778788865305,1,sell
1,35797403.07582111,1,67305901.71782717,7.74942065685401,0,sell
1,1427801.942251576,2,29458963.603523053,7.730870702768658,0,sell
1,12626644.378834715,2,19876027.895783715,7.193116315168534,0,sell
2,5035064.350842544,1,11840249.496149108,7.3266610527731775,0,buy
5,4888044.795097058,1,9006173.02618866,5.661917263037617,0,sell
30,14273753.311789673,2,63147029.332637236,-7.00220137658442,1,sell
7,1300140.3570072425,2,2844944.273233073,4.694947208440707,1,sell
1,10202070.413028982,1,20265777.353366565,7.663531255197081,0,buy
2,20495515.53134654,1,34888689.48066993,7.163018480120467,0,sell
2,25533399.060380127,3,64205579.38235894,6.491610846354745,0,sell
2,1948614.888187012,1,23109914.609772578,7.414064536098073,0,sell
30,33472492.07457954,1,45885501.49413256,-6.99547704565845,1,buy
5,13024843.943063533,3,14604129.350071268,4.7889609686728045,1,sell
30,31495235.11684367,3,35810048.67493796,-7.672397519046765,1,sell
7,6675401.347371238,2,8396825.079660537,4.394878238924397,1,sell
5,8334861.636203249,2,39751086.726541705,5.158955424622423,1,buy
3,36426585.6338459,1,55201754.764884494,6.5823254346982845,0,sell
20,33800203.947072074,3,53165862.84160375,-2.6449912198217955,1,sell
2,5773137.229729182,3,18601294.003466584,6.477833908080094,1,sell
30,2925626.1552320234,2,10194242.73102884,-6.969188460369138,1,sell
3,4655697.717338924,2,6453725.224648265,6.4439103890954526,0,buy
10,4558269.126254744,1,8190234.698047567,3.4360862379861157,1,buy
30,3071695.8844199926,3,4780199.194475902,-7.537738634187189,1,buy
1,2859622.4079957353,2,19904963.075935654,7.473176376519855,0,sell
20,29034884.377232168,1,30906531.126490623,-1.9472485857321296,1,buy
1,1314296.367826525,1,16905148.81530149,8.135151933882714,1,sell
5,14165798.926071702,1,29166831.09101113,5.693657221395662,1,sell
20,1966147.4464300699,2,7996525.404027905,-2.0346077352243785,1,sell
30,3848621.30074692,2,5545885.407843949,-7.064283660266121,1,buy
7,1272212.823963737,2,4698605.719827917,4.789051098120075,1,buy
3,2875259.9232153967,2,6373330.688422799,6.405703084516272,0,sell
7,20208047.336451788,2,35693836.163856104,4.341705978965065,0,sell
30,31887060.79472097,3,33447496.855986316,-7.637427431198255,1,buy
5,2378855.08346147,3,27997889.755623218,5.288973658915162,0,buy
1,6131318.467841809,3,25761691.799000565,7.131860512770571,0,sell
20,6296025.085966724,3,8368693.673995712,-2.3459364603504955,1,buy
7,30491461.484932937,1,47157742.98010855,4.396330218911957,0,sell
30,19768454.168743666,1,33438936.654415883,-6.726786309832618,1,buy
7,7442225.137989106,3,26107517.592957936,4.041662454360185,0,buy
30,13790479.724754514,2,15884514.784574352,-7.259653406910482,1,buy
1,27518884.13049331,3,29371311.676042598,6.673534031223316,0,sell
20,1038021.6143453649,3,3560219.739860949,-2.2026948590766535,1,sell
3,4836131.238116081,1,9020260.07797555,7.096377129990815,0,sell
1,34783952.3795758,2,57089505.45752171,7.207808773334583,0,sell
7,18103795.417782657,1,36039177.59319416,4.607244234220734,0,buy
3,8361250.060557618,2,45713304.659326844,6.611167576644585,0,sell
30,7940542.314179562,1,9198337.309233047,-6.653239695585745,1,buy
3,3898081.942056991,3,4944327.855792405,6.159096705731623,1,sell
30,7662116.893320519,2,23072587.46713221,-7.083310343452126,1,sell
1,12986029.862456,1,15967984.811732253,7.758214158721129,0,sell
7,5137907.1688242415,3,8832699.406870456,3.8023733616357784,0,buy
5,16342736.340085495,1,24834545.789821655,5.686831336674763,0,buy
7,29054119.662284955,1,30546903.15591762,4.662857043746659,1,buy
30,1831491.541151811,1,14188647.720706485,-6.3347717600093585,1,sell
2,5850120.979546866,3,9418046.320265904,6.75850973225938,0,sell
20,4934167.589496271,2,16818205.197037615,-1.934349383177409,1,buy
10,14722517.56436668,1,40841288.0261981,3.208765456046177,1,buy
5,2657769.5935645746,3,4610818.068819383,5.157120756854004,0,buy
3,12239596.471667774,1,50392312.72953121,6.6460392669196615,0,buy
5,30961921.187908623,2,38934948.16080315,5.228125726603458,0,sell
20,5133257.447507526,1,42118339.72698639,-1.4528579374718547,1,sell
3,35301108.88522111,3,37554970.14424008,5.716471713824966,1,sell
20,48680541.65298318,1,59325251.62123405,-1.9773169364493333,1,sell
3,1514423.048096193,1,6369455.056355963,6.9655284467337895,0,sell
5,2488572.9478848,2,23160467.428242676,5.6639912918598885,1,buy
3,41178136.650921926,2,51879056.7147527,6.25457440517198,0,buy
3,42478580.31324714,2,49399549.69689426,6.0557395230045445,1,sell
2,1465553.6792319159,1,37039727.26743465,7.599806710365156,0,buy
7,1060429.9918122846,3,5432736.306894738,4.027664276687501,1,sell
7,1878036.8399005523,1,4242539.297087129,4.976157729848923,1,sell
10,49226146.84592466,1,60019233.80278129,3.130882662144423,1,buy
10,2022152.7083203027,1,13509125.611646745,3.445165873442982,1,buy
30,7141892.511188848,1,12713860.222831666,-6.831569636082035,1,sell
30,27633523.742469233,2,34343729.97481564,-7.240014827369421,1,sell
30,1083082.9635130763,2,43765840.4044319,-6.823205669203357,1,buy
2,10641642.104370976,2,28213230.122744523,6.856965969762312,0,buy
10,2955683.5061444906,2,4497061.158902363,3.0675957202761905,1,sell
20,29179722.452877097,3,31472714.916975167,-2.6264273209722875,1,buy
30,3031042.2493747002,1,48474925.85664288,-6.461893263535369,1,sell
30,14681734.598287037,1,31830907.739192985,-6.773331331987953,1,sell
5,13979090.994591143,1,49841067.519785896,5.813258155660564,1,buy
1,2378542.3895352967,3,5661395.967939198,7.165207294670838,0,buy
20,1145836.880988812,3,19360013.45706454,-2.188898901215582,1,sell
30,4957956.934984846,2,21291078.136273712,-7.042235302179669,1,buy
30,3099777.2792372615,1,6266933.210167628,-6.690811062391094,1,buy
30,23682575.51415802,1,32308793.225956645,-6.736433904729742,1,buy
1,22897852.250136036,3,34538025.76820351,6.825791810335703,1,buy
1,5976817.376553948,1,12544747.365004126,7.9857184067403,0,buy
2,10726204.63233453,3,36156523.79641116,6.482595441977388,0,sell
20,10632093.629831491,2,36634857.940801226,-2.119879231158656,1,buy
2,25428274.031456295,3,53298777.699627034,6.3987564031879565,0,buy
3,5273104.200066019,1,28446652.887110617,6.874856411492118,1,buy
1,2937484.9266657196,3,9686481.185043585,7.073362693018003,0,sell
5,2820242.000385457,3,7267089.408564182,5.127589288531857,1,sell
10,8146566.35126478,2,33997924.729580276,2.995885105571502,1,sell
5,5795478.832487567,1,12600626.822861252,5.902839956208325,1,buy
10,5594380.32929801,1,8216047.86496878,3.2511741288066696,1,sell
1,1428366.3336290831,2,8705518.284322185,7.676065181895969,0,buy
1,16629768.381665869,3,18371569.610310175,6.771352969640494,0,buy
1,2307449.5888159517,3,17271796.18853628,7.181709365626503,0,sell
2,2160818.6021541054,1,5882337.093990422,7.583829591196314,0,sell
20,5026480.5361414105,3,7798852.382651093,-2.50751060200417,1,sell
10,2437746.6598314135,2,44615133.48364501,3.0538394162780547,0,sell
20,9816522.875040686,1,30704554.13373881,-1.8436352385825456,1,buy
2,4276663.412937904,3,26014057.374335013,6.638212867914914,0,sell
2,5790119.8229997195,2,17263329.13825345,6.94531342409763,0,buy
7,8177763.838984791,2,34829741.066080816,4.313701040662986,0,sell
5,2217178.9540098878,1,21706391.138323147,6.019969460636257,0,sell
5,1839150.7787300264,1,12245503.992960457,6.004188255917646,0,sell
3,31319181.537717607,3,74265063.80474158,5.821963395739559,0,buy
30,5456115.5753165865,3,7572107.824196916,-7.552604457142866,1,sell
2,5013426.839985106,3,45079229.28313333,6.52033177192555,0,buy
10,1149486.7646401105,2,5958227.868037589,3.192334190371887,1,buy
7,7015308.935655874,2,14917254.310284797,4.470111431858349,0,buy
7,8740126.8199501,3,10356458.265848182,3.8699218087375735,1,buy
30,8901308.990861744,1,17173610.16910135,-6.723839999129663,1,buy
20,15893690.394696526,2,26818702.776668232,-2.1250007306707026,1,buy
30,2002333.0416545102,2,51554767.16244561,-6.900309909609259,1,buy
30,2682375.288346884,3,48058003.92910195,-7.383059134970504,1,buy
30,23845516.951675154,1,67686472.47925942,-6.940244796197796,1,buy
5,40664409.204392,2,44571926.09507489,5.079561755347493,0,sell
2,1701945.5449400463,1,50022515.433136895,7.540884043469177,0,sell
3,7006347.373729354,2,12947130.757746588,6.202866307469654,0,sell
2,2311420.863656073,1,30316980.282353606,7.416767374117704,0,buy
20,1264918.403090976,1,3595804.9683937114,-1.3942683593958245,1,buy
1,3572896.2703549163,2,10807177.694311785,7.579249343611525,1,sell
30,1754369.0828223422,1,45529310.660796285,-6.579795193249281,1,sell
2,16075148.621543301,2,56717416.73646014,6.711242454304341,0,buy
20,8068326.573208822,2,22577579.396441035,-2.1127966920663432,1,sell
1,1755377.1945386792,1,24425955.7259977,8.07581742599231,0,buy
1,1036814.7847004725,2,3030899.7794471183,7.657445662971127,1,sell
30,23606662.175876316,1,40436356.53648095,-6.897505178607092,1,buy
3,1992273.741877487,2,13213744.563019356,6.628168780441908,1,buy
10,10713808.790901078,1,12144492.568937574,3.1209026160133893,0,buy
5,3736114.901036495,2,5292989.947767502,5.660347070210581,1,buy
2,9879228.879133329,2,11407647.970258813,6.856977958316755,0,sell
1,3437843.036677276,3,20446135.093691982,7.075581682725256,1,buy
2,1405101.5271755753,2,3145985.744249474,7.2618945720188774,1,buy
10,2392133.3013824485,2,8624644.9472271,3.0789592060014104,1,sell
5,2086920.2996991936,1,6128036.888339668,5.96974006149753,0,sell
10,5335707.834780018,1,13951397.004594807,3.3803840625423605,1,sell
5,13134223.504422523,1,28993463.1084435,5.709195909700747,1,buy
7,2806716.8912252444,1,17372138.226845954,4.880160840558858,1,buy
5,1048350.3826068674,3,8562033.476283506,5.399481621670466,0,sell
30,7614809.026059878,3,13765034.279887944,-7.661128990995604,1,sell
3,10694665.418515023,1,15435739.739565331,6.696041983585179,0,sell
10,43240239.16162176,1,72371491.06200486,3.2077122067732984,1,buy
1,10034441.672956353,1,13682882.377380166,7.756875998433298,0,sell
30,6316958.812644799,1,9075342.973245159,-6.841253937384001,1,sell
7,9423064.478390012,2,27740755.428673312,4.468899305208993,0,buy
3,37711632.85954291,1,41796964.617326625,6.51484679938493,0,buy
2,25549924.52893307,2,53030461.50606726,6.59700499678132,1,buy
30,3537782.9130191235,1,7144176.297681416,-6.4884333440716615,1,sell
10,2529810.82891716,3,18110375.798540648,2.767372883888693,1,buy
20,2793872.7997311433,3,3986868.4181179693,-2.2148656934732127,1,buy
20,7194427.0953825265,1,11713608.431133162,-1.7995410816471553,1,sell
1,18370361.362677984,3,22199823.42884479,6.839577870067846,0,buy
5,7160681.193993566,3,31567584.53490153,4.968786912191781,0,sell
1,1303719.1442946517,3,45257690.68183491,7.166039605940078,0,sell
20,16956722.220841005,3,23024413.341456883,-2.5769394374557706,1,buy
2,23405561.967738852,2,48603911.35677877,6.825746840942365,0,sell
7,3103474.5560567807,2,18547492.91156114,4.480699572818761,0,sell
7,13437847.561206963,2,57448699.51706618,4.317063183833458,1,sell
10,5305995.092687497,2,29186804.14845562,2.9584684231349536,1,buy
7,32403141.37695512,1,33757185.79155921,4.674920621106292,1,sell
10,27290586.566113118,3,43577704.870738946,2.2936327601676645,1,sell
30,7810758.39815908,3,15935282.920145787,-7.511982850260596,1,buy
10,14957092.523192417,1,16023502.917302521,3.276645496795724,1,buy
30,31679961.518020704,1,34352802.85061502,-6.917655673438722,1,sell
10,6953578.002517951,2,43769400.94103993,2.845671091020421,1,sell
20,3405678.2197922897,2,40846941.58542022,-2.0973217144989054,1,buy
20,19074631.71764595,3,41837289.53397477,-2.7140801306071927,1,sell
5,2365298.5515917353,1,48925419.1822097,5.992220124548086,0,buy
30,4571963.622535139,3,28030242.43539548,-7.563087248561185,1,buy
3,29569542.677557632,1,30610269.165530834,6.60789095425867,0,buy
30,17012644.484408803,2,20095987.98707177,-7.38584445515768,1,sell
10,4853586.627026995,3,5980860.826094933,2.4580739665432603,1,buy
10,2316564.88106102,3,3761627.331164834,2.7363693258010136,0,buy
3,4025127.2856760253,1,6379113.87168074,6.841921281160512,0,buy
1,3038676.223288301,3,10208869.551994706,7.1525534950447325,0,sell
10,1991454.6377437944,2,29529394.780051075,3.0888225327563656,0,sell
5,18318939.29015524,3,47456665.85371755,5.009771690289328,0,buy
7,2680767.6667782087,1,13821364.922301637,4.962351683454588,0,buy
7,5910400.476322758,3,43662671.245506465,3.9252163260047297,0,sell
2,4524427.42341959,2,11597219.534842703,7.029311626439977,0,sell
2,46614390.30703365,1,79006972.6742396,6.905438929093794,0,sell
7,4618000.671549866,1,10526038.270579267,4.96455246155982,1,buy
7,1367375.6416741621,2,4325367.484780877,4.731356814899965,0,sell
20,1421056.2178996822,1,37475438.51853595,-1.4242704891741509,1,buy
5,10084929.173992634,1,14646244.089707186,5.821048343330303,0,buy
3,10430393.573071968,3,17596256.24476131,6.05772210178663,0,sell
2,5145871.818021981,1,8766003.350222692,7.346018054295913,0,buy
20,5416134.987161676,3,18786436.48521448,-2.44203651722317,1,buy
20,1234894.4549088818,2,50272381.30341064,-1.8081354651656287,1,sell
3,7543919.179186578,2,8648879.681821508,6.316788512093299,1,buy
20,7203394.976734259,2,40995462.99349673,-2.1604613323138855,1,buy
30,1795063.4592193447,2,2810540.837405619,-6.883953911893972,1,sell
5,1501135.8686898856,1,5658444.287926576,6.037098867702674,1,buy
7,1621608.286247345,1,3555614.684017428,5.051280241742994,0,sell
10,1484717.9543303736,3,20835609.032423377,2.6900300295012167,1,sell
3,10861153.100341557,3,12080104.247295368,5.786941987149279,1,buy
7,2156841.0111480057,3,10873585.864376308,4.3291064160757635,0,buy
7,2674067.0137823187,1,5844150.172264668,4.809796133125176,1,sell
1,1971940.7715568696,3,3658888.956377371,7.2772184855820345,0,sell
30,42396836.407086916,1,62875234.96611536,-7.005114287105189,1,buy
3,28311927.341520116,2,30652837.141871184,6.207209268192528,0,buy
20,2463790.71840449,1,4862720.168319357,-1.4720506643019728,1,buy
10,3601847.389635499,2,6535084.742653774,2.957824817237956,1,sell
3,2273011.553464347,3,12201865.706108272,6.037294459065736,0,buy
20,6849872.707315247,1,20055305.243148066,-1.5951249266112741,1,buy
7,1079736.3102920984,3,2151024.111882912,4.355099603224221,0,buy
10,13824012.218362361,3,16399913.746332243,2.4043909506318437,1,buy
20,7741587.094602858,2,13139259.640012871,-2.0314031583566647,1,sell
5,33632610.97766785,3,37297146.06081663,4.793632568058123,0,sell
20,1902384.240702504,1,33684252.82331623,-1.5041192999439232,1,buy
1,23235792.48807236,3,45027612.63589027,6.797478035378184,1,buy
30,22157359.707254637,2,33728301.32205759,-7.490166228348542,1,sell
7,1644663.3915384815,2,5397191.248946488,4.650449645626885,1,buy
20,4754886.632071187,3,20258084.74185231,-2.54072654223977,1,sell
30,1945737.4299787108,2,29067360.649450764,-6.858118722386237,1,sell
2,2708709.867120526,3,12955762.544401094,6.618043100018731,0,sell
2,2800575.948798355,2,24317317.423327383,6.86926486923908,0,sell
30,8811076.030452544,3,27548369.526492245,-7.54004482056571,1,buy
30,5000055.586796331,3,14361967.317061175,-7.491793351693291,1,sell
1,40753940.41332863,1,44145425.57456613,7.669189115027642,1,buy
5,1639453.4145863387,1,20134759.210751545,5.8239383377158065,1,buy
7,45110093.84324793,3,47355737.4005953,3.6327966970408267,1,sell
3,2465177.1387112094,1,23567356.952571128,6.843813413530739,0,sell
1,20563149.598060198,1,43838739.52064219,7.715256115856706,0,sell
5,3766168.415901537,2,28700600.993422993,5.5178670701101336,1,buy
30,1750213.377532779,1,8110402.785923661,-6.411146431999937,1,sell
3,28676622.069499347,2,30799959.672232646,6.07379610089635,0,sell
30,3347691.29737271,1,4824850.842804985,-6.681662911405958,1,sell
30,13163627.036318991,1,31484597.179406334,-6.789493480738912,1,buy
2,9170031.554666227,3,41212908.96887876,6.633623484809566,0,sell
2,6331400.978548483,1,19088585.854701083,7.371311943618672,0,sell
3,6956365.805126197,3,8713980.271314561,5.914772886426423,0,sell
1,17540834.54554525,3,56298804.63173557,6.882448599544977,0,buy
2,1409689.7705626339,3,49322832.03649033,6.806922820227205,0,sell
7,13652711.155530645,3,19101465.88262529,3.7631429503063645,0,buy
30,33262729.941409178,1,43509578.656144485,-6.962995779749371,1,buy
10,1253661.8593203416,3,22170110.185940787,2.7472631517177772,1,buy
20,1733667.486257028,1,19561730.678675376,-1.3048243808991433,1,buy
3,16501984.110573785,1,60581966.229864724,6.679641143558085,1,buy
3,5532588.934774924,2,7100000.062724788,6.604003918603839,0,sell
2,4848607.199917566,2,14545534.248229964,6.883055497456507,1,sell
1,1708843.1571935841,2,16690875.38971281,7.672600749800482,0,buy
30,7260843.870948826,3,39788331.74216236,-7.642746438284246,1,buy
7,1640577.2615117617,1,32195841.091410358,5.085633682518258,1,buy
1,6453032.594125897,1,52329747.678703964,7.7753361008425745,0,buy
5,19831679.1625222,3,27244882.85019914,4.80935119730776,0,sell
5,2746523.9928041995,2,28535719.43703274,5.616321572641746,1,sell
10,6559055.08467537,2,11879387.960249517,2.9928742390499763,1,buy
2,48462451.10308145,1,53680385.455679,7.035287798281806,0,buy
2,14675688.084819693,1,17369897.018594492,7.368780192272218,0,buy
2,26880659.360072065,1,51436827.99046232,7.102043529196798,1,sell
10,5067732.001884398,2,52368728.98018307,2.983803998654302,1,buy
5,20163813.68584866,1,22889757.545196448,5.665747167049296,1,sell
1,1171720.0723131166,2,2417283.604334589,7.745825216612068,1,sell
10,1617418.5226518216,2,25916068.12994723,3.1286671885295534,1,buy
10,2213149.9804467945,2,13530695.633589823,2.975877775736956,1,sell
1,4818415.676321219,3,47525456.02643909,7.096699542002288,0,buy
2,27346086.27256911,3,30028630.352784056,6.138987501046842,0,sell
7,3875213.494649889,1,5195517.255687803,4.977933891501124,0,buy
1,12947376.346235052,2,19812440.974575125,7.424467197690444,0,buy
5,16036282.95082095,1,17433308.05198941,5.625856328493543,0,buy
3,9906180.492962109,2,12690848.07717096,6.296355618374818,1,buy
30,4045231.572666996,1,5682170.990562854,-6.8095685649824045,1,buy
3,9558644.689597262,1,11961866.463887831,6.748380667921959,0,buy
20,3815038.9445716906,3,5329773.66823972,-2.3670560816397455,1,sell
20,1388350.004284693,3,43138465.37967575,-2.217077403084117,1,sell
10,48612077.22195967,3,51585589.21501729,2.2312365635380766,1,buy
30,1644671.526759445,3,7322322.399579548,-7.302737224135001,1,sell
3,1327143.0405563586,2,34956185.899389386,6.747682511277378,0,buy
7,31088329.821782034,1,45238089.41658597,4.476259609809517,1,sell
2,3256927.079695154,1,14477812.844793921,7.324798174482817,1,sell
5,12730194.902458293,2,28532873.110002704,5.1748819199928535,0,buy
20,3622186.9865745194,2,29216539.883986607,-2.063069056337752,1,buy
7,4624545.57887528,1,35608279.88542638,4.7506587889177885,1,sell
5,2788188.150771855,3,15142698.116734141,4.913864191373572,1,sell
5,3826674.0916056065,3,36342565.414120875,5.0219785894284055,0,sell
2,4986176.658763603,3,13107453.95534757,6.63474594356469,0,sell
30,16748090.23197656,2,19706844.15845014,-7.203277845580262,1,sell
10,7397494.486374835,1,38674410.93141428,3.3559739444516508,1,sell
3,40094887.66923986,2,48411492.99343736,6.186660814667926,0,buy
2,1178022.3574085273,1,35811857.15764783,7.5425589298882745,0,sell
7,7156455.75004101,3,8326612.146721073,3.975307214225144,1,buy
10,9830608.300125076,3,14566124.625151847,2.3776790909951684,1,sell
7,36592078.37165039,3,77357533.57164603,3.7726561126480167,1,buy
10,1212045.3147065146,1,3867555.791464516,3.8563683410279475,0,buy
30,9426676.258397229,3,49204575.194799,-7.674471667351832,1,buy
20,28202762.059592422,1,69952299.5379227,-1.812399798758313,1,buy
7,2576486.986820002,2,34107166.584077574,4.5015423285731835,1,sell
2,30817287.867321327,3,39888286.49031541,6.419572680085959,1,buy
10,1077343.4637532234,2,13641424.203368261,3.225373754336463,1,buy
10,17555711.869386278,2,47578650.2999984,2.7031690476287418,1,sell
5,38488534.351233065,1,59296320.19649728,5.516546341688336,1,sell
5,13078535.454497,2,24841331.04674075,5.377346065964448,0,sell
1,5570542.814971859,1,52218139.17010778,8.005560006081494,0,buy
7,1191932.0583000416,1,15811819.79614241,5.153728133391612,0,sell
5,36580174.20782241,2,82007235.7117028,5.103507685317036,1,buy
1,6295339.782040856,1,7547042.793080834,7.866588137830915,0,buy
20,1120120.1215330104,1,2842343.5847844956,-1.2576828787799954,1,buy
20,14858853.764281137,1,20706957.094152123,-1.7673938604911967,1,sell
5,6586080.592772254,2,11093195.800320506,5.397968491997481,0,buy
7,1626518.3397378246,1,22998412.60081798,4.884031885169593,1,buy
10,2312285.079374346,3,4186754.7302431203,2.794390135897773,1,buy
3,1286967.9501930194,2,46823130.70817887,6.648393090497891,0,sell
30,9456000.742721181,2,12885948.233487042,-7.215395628186816,1,sell
7,11397495.438526407,1,16752113.685366552,4.800040957909594,0,buy
30,7231709.878914115,2,10161142.874778839,-7.026243675569424,1,buy
2,24447362.62710487,3,34092788.49346295,6.217434590316671,0,buy
20,29028738.34869307,2,30286529.118618526,-2.3920477855551967,1,buy
5,11115458.560018256,2,12911422.416432757,5.386922327770493,1,sell
5,1051169.8029640468,2,19547600.40742553,5.813242902837675,1,buy
30,15176594.527018577,1,17250834.011102,-6.850099629483873,1,sell
10,5130599.699529182,3,7643249.648031892,2.528495331425715,0,buy
30,9138295.547186865,3,31384351.87149565,-7.608389034860693,1,buy
2,12669762.479535261,3,14110271.23870175,6.533717819517102,1,sell
10,3935876.857871836,2,9472626.708015868,3.0555291278034273,1,buy
2,36151211.11292552,3,37245631.0668978,6.138246212161,1,buy
3,1688959.672310626,1,5572388.665907056,7.1857028198532,1,sell
20,13831791.001705814,2,29232773.829652403,-1.8578516056605574,1,buy
5,1017201.0401061651,1,2439800.926015139,5.917422499882422,0,sell
5,37235268.73255627,2,69539088.95827457,5.18009947975751,1,sell
3,1552891.6249846683,1,36645172.191307284,6.877853962290982,0,buy
1,1449457.4169392174,2,2957367.683433579,7.6134155330146855,0,sell
20,3679340.490137956,1,51899061.32477084,-1.7465036588081668,1,sell
10,4311991.6840165,3,7514525.96020247,2.7228895706812737,1,buy
3,2312540.752592844,2,3702129.269426445,6.5346167892937395,0,buy
10,9865160.39679923,2,10885180.839016084,2.9500122475300925,1,buy
30,5655848.4912185995,1,10599731.054404458,-6.648522530848504,1,sell
7,1143044.9273438994,1,12892785.40256134,5.24991023920295,1,buy
5,3492040.4491106393,1,7159476.769073555,5.787184550739068,0,sell
10,23817776.228764184,2,50214966.69559051,2.494397119587546,1,buy
2,14851906.95167824,1,31352234.561409563,7.128318593943358,0,buy
10,17042520.97786521,3,20977241.944338705,2.3277042039671447,1,buy
7,15348986.833053345,1,33032563.004238978,4.521846919357568,1,sell
20,3375466.7589759934,1,42990539.21208657,-1.543657360627745,1,sell
5,1476814.7255550048,1,2916167.6981342067,6.078380201286258,0,sell
30,2903444.794339008,3,6215224.545933205,-7.2301489692297105,1,buy
3,25892755.77826358,1,32018754.09009455,6.704411170783659,0,buy
30,46322338.469250716,1,53338026.833751045,-7.038189286019187,1,buy
7,6902894.958605195,2,15243050.249738501,4.287970343538463,1,buy
5,1038677.2323279073,2,4280252.399684823,5.522744010849372,1,buy
10,1729545.2745180936,1,15333153.737059804,3.496234525465957,0,buy
20,3525374.318383182,2,15998612.6810667,-2.0147285384704494,1,buy
1,9616104.012088373,1,19203516.371927325,7.791368928278596,0,sell
20,1341472.7397471278,1,2902022.972647017,-1.608152611483165,1,buy
1,40062288.479000375,3,46524097.82318844,6.748024232184822,0,buy
2,4171249.907028438,1,8200449.640795479,7.433709520337574,0,sell
20,35518385.18343841,2,42345852.52206227,-2.4123732552409773,1,buy
5,21187666.608202167,2,58019507.16750991,5.288066641718983,1,buy
1,19207253.405694507,2,25759773.14873147,7.222678877487618,0,sell
3,10734908.995722663,2,11791125.491603754,6.454466845745248,1,buy
5,11611461.977115653,1,17177811.265197307,5.867309596909431,0,sell
3,12132445.784908202,3,36921310.767742656,5.919946210626463,1,buy
20,11699809.15402372,3,32849309.42292037,-2.491271693270795,1,sell
3,8725044.60141478,1,16176383.829540338,6.6325952435112905,0,buy
1,47411951.25881224,2,50068697.414705135,7.060656200083687,0,sell
5,17544447.997229464,3,23712836.05450403,4.897326944224417,0,buy
10,20893375.465955522,3,29965586.878582537,2.2891187580199306,1,sell
7,30359048.27325868,1,80333907.77436462,4.548770864391941,1,buy
1,2324692.361542838,2,14753780.06798565,7.47319199431346,0,buy
1,1387972.1517885753,3,16507397.7163354,7.422952765577351,0,buy
10,6613375.208949486,1,13451953.895998858,3.2146590483719533,1,sell
5,7471497.950640973,3,11473406.07251344,5.0686745064886765,0,sell
5,25630375.699338593,3,49684122.4474327,4.751987835256609,1,buy
30,5675119.222879688,2,12607384.495435316,-7.004139579141349,1,buy
20,9329581.594227433,2,58301677.8478999,-2.2053659064330295,1,sell
3,7860998.523276966,3,13840075.490795698,5.948366111398261,0,sell
20,1161195.6057511177,2,2465955.0292945,-1.782577277397186,1,sell
10,11097666.142395243,3,25541410.079749964,2.4915399807964125,1,sell
20,25516476.56830013,3,26716645.626888923,-2.609000056428237,1,sell
10,1851777.0904281596,3,4516148.097524464,2.708361394555957,1,sell
5,10227083.18832072,1,14217246.589640424,5.850878078594323,1,buy
3,10198270.082371924,2,28243417.348080233,6.367078447460471,0,buy
20,1900838.9788653236,2,8814244.211808879,-1.9135251744173543,1,buy
1,1620917.489979822,3,2739501.4257600857,7.310454424903631,0,sell
2,46246498.24352793,2,57415372.31965611,6.622704572264487,0,sell
30,4665702.672176806,3,9666253.27071945,-7.412432170046957,1,buy
7,2434348.184591034,2,39261588.97447969,4.464794325877086,0,buy
1,1954678.1667546385,2,9013648.91016941,7.532958937448246,0,sell
5,13621824.674841952,3,29636845.464412987,4.940199754028639,0,buy
7,10849988.539236136,2,13204229.997440595,4.246057105414622,1,buy
2,12398688.616926758,3,32026472.175116383,6.416718268818754,1,sell
2,1410975.9163692647,1,18194433.950353622,7.357461614560467,1,buy
3,32967685.247930206,3,67324089.50693025,5.954406537814764,0,buy
7,4585132.938723435,2,5726596.244082511,4.533871602069905,1,sell
3,3407259.5840197676,1,9165506.215005355,6.8670403054725995,1,sell
1,6102927.770774583,1,20354561.6705948,7.973350976733039,1,sell
10,4599499.176259496,3,6050543.276444271,2.476767054448101,1,sell
10,29321853.851392847,1,34306151.78051076,3.025743300724924,1,buy
10,37912857.89591851,3,77785849.22647777,2.293195639796635,0,buy
7,3277614.8035481866,2,8781123.079411663,4.611064249489263,0,sell
10,29363040.39275901,3,76588171.1706579,2.224395325203131,0,sell
1,21270825.98959606,1,22519841.58146966,7.676960773342481,0,sell
3,38142953.20564163,3,54722446.67012872,5.775170149865141,0,buy
7,2615305.3905893713,3,12323291.74955952,4.15004210302286,1,buy
3,9555123.172132827,2,16641135.39993751,6.29956236121522,0,buy
7,2927136.763788629,3,47537998.64754433,4.219509610177894,0,sell
3,25125332.63313762,2,26785959.81163382,6.0040409743018,0,sell
2,1021046.7800415579,1,34308099.42152285,7.610717359150877,0,buy
3,9111939.250255836,1,24053526.126019895,6.6927562232924425,1,buy
10,3769610.297131951,3,6524007.443634357,2.5843026804436717,0,sell
2,3533702.1375872185,3,37567375.95896286,6.536991171950411,0,sell
3,12464547.009316336,1,17826946.787978232,6.592377252579281,0,sell
7,27967042.252449866,1,52141002.6949434,4.52456597273056,1,sell
7,10839386.364101892,1,15416814.966980938,4.679010156507283,1,sell
30,28152391.880153857,3,56058929.17285064,-7.73504938279533,1,sell
7,2815415.882945704,1,14882817.759243442,4.940055409604854,1,sell
5,7631643.388304391,3,9367980.307730231,5.050994366928752,1,sell
1,5827040.890856327,1,18525710.60768749,7.977869764816507,0,buy
7,1046608.6866025839,1,3160530.9482396226,5.099788408212276,0,buy
2,8830943.969086995,3,13841018.52686662,6.361520639965006,0,buy
30,13301786.835134944,2,15248612.619386066,-7.119344880696906,1,sell
7,10130825.112692207,3,11220770.455727994,3.9713526479145855,1,buy
5,17820400.60580802,2,20111209.57506635,5.158482435677441,0,buy
10,9347354.660121933,3,17499651.401228067,2.4647474404037517,1,buy
2,1298394.5407278147,2,7877360.503420931,7.227549893849898,0,sell
5,1577020.9129211605,2,8689623.158973277,5.545599357515599,0,sell
10,10313175.674902199,2,12948369.577542778,2.785682109511403,0,sell
20,2932117.695746392,3,17522555.645895965,-2.3574121891864106,1,buy
20,1365572.2575117517,3,17088093.83640802,-2.2768633914367937,1,buy
2,5368861.181603526,3,9425595.799876804,6.3874898850199795,1,sell
3,8745355.471023375,2,40156340.009520486,6.601906292007828,0,buy
1,3618508.3009998756,2,16040067.891405586,7.442504427713549,0,buy
30,16749245.57558271,3,33020923.544163316,-7.702312935609522,1,sell
1,12409290.539264942,3,15368612.395014737,6.875974439777061,0,sell
5,3676617.1813540165,1,4679012.777018435,5.889126669248198,0,sell
10,19164865.85358571,1,48693761.66260447,3.1781357905685743,1,sell
1,12650666.858821124,1,37612378.40473385,7.602787694201888,0,sell
10,12105997.442956336,1,13725193.071113609,3.342176167630362,1,sell
10,8714792.745369272,1,13035883.6491386,3.124557022310252,1,sell
5,1045564.1995394352,3,14337726.872254083,5.247490758737544,0,sell
5,15252632.715076424,2,28073481.735338226,5.357447570738099,0,sell
5,4353952.868244586,2,33308009.003359605,5.543550458544537,1,sell
1,39945294.12996335,3,41676351.2522663,6.454727220483341,1,sell
20,24531922.841588363,3,29907866.829672217,-2.697985047454739,1,sell
5,9964953.476559214,3,11427741.411909165,4.951718894856937,0,buy
30,2681943.4897073396,1,7272978.883838386,-6.528886321324648,1,sell
1,2218756.99987108,1,3279639.0392081244,7.916366488076353,0,buy
5,3787072.585268141,1,37371580.808699116,5.869423165627581,0,buy
7,6451707.077279094,3,14311877.12255878,4.064805928176161,1,buy
10,3184244.5991932075,3,30967846.704096623,2.6960867143072806,1,sell
30,7496348.476246764,2,8760433.511842528,-7.253447322800765,1,sell
5,1909674.6916121582,3,4344369.372485777,5.246438587999142,1,sell
2,45825239.33311855,1,48583776.448220946,7.047563676746936,0,sell
10,1525318.6543041219,2,6064497.038494011,3.218973203004654,1,buy
10,38312909.96147578,3,61436000.7409799,2.153586808509182,1,buy
5,35656740.30527264,2,40193546.553581595,5.195443384897916,0,sell
20,7808573.455490067,2,10035470.855160557,-2.3027481307534288,1,sell
3,17045149.22458402,3,18334634.843173444,5.827572929960473,0,sell
20,5505959.070894422,1,6870712.1915594805,-1.6943611708913977,0,sell
5,11760068.432706198,1,31316850.888110593,5.729833485471624,0,buy
10,3789904.808494415,2,9487701.380664565,3.0680915004795013,1,sell
30,3248329.985607397,3,20378431.79011064,-7.490219987420409,1,buy
2,9602737.613739243,3,24030047.30247612,6.573124768550542,0,sell
30,7019519.33639261,1,8717672.123513175,-6.933738315980244,1,sell
30,9651946.536120163,3,11400835.809948659,-7.716582199803124,1,sell
10,3069217.9469627296,3,22269315.143581055,2.722068469693359,1,sell
20,4201944.860319816,2,21005965.090562,-2.009783921428925,0,sell
2,1388481.566846343,3,5776444.332011448,6.920329169342738,1,sell
1,1226919.2724857486,3,2580668.129863456,7.345231027365063,0,buy
7,2695355.5419476856,3,3743821.1179979374,4.149162028628393,0,buy
10,1337036.26482801,1,4424273.571479227,3.506238594022422,1,sell
5,1500756.099677042,1,2537492.545598076,5.97499401298178,0,buy
1,24051434.074878085,2,26511158.66065863,7.248957596827795,0,sell
7,1164247.3154230337,1,6325072.811205614,5.018513999416875,0,buy
5,13168128.062044455,1,14776112.137078641,5.7295826151284075,1,sell
30,2904473.6424300964,1,4408186.048074443,-6.631113108544345,1,buy
3,30250319.70591931,1,63594520.615055054,6.597323434309183,1,sell
5,6667873.374773996,2,16546487.414366452,5.562955821562372,1,buy
2,3304952.6248305417,3,41996151.08381297,6.672103872029279,0,buy
2,7576227.806461609,3,11444778.382018324,6.4425605876489005,0,sell
3,4455897.7581989225,3,18595882.37915385,6.105900732370811,0,sell
1,9093489.764280658,2,11320719.495332016,7.389071136192412,0,sell
7,1565265.1205869205,1,12799452.193775192,5.051951790439808,0,sell
5,49414790.548439965,2,51074997.65400402,5.140204067984051,0,sell
2,5284533.695017212,2,6292706.419197799,7.035402715200226,1,buy
1,3905111.256747354,2,42156269.37448864,7.598538401618576,1,sell
3,16092563.410210958,3,24857502.46568549,5.874093765973543,0,sell
20,4151969.707150898,1,41722245.39247448,-1.756137505881485,1,buy
10,26044021.765762154,3,29735240.193099048,2.3085158082634734,1,buy
20,5912788.363041313,2,9517733.829475068,-2.0883240017288998,1,buy
20,16691991.716003593,2,21486022.628600333,-2.176650375050172,1,sell
2,1522508.7302318567,3,17354751.97050301,6.614447599560356,1,sell
30,27386158.4371136,3,36533436.84796726,-7.657626541892802,1,buy
30,17781270.598819073,3,55119200.027916595,-7.628664227956894,1,buy
3,2289288.1277136216,1,3393934.64563478,6.875551796515976,1,sell
5,1765373.3760063036,3,17731650.236442067,5.005436693780732,0,buy
30,3446443.895958373,1,7087411.676668318,-6.502851872626076,1,sell
20,45531781.99401491,1,47555786.93428297,-2.0845544366122564,1,buy
30,2731172.565694346,3,10095733.383613925,-7.502091080065775,1,buy
20,5955886.95606889,2,13168426.704889957,-2.130135402818828,1,sell
7,1124613.9414809127,2,2833753.9007986444,4.799118739415377,0,buy
2,4730179.892645884,1,6933184.185144611,7.381193944623504,0,buy
2,9346641.153456738,1,14283600.175643204,7.301676327711814,0,sell
5,41622688.331170216,1,46572154.12421782,5.523337685806497,1,sell
30,7549514.794294756,2,11013067.125655914,-7.079886821761347,1,buy
30,24639890.728163272,1,26427916.427809317,-6.911881627991753,1,sell
10,8502633.377518917,1,9519890.524093239,3.224639979465278,1,sell
1,1172985.1512806513,2,45677110.30197555,7.611482058212587,0,sell
7,3429174.698153237,3,43513713.43111082,4.0803487068843305,1,buy
2,9502575.958697496,2,16135537.615940392,7.096012691180532,0,buy
7,41212658.88050612,3,90254083.9435607,3.7866836822317635,0,buy
2,28816200.086751357,3,42764410.85535881,6.198746923905779,0,buy
7,2443258.052597602,1,3752400.4589789556,4.829936019424554,0,buy
3,2365701.7920648465,1,3950593.85032925,6.958912236295561,0,buy
20,2196781.369871103,3,38208582.60196908,-2.4916337206991184,1,buy
2,36923082.77084595,1,48683962.06316061,7.1371140046852055,1,sell
7,28096629.060499478,3,55170084.54069997,3.5331140496381166,1,sell
30,20725437.56071102,1,54309497.05035978,-6.896134594397054,1,buy
1,4647775.889696245,2,10415972.312197026,7.284356632888059,0,buy
3,7193291.954154443,3,8402341.605534412,6.0421614520366935,0,sell
3,6150149.975549077,3,8238881.710406039,5.945601474026221,0,buy
1,2694733.2673376445,1,3992222.4375465587,8.01842316476929,0,buy
7,7211531.448547306,2,9304021.184926989,4.180597826039312,1,buy
30,1126711.4818054195,1,6109622.453740857,-6.305337658158062,1,sell
5,1674718.7043562206,2,3262580.997503062,5.656024859428839,1,sell
1,32084045.979019433,1,34003929.08365561,7.564569956489398,0,sell
7,18926982.346511688,3,24647532.9939064,3.7647547955110805,0,buy
1,5229266.106930866,2,9013171.252731893,7.4153056686292045,0,sell
1,7561761.113019175,2,13792465.190770209,7.461422641744281,1,sell
2,4252232.562605208,1,9612054.993018445,7.294446893304233,1,buy
7,18136888.12507665,2,30580568.13286127,4.244361287523816,0,buy
5,21493665.970762637,1,60600884.83559646,5.599422536940263,0,buy
20,19806085.199222557,2,21331044.57894823,-2.239809849056811,1,buy
2,16892566.81166374,1,18367050.6487944,7.027024250791646,0,sell
1,2225598.0759452516,1,30337614.7832654,8.122496377650542,0,sell
20,3751464.638261978,1,11001711.792124223,-1.5091261006470607,1,buy
10,6284247.784627323,3,26333544.641910534,2.340821872220035,1,buy
20,3647601.3693895806,2,5970313.3096901905,-2.1949030712334228,1,buy
1,19169940.06862286,3,44768329.95821738,6.987622896072473,1,buy
1,3627118.617475673,3,40745386.61681883,7.109028470164646,0,buy
30,1717323.7222331911,3,13730741.537283897,-7.463128371517301,1,sell
7,4763846.492179184,3,6277007.987813651,4.0111301343772965,1,buy
7,46221626.951812215,2,79417113.17744242,4.083070595164604,1,sell
2,2419723.5156126674,2,24622785.81971038,7.128377571571735,0,buy
5,10965771.687801449,3,29833465.473352082,5.027202210263786,1,sell
2,5440116.802598863,2,6594633.162135904,6.952757388762504,0,buy
3,1320287.7992851902,2,24092926.97711003,6.640136478088676,0,buy
1,6743536.607188012,1,8458973.037524797,7.759824517318533,0,sell
20,15593949.824448926,2,17980812.552061394,-2.080510930765702,1,sell
10,7446382.561727172,3,17008075.06268271,2.4498369838106004,1,sell
1,30316708.147595137,2,33136352.83502666,7.228423852787733,1,sell
1,3096672.8356248518,3,16389298.201698348,7.01928378312778,0,sell
2,1401311.7221283813,2,12193100.863771934,7.021568998978249,0,sell
10,39011880.147097684,3,40538542.24292769,2.2571428507587634,1,sell
10,4390806.046541091,2,17408950.704767432,2.9351326755202427,1,sell
10,9534452.12215713,2,46668447.34034304,2.7166713929357287,1,buy
2,22161010.251185127,2,24039119.694266688,6.692607632266943,0,buy
1,3556306.527624305,3,13893210.083963946,7.354186370518165,1,buy
2,16471838.234177006,1,20280908.74810089,7.166559986194734,0,sell
7,1698527.426304255,3,7736156.718112343,4.18876143725996,1,sell
7,3125354.886452519,2,6198653.043285461,4.495404553882296,0,buy
2,1761404.2102917563,3,5757697.269826474,6.833041291191259,1,sell
10,23892213.411521405,2,25011961.476194624,2.6987428731753624,1,buy
30,2389320.2955979942,2,48907955.05130875,-6.908757461861565,1,sell
1,16551872.094548166,1,28073565.816530094,7.7412328240214965,1,sell
2,40053058.234397724,2,47143671.18015044,6.764437325098479,0,sell
2,7882593.889536918,2,12369230.222996868,6.810586066751205,1,sell
2,8269769.39170979,2,16518387.486564018,6.7797465481524855,1,buy
30,6071307.130703652,1,10495037.926361531,-6.748016220950235,1,buy
30,3578306.837789552,3,7665948.0877486095,-7.330228188569286,1,buy
3,6428706.962998824,1,12569596.113779074,6.891374902463905,0,sell
7,10571872.474231312,3,13515527.386892805,3.9579139078546,1,buy
20,47333662.04349342,2,49356212.56788267,-2.2936833105434546,1,buy
10,39195287.77417179,3,48019109.50193964,2.314208334382316,0,buy
5,29158959.003670856,3,56188159.30892937,4.720527705824763,1,buy
30,32404558.602393996,3,34222795.596659794,-7.883435072254416,1,buy
20,6235362.818829024,3,7371981.167827378,-2.5246369409003053,0,buy
30,13091161.825508105,2,15717349.457736393,-7.140731248344528,1,sell
10,33165879.167452402,1,79352478.39877868,3.112338588811241,1,sell
5,4651698.550818441,3,30239625.851073124,4.883914510346603,0,sell
3,43053216.3930226,2,53341870.13452921,5.886832578302935,0,sell
2,5086371.154988455,2,42997440.40918493,7.0195804108506055,1,buy
3,10500776.587915018,2,16209195.851856261,6.410846930146516,0,buy
30,16067078.545676045,2,62901401.850582145,-7.189936008481559,1,sell
3,41212344.032886,3,44399536.47494069,5.820186752681493,0,buy
20,2603728.5920595047,1,5163918.965733625,-1.5257389790457605,1,buy
1,18520561.585180286,2,30655141.749117956,7.1194391611041885,0,buy
30,7670966.01450783,1,12061044.135817768,-6.7435394455184285,1,sell
30,2859371.1195396725,1,14451848.777742961,-6.568855783940543,1,buy
20,20865640.761737056,1,24163090.89911044,-1.9229771498822172,1,sell
7,8673793.723776631,2,19889447.221262917,4.309896209068436,0,sell
5,13273171.166037725,2,16214100.746099222,5.29415651007148,1,buy
2,3536708.2043401645,2,4757383.108422328,6.923414548248745,1,sell
20,6571583.159723947,1,42027729.99309664,-1.9018732366042528,1,sell
5,11190934.516371677,2,42852992.91987237,5.340290422349458,1,sell
10,4874514.065307581,2,49476781.34412125,3.081566665881329,0,sell
5,2172846.2401686125,1,18668068.803955503,5.7604885822983425,1,sell
10,43032675.776295945,2,57484504.38104512,2.6396072551058687,1,buy
20,7395507.957911153,3,16302466.859219406,-2.607982566910821,1,buy
30,17656665.710196286,3,19293378.16651365,-7.572353870663924,1,sell
30,4992945.806219699,3,7089495.28890864,-7.4085386660346595,1,sell
7,4011974.9681155835,3,7115107.456615921,4.192189131544716,0,sell
20,4917676.203630242,1,37452537.47040477,-1.7287253283914872,1,sell
10,4956930.42995987,2,6924227.902345174,2.9610547852366276,1,sell
5,8405154.365974078,3,45382338.953893915,5.222453290786206,1,sell
5,8381833.0709576,3,16112149.636456985,4.99420827058746,0,sell
10,6992772.844814878,2,23426321.186319605,2.9726442564699176,1,buy
3,1694326.1182081893,1,3233551.0029430967,7.159446623799788,0,sell
7,6963336.100719144,3,9828041.255468426,3.91409742123827,1,buy
1,1937771.0103111563,2,44448090.00510295,7.396656903757157,0,buy
30,1637951.044786965,2,4470521.862031691,-7.045307211876568,1,sell
2,38418207.54950148,3,41608140.161407575,6.124431614826045,1,buy
5,10660852.299259854,3,12827119.528084476,4.895116261826036,1,sell
2,13196350.039999107,2,14853234.732769564,6.853967506827486,0,buy
1,4815433.545406437,2,7305997.71652775,7.5542417789804945,0,buy
20,35021219.90119722,3,47360622.16409327,-2.852932286185892,1,sell
2,12128993.593135778,3,18067211.361723788,6.631715313550949,0,buy
1,20267329.89110146,3,28993316.77106896,6.9684994681248345,1,buy
30,4228405.018527906,3,5842370.245821582,-7.471728074517855,1,buy
10,42759379.004959814,1,65814732.41026795,3.2621089785161788,1,buy
3,24770748.03213557,2,46256639.46060753,6.267079961593841,1,sell
30,28237927.82872188,3,29326057.396174215,-7.7190492513912,1,buy
5,1961340.044049395,2,6444462.913465817,5.502981539795361,0,sell
1,2886412.272798724,3,4195109.5231299605,7.0259235327689336,0,sell
2,3056828.158679893,1,25226739.66011155,7.522351419090086,0,sell
5,2885802.758374233,2,20775338.770636562,5.547083977179384,0,sell
3,28399638.300352678,1,62475803.61421558,6.629203331974741,0,buy
10,1132847.1350011078,2,3654255.7662316244,3.067197279386078,0,buy
20,1346764.3093312792,1,7306582.597666426,-1.3912336021681888,1,buy
5,2919934.765455074,3,4977906.32877939,5.143080353608284,1,buy
20,2185637.7775431,3,6458481.591221049,-2.428435962327965,1,sell
1,2476980.166820081,1,10190908.849470323,7.818645361215472,0,sell
3,22682010.3200963,3,23914000.97126595,5.825091957145342,0,buy
2,9051805.04467468,1,25440462.75395588,7.3305946444411045,0,sell
3,1022831.7024838751,1,9398879.034554116,7.202653307386823,1,sell
3,5362983.997840446,2,30971033.759807613,6.4656966430332306,0,sell
7,4931559.257230765,1,7827214.939140404,4.77463119201219,0,sell
3,1561671.177398189,2,35815999.97942025,6.633699995817068,1,sell
3,14084603.239756882,1,63829848.84150891,6.729841177913217,0,sell
30,15589854.544689288,2,52053532.46996647,-7.2976913227642575,1,sell
5,16779381.77494021,2,37750229.32177212,5.220322792962998,0,sell
2,17284239.899117284,3,41283078.69648345,6.36580859417343,0,sell
30,1000206.6815301351,2,10435909.5892268,-6.777848573213596,1,buy
30,41752533.41292123,2,43856630.181072466,-7.498152014163313,1,buy
5,24172205.20761029,1,38306424.19641513,5.556298956587975,1,sell
5,34342964.97745185,2,50596430.37455486,5.171628820624585,0,buy
1,1063108.2526763699,3,48284610.16899546,7.340294288123371,0,sell
5,38600957.92741397,1,46911985.05034338,5.5536443499220844,1,sell
7,23757810.83699903,2,26648809.006141413,4.243324651763388,1,buy
7,26449058.119970072,1,40954772.01055001,4.623315172409895,0,buy
30,1440431.0299437868,1,47564768.45528271,-6.538154005735394,1,sell
20,17995408.554181825,1,19995643.978978112,-1.7054641836235946,1,sell
1,42743458.80107461,1,46323274.63851251,7.485593295059065,1,buy
20,14217773.116549116,1,22547667.33607784,-1.882622161382466,1,sell
20,9318944.217540056,2,11265153.586789723,-2.288156857539872,1,buy
30,40420013.82340812,1,41510831.58287625,-7.019051707112139,1,sell
10,5656357.931992344,1,9393367.561984068,3.2647973162638695,1,sell
30,10427538.282787824,3,39955878.38737161,-7.597231962956346,1,buy
2,6445913.48960802,3,7631276.870550172,6.5460386620889155,1,sell
2,38448353.70377582,1,43803084.0470693,7.1592521205662925,0,buy
5,1346683.9016370396,2,21068924.403659824,5.735656953677073,0,sell
5,7102109.112991405,3,48734240.052458204,4.7979803273159884,0,buy
10,14693037.679380722,3,61931216.18070899,2.4886511608063904,0,sell
5,22152638.221341234,1,27363545.19852918,5.676973892501198,0,buy
2,9784332.299734617,2,50963200.77161378,7.030326377654431,1,buy
20,35012569.480931096,2,36161187.891821876,-2.4091273368600676,1,buy
30,39848796.78288278,3,58353857.03064852,-7.865958553736426,1,buy
3,1286105.0126290964,3,13645756.738752041,6.347899639210947,0,buy
7,4826312.92889985,3,7480491.579166741,4.133952178902401,0,buy
3,1096115.1344158505,3,8372554.509539837,6.218240850363356,0,sell
3,3628014.547464463,3,5288013.883779682,6.076944612437643,0,buy
2,8168136.723024295,1,38424548.02806334,7.325753632446659,0,sell
3,35270634.05922565,1,39326262.051710084,6.58839639154686,0,sell
30,27432816.65370679,1,39010742.846810445,-6.911556017645519,1,buy
10,1646714.126580842,3,3507756.012601725,2.732735336192835,1,sell
1,1438983.5066862826,1,3679085.9873299794,7.962350170084826,1,sell
5,10026457.865011187,3,58477611.212876536,4.926259966307135,0,buy
1,8017749.3262819,2,27049169.375432894,7.242206429694248,1,buy
20,2835095.0427744635,2,45923592.67161644,-1.96037223449665,1,buy
30,33739901.54547702,1,36921477.204996705,-7.076654181485291,1,buy
30,37632902.2756007,2,39536553.53816657,-7.46676938012095,1,sell
7,4830863.397980894,2,11987323.091201006,4.777131682711506,0,buy
30,32553473.80954462,2,39478582.173177406,-7.524146448624604,1,buy
5,4490737.343281926,1,6473308.936642034,5.967122604446935,1,buy
30,17857871.598038647,2,35466196.997033924,-7.2148662621892266,1,sell
3,6435933.549743907,1,10553581.18330148,6.844462948529424,1,sell
7,1615344.3089272059,3,3688485.7697977154,4.11975314680901,1,buy
5,37716585.92862268,3,41381213.36928516,4.816225657366521,1,buy
10,5908761.917099064,1,14979428.91364037,3.1457802968941233,1,buy
10,17695850.886879515,1,34845384.85658662,3.1099366222638967,1,sell
10,4205496.705520522,2,10792959.278716296,2.981557997827333,0,sell
10,1076658.6808297148,3,8892399.014221212,2.9549956225470835,0,sell
3,1481828.9116018075,2,3203955.124901553,6.705240819517033,0,sell
30,6967259.898040666,3,42779578.89639268,-7.540901094374559,1,buy
1,14867185.041372364,2,52700513.83430241,7.25812983270044,0,sell
5,3704292.5591170546,2,18196057.373309746,5.556495895549798,0,buy
3,15191967.774805665,3,16263376.638430916,5.761505243024195,0,buy
10,15380162.01671349,2,23554883.838072974,2.891812843436763,0,buy
20,15702398.381082023,3,27425004.145247005,-2.631843549339248,1,buy
30,6867202.538050042,1,55832420.21173743,-6.783033440881185,1,sell
1,35839680.255446315,2,85076260.27965942,7.011575396684034,0,buy
20,6778447.087087779,3,35423904.67876808,-2.7432238239309914,1,sell
7,5820858.709820498,3,7104509.642810639,4.205021707860727,1,sell
20,2181433.7646209425,2,43828843.325347334,-2.108292194628828,1,sell
7,3331936.876425699,3,14319289.978725785,4.163359383616383,1,buy
7,1180116.9086000237,2,24124828.33139769,4.717978871361254,0,buy
10,11922229.03072747,2,16840454.535162363,2.772206821479638,0,buy
7,2643959.3512569685,1,6136237.631532503,4.93954265660408,0,buy
2,3286628.7808951642,1,9410667.21810044,7.3774245979581465,0,buy
5,20398148.596719574,1,22174526.621382892,5.6597982468903805,0,sell
5,3596987.8841645066,2,7639437.906209987,5.464757211136811,0,buy
10,2579191.3030694355,2,31225350.907384314,3.0257607257774826,1,sell
2,1937421.1872254573,3,3097471.265740115,6.69028874391493,0,sell
20,20723408.26224426,1,22527826.782050982,-1.8024149812334906,1,sell
3,1660990.091456677,1,3292420.6854126444,7.082112518438986,0,sell
20,5900842.568281794,3,10740484.78566896,-2.4847338401096017,1,buy
30,7265392.169589369,1,56679486.42897902,-6.729456463926053,1,buy
3,14718204.8409765,1,16688493.79893505,6.743884159128267,0,buy
7,11910490.326655414,1,13677222.25560574,4.634054238234982,1,sell
1,23844603.50357003,3,59708067.67359151,6.697009195939064,0,sell
3,1191327.985421666,1,32710686.538860723,6.93898914401171,0,sell
1,3188922.020511412,2,4323346.061350194,7.546053282821607,0,sell
5,2991847.5828523645,1,21920769.44248987,6.041348470947151,0,sell
1,1770428.29848221,2,14760650.075558728,7.619476345411116,1,sell
5,3099596.6240671896,1,23253937.844083883,5.952906786050485,1,buy
2,3359556.7149955025,2,10280174.07415983,6.962196344711617,1,sell
2,7703109.058805774,1,56044991.18423354,7.312900451360946,1,buy
10,13415720.491878893,2,14602840.895738363,2.8154673698209116,0,buy
10,4440975.131890452,2,6942416.312021468,3.0196272082764732,1,buy
7,16686234.475635003,1,21403819.51165248,4.429229290483943,1,sell
3,3725073.3322613407,3,9534847.233976452,6.1411527269328205,0,buy
7,3113029.674179348,1,39873036.229392536,4.988895337799581,0,buy
5,8307345.511253647,3,17249262.150728952,5.035986083380201,0,sell
7,1097219.165003627,3,2290224.0672389166,4.273646564305757,1,buy
1,1366341.7149738392,3,6297477.2638202105,7.427635138341017,1,buy
5,5130004.159898768,3,10230409.804518685,5.1429623845278964,0,sell
10,39992671.269910425,3,83678456.25058593,2.3794145325092453,1,sell
2,16820034.0923257,3,27243637.623418074,6.412433270410805,0,sell
10,1411641.437359213,1,13432959.919661384,3.547241033759574,1,buy
3,27407468.134426977,2,43692758.469547376,6.251373086039021,1,buy
5,17545148.299331926,2,37881530.69264214,5.198016137208558,1,sell
5,10913896.261516616,1,22907031.183577344,5.816259432532082,1,buy
1,24754441.639460385,1,27283658.613462217,7.562424195580686,0,sell
3,4859264.169955545,1,35406913.10448909,6.798614224046025,1,sell
2,2378612.195959708,3,19911343.635374825,6.535473916649465,0,sell
20,7411606.945299709,3,25626041.820702367,-2.406613118557793,1,buy
5,8559840.649101809,2,57890850.68404638,5.5721142615097214,1,buy
5,8214863.634121622,1,31307233.793838616,5.913811501607282,0,buy
1,9121020.292757716,2,34748350.39454284,7.451059114913419,0,sell
7,40909219.99991541,2,82252928.80643484,4.2237063812295945,1,sell
30,34110512.93873787,3,35916739.117045164,-7.651855634949915,1,buy
2,30748007.434161525,3,37756488.15445369,6.261922689947447,1,buy
10,22992337.33821867,2,32683278.54046113,2.681007845961263,1,buy
3,40073387.45827413,3,43699402.38116123,5.636578790230077,0,sell
5,1470074.8298592858,3,28146099.03510076,5.427097899184481,0,sell
5,2821216.847404663,3,22560349.60263462,5.120874424176177,1,buy
10,6935618.592193111,2,23714334.479013,2.9172127707153503,1,buy
2,27430688.694689766,2,76876213.18341935,6.579757278052872,1,buy
30,7215416.26559265,2,9973968.253388194,-7.180499100375444,1,buy
7,18659009.436766066,1,36422152.35569386,4.552726843171075,1,sell
5,1722220.3270501383,2,10368308.558914175,5.5806989079818905,1,buy
30,2684376.9248630744,3,6086572.165776657,-7.287680167557776,1,buy
2,17509173.06271019,2,19383443.591928095,6.807565716323398,0,sell
10,1904926.1330883577,1,35176991.95710996,3.561342538931899,1,sell
1,3953149.09079639,3,14225290.846543523,7.087598250093645,1,buy
7,2818381.8097766535,2,28026350.207836237,4.615960041124078,0,sell
3,3930108.354090153,2,12373652.334022153,6.475339901154992,0,buy
5,15974280.74225568,3,18338754.30039783,4.9206146685592165,1,buy
2,4216589.5386653785,2,7961878.309274893,6.940022858554937,1,buy
1,8777598.861998146,1,13226195.700305607,7.877267509819313,0,sell
3,1478363.6023985161,3,46455009.24345969,6.15054057308847,0,buy
20,23318516.294204753,2,24340798.428485684,-2.170355710682272,1,buy
2,4250398.796401934,3,51523817.15246173,6.614259614502891,1,sell
2,12642707.287780777,2,58963385.381628335,6.962594878765366,1,sell
3,17077141.410002843,2,66329871.994899474,6.198700061288244,0,sell
1,2270950.237295932,3,8723168.059110403,7.1511285681269925,0,buy
20,31844634.09161907,2,75243914.56416579,-2.3566391277084593,1,buy
30,11141573.238269903,2,15841717.021031763,-7.25606253558074,1,buy
30,5350460.422777814,3,6458801.593573816,-7.259964413324773,1,buy
10,2040713.359698625,2,4445957.361085201,3.019360443142829,1,buy
1,39897072.37349905,2,80264396.8304078,7.042178449387764,0,sell
7,19179541.906033956,3,20234865.872481298,3.992182958099951,1,sell
5,2256459.2362933266,1,10721472.805855205,6.05181376870196,0,buy
3,3747662.528505218,1,5091803.538842209,6.878329427721626,1,buy
10,23747192.774911497,1,26813242.515140187,2.9289438691872087,1,buy
20,15203216.584426392,1,16614671.826311879,-1.6460041432983807,1,buy
3,20000669.946129322,1,48861800.88411174,6.835126275642134,0,buy
3,5618073.782775098,1,15715516.68683618,6.896318438692589,0,buy
1,16491937.453461207,3,50583886.130566634,6.922190019738094,0,buy
5,4535667.835764788,3,19309441.401645273,5.088547526820498,1,buy
7,2285227.0646703197,3,46927815.46952353,4.130276927035394,0,sell
30,11882266.936547492,2,19231920.04054903,-7.058590650501855,1,sell
2,45521690.67800145,1,57687755.32547771,6.976048812500924,1,buy
2,3370557.4482875746,1,12901402.262774749,7.469428258498697,0,buy
3,6069787.82362235,3,12718598.151590282,6.04523330430721,0,buy
30,13967160.132457677,2,41336201.546186194,-7.205580334381592,1,sell
30,8317693.836077789,2,20763667.35316017,-7.210138448281981,1,sell
5,27099328.262893792,3,50082263.96674378,4.6744485086667735,0,buy
20,19686930.55399171,1,41364407.887110025,-1.8075979452267434,1,buy
20,1256160.6961563593,2,3367606.7863799725,-1.8781502156644994,1,buy
10,49692143.205908075,1,62415694.344347596,3.0153977646010186,1,buy
1,18980567.797268447,2,21164282.99197618,7.26860253089743,0,buy
5,29359308.405803643,1,39155200.56553506,5.6126167659957815,1,sell
5,12775131.515589537,2,26931152.859253317,5.297288911682278,0,buy
1,28497236.57021714,1,77959327.77220254,7.651065565015931,0,buy
30,1552155.7689863704,1,2679067.512671803,-6.475603539923229,1,sell
20,3897589.9967150395,1,5326543.477656887,-1.6326687117228156,1,buy
20,30832794.925428584,3,32184450.521094598,-2.6519799623446296,1,sell
30,2200929.619960079,1,6952135.790005062,-6.518323516580494,1,sell
20,1358097.5900674588,1,26238304.175873175,-1.4237187711817496,1,sell
3,21826818.586132348,2,48992862.061011486,6.321708413803516,1,buy
5,26270353.54130288,2,44139599.51149185,5.240923355285341,0,sell
2,1889475.3906233546,3,35291226.101648115,6.795597798386167,0,sell
1,28281874.975609034,2,31818014.241401564,7.029292186551108,1,sell
20,14682428.163823942,1,16094224.648970226,-1.5477480458184054,1,buy
10,7649003.833131675,3,8904456.230139704,2.5600046542304673,0,sell
20,25737726.0294683,3,53775784.06490086,-2.638268501561212,1,sell
20,5155750.575599585,3,22573392.347471245,-2.465348139447813,1,buy
7,2135944.2480560415,1,17514885.909497965,4.833608185749252,1,buy
3,3047587.2867857073,1,6824177.908838328,7.000956050284696,1,sell
1,7215368.471176798,2,11635625.464813288,7.507808115349822,0,sell
7,7993096.921994756,2,50436104.03495061,4.210683180251422,1,sell
7,23369943.379680343,2,24653462.510951977,4.305238445637282,0,buy
10,22104695.683840733,3,42736965.68321109,2.4795892832580315,0,buy
5,9721299.922089482,1,13079122.379044522,5.901552756525313,0,buy
10,21209533.483831104,2,22374605.108695533,2.784651604640711,1,buy
5,2117470.425362026,1,20381825.611386478,5.977138079977434,1,buy
5,1216348.7966269918,3,4865647.122194317,5.364749497399363,0,sell
1,30498442.369813547,1,47360360.37236962,7.617206146274873,0,sell
20,1343893.3923187114,1,17276380.302880507,-1.4088710613958968,1,buy
1,2624921.0314435107,3,10726820.688105283,7.099300545027166,0,sell
3,15181896.936525265,2,36110181.34994739,6.12149420611429,0,buy
5,4961805.822149503,1,14670631.069540985,5.9400435504060125,1,sell
7,30819894.607971635,1,33888827.66432339,4.54177204649461,1,sell
20,3208180.0440024063,3,20878315.397943776,-2.4768018431493353,1,buy
2,1047536.2529910516,1,11068993.441994658,7.481656921638903,0,buy
3,3241939.567322699,1,4292989.309042977,6.901456923681593,0,sell
1,9596926.502996441,1,43627276.25271216,7.63085917623447,0,sell
10,4352191.7692181505,3,12805605.804787004,2.6823003439111757,0,sell
3,8104622.07523353,1,38011540.69808003,6.833232469779093,0,sell
3,30854172.96208113,3,62458271.78721596,5.88576372239916,1,buy
20,35504609.18528355,2,41206055.01947115,-2.450574770145277,1,sell
3,2830622.5216354183,1,10116789.274337895,6.800866587012932,0,buy
3,6097654.342259715,3,11183395.279180162,6.198416976306728,0,sell
2,8569968.190859044,3,14371993.24854029,6.390464808945971,0,buy
30,40974493.61176243,1,74150810.64966777,-6.959919903785815,1,buy
10,49730276.17450209,3,71559235.86163104,2.1244717697092836,1,buy
10,2511596.415584632,2,4152047.6657425324,2.976556348741747,1,sell
10,17183712.391420078,2,28070371.25128768,2.823300302928452,1,sell
5,4387967.835242911,2,53593678.562270835,5.460307858204692,1,buy
7,1032227.8759891338,2,11308196.687068438,4.826501683637071,0,sell
30,1036859.1345495689,3,22672627.29792221,-7.383919105773215,1,buy
10,6060212.206859725,3,26318949.59509114,2.5218833263649563,1,buy
3,6755637.989987516,2,10692760.859594557,6.355876666248051,1,buy
3,1092308.3095438124,2,5375433.92362555,6.661888023985034,0,buy
10,14691599.347614633,2,31681237.193455257,2.770235875708077,1,buy
20,3158660.4195530615,2,10229272.694382032,-1.9120848753319484,1,sell
10,8938025.413253918,2,18257308.841324627,2.845520582626028,1,buy
3,3245282.2845704793,3,19508465.466567613,6.101935515167194,0,sell
5,1922897.734038276,2,22867718.441923104,5.773912374868973,0,sell
1,4917857.816827776,2,7810525.35053914,7.333696947134324,0,sell
1,2480992.6609622194,1,4256809.599253089,7.85205053373896,0,buy
30,8102346.613021693,3,11233831.731732715,-7.335153421454511,1,sell
30,2176725.7204255685,2,9459425.220292393,-6.748404333402444,1,sell
10,7307460.968756777,3,11120645.612025457,2.315616117553413,1,sell
2,1850893.269115533,1,11090027.543728434,7.719876537671244,0,sell
10,13802758.997961521,1,15035400.146824222,3.2553090453797573,1,buy
20,19094905.394373756,2,26440900.91230173,-2.3232160008685625,1,sell
10,1540126.851369465,2,5758988.843590697,3.1343113856226905,1,sell
30,6234222.03746258,2,14332315.389870763,-7.123629013895557,1,buy
1,1319498.477871122,2,6541914.868520233,7.657542493988837,0,sell
3,10382310.95592358,1,13422434.23350357,6.699591022729873,0,sell
10,2813293.0362654678,3,37173218.42098383,2.523614340401314,1,sell
3,7878038.986985829,2,9938242.736212393,6.251242845715096,0,sell
3,7570956.194337741,3,21946347.488522075,6.011041318496595,0,sell
2,37192066.316718526,2,74426403.84893373,6.565332357208389,0,buy
3,8567930.303356428,2,16793843.147820033,6.228182627111496,1,sell
1,9783560.37956206,1,40614853.03387156,7.8033518210532735,0,sell
5,4812786.682322462,2,6442528.903658704,5.511095228897561,1,buy
5,40969227.72585213,2,47870550.01302204,5.182695290734673,0,sell
7,20912961.981245767,2,26889810.41518332,4.241472066011463,1,sell
20,3054182.8018441577,1,4086453.523563846,-1.6589008966313497,1,sell
10,27182335.194899924,3,32845783.32350344,2.413826757833206,1,buy
20,5427857.606618879,1,9663999.383324288,-1.571293961112306,1,sell
1,25578826.75403869,2,39318232.44685511,7.425734164027735,0,sell
3,25007031.718423594,2,64289082.06944105,6.332300276685716,1,sell
5,2093556.9631906396,2,3492359.7394403196,5.6185261765276,0,sell
20,15531655.568595296,3,19132236.342597354,-2.4440246770947605,1,sell
1,3117408.296099147,3,8798772.999661066,7.133002231063955,0,buy
5,3202072.2199489265,2,9136055.300574752,5.529713426570922,1,sell
3,3187766.4347734503,2,23907228.454685736,6.517452578356362,0,buy
20,17089080.22959015,3,22755593.840860706,-2.685744915187297,1,sell
5,2457353.0205825125,1,3569459.1552782212,6.184652719779658,0,sell
10,1003549.9344666485,1,17089457.051178865,3.516354948966617,1,sell
30,16412168.23328538,3,48276081.481002726,-7.794908618260754,1,buy
10,1953609.439206587,3,9419965.408653006,2.650656020384944,1,buy
7,1504916.6793445076,2,11216408.475508269,4.673837150176272,1,sell
7,2532402.6798787056,3,4423980.105435543,4.1033971651628915,0,sell
5,4420176.304104626,3,6790844.872271962,5.036505564300522,0,buy
30,6435029.990103552,2,8944298.764221055,-7.277647607595913,1,buy
1,1190482.901775945,3,6583324.882633624,7.148321976676395,1,buy
10,44563057.36979148,2,82310791.71399924,2.485834165282139,0,sell
1,16465300.03596744,1,24165405.39125254,7.754094573359918,0,buy
30,3540764.338842427,1,5660921.900197795,-6.734003875240548,1,buy
1,3479021.2431781352,1,6310902.77842355,7.843797328498097,0,buy
30,5781763.685519392,2,10273663.038206426,-7.088033901461496,1,buy
5,11587004.329649413,1,23039451.699475065,5.616388458025426,0,sell
1,1772896.7732343588,1,7365359.881426522,8.039773621111976,0,buy
10,2094045.367862934,2,6736546.503126424,3.131634355043044,1,buy
3,28850515.46037931,2,37959227.08148668,6.330527430852689,1,sell
7,2725018.337657853,1,5300570.810800877,4.946518451888049,1,buy
3,4425271.261556216,1,5786886.155795399,6.660308845402216,1,sell
1,30217932.057356194,1,31318151.178764097,7.5195229078594465,0,buy
3,13386537.85939394,3,16058816.756289285,5.873677482026867,1,sell
10,3806783.981006819,2,5237693.321604181,3.1238524350935535,1,buy
10,14507247.49325346,2,18234876.27276358,2.7669406450749996,1,sell
1,1080043.3631478152,2,21647988.273701154,7.728915798913126,0,sell
5,17776031.585163295,2,34256235.52709982,5.228358820297634,0,sell
3,6720872.312457263,1,17633961.53606232,6.861934030534719,0,sell
5,24075320.4426957,2,52153719.56419058,5.148974998137145,1,sell
5,41869785.47818774,3,44884348.95625681,4.559973478514058,0,sell
30,37401323.95965535,3,69293178.79568624,-8.01835644821866,1,buy
2,35060171.392485045,1,39827722.68115131,7.105271638853815,0,sell
1,7415857.777604497,1,12214360.247421516,7.825506221016548,0,sell
7,4091387.8320411867,2,8974314.844974175,4.524113311727464,0,sell
10,6167101.094447828,1,7634875.755020592,3.3328607668860117,1,sell
10,14863210.062463753,1,60291783.18655631,2.9899497578405776,1,buy
1,31760381.233082302,1,33479551.379284944,7.504950188705292,0,sell
30,2247312.772577483,3,6041813.328409769,-7.334236158816265,1,buy
20,36306353.711500235,2,39793592.33878973,-2.4239061686911247,1,sell
20,24264243.87020143,1,25603544.633335263,-1.8322108247791,1,buy
20,46030639.47851054,2,47844840.444769025,-2.402807773885809,1,buy
30,31298343.963964976,2,32490170.271824136,-7.262346347334997,1,buy
7,2989545.2150168596,2,6128510.145800881,4.64755281255864,1,sell
10,1513616.7154181725,3,31190898.339356992,2.7807955601452763,1,buy
1,1551294.3636670818,2,5324427.465666977,7.649566678180549,0,sell
30,3124493.9122562082,2,4746859.449952543,-7.106165303363172,1,sell
10,11052988.65363965,1,23555996.806459963,3.2373940273783353,1,sell
5,23254987.366714135,1,72594522.78781672,5.457095327525848,0,buy
3,33713147.289057866,3,36194629.40572551,5.639798731970898,1,buy
3,11474619.419799993,2,14459883.478058927,6.354715125816863,0,sell
30,1022274.27336759,3,45807935.8501948,-7.329943085655774,1,buy
10,2072748.5242512894,2,4085246.953318475,3.315051677668559,1,sell
2,1477174.591968029,3,8865352.868492775,6.831534540059785,0,buy
7,4142641.827305142,2,6696294.251682164,4.486968961023555,0,sell
20,7108538.171296341,1,45482612.110711314,-1.9802880606741526,1,sell
7,1185033.164327819,3,47698077.16193648,4.084176235789554,0,buy
7,3908891.6103538247,1,28127389.493040934,5.118807201570354,0,buy
30,2015676.7785185382,2,5441841.673448721,-6.9623062582854764,1,sell
5,12570507.259119565,3,17417954.797648743,5.030124116184897,0,buy
7,6148721.59563237,1,8729020.918576261,4.769400909960462,0,buy
3,6942722.785630647,1,39554244.71048513,6.702901641275501,0,buy
5,5328874.827016816,1,41122614.98233327,5.736750599104031,0,buy
1,42096773.595545135,2,47244893.943145916,6.9728944766308745,1,buy
7,2316479.901379124,3,15361056.65925743,4.227893610575282,1,sell
7,7547394.999856682,1,9458435.480314756,4.828053563881667,1,buy
1,17802108.003337257,2,23284158.71331986,7.204337528866009,0,buy
7,8832058.866286991,2,20659697.304328546,4.1583384419326235,0,buy
1,37877265.5085286,2,42393623.278949864,7.117615253535145,0,buy
5,4386891.556492319,3,8437785.45001898,5.129276623226894,0,sell
3,6134388.623004577,2,7138304.350240408,6.642724129931029,0,buy
1,1413828.5857119258,2,24666372.306895673,7.749358190911946,0,sell
2,10831066.50110185,3,43261886.260826714,6.453822205762629,0,buy
30,3087901.861356529,3,47457904.750555634,-7.4574951700762595,1,sell
30,1872234.524823666,2,18545493.97470531,-6.771522642509552,1,buy
1,8416709.406311486,2,16974894.545226578,7.384739466612696,0,buy
30,8023782.919298221,1,10891302.035481736,-6.703558982714799,1,buy
7,1345561.7797053196,3,51208726.05484685,4.372563921216531,0,buy
20,15354904.229981873,3,25400423.933349755,-2.643279401949009,1,sell
20,11475463.645563023,1,25838965.580112994,-1.6845607177561739,1,buy
30,2094762.0323132358,2,16528791.910219643,-7.033470899781218,1,sell
5,6274162.31379301,2,33567550.186263375,5.346929124959481,1,sell
10,16741988.085783567,2,17780552.298385706,2.814963014877179,1,buy
5,7934059.305294548,2,10301030.350696405,5.3763531257400485,1,sell
10,4698119.698056436,1,18210202.662723705,3.3366921812898376,0,sell
20,3528932.6632773303,3,36705065.12617172,-2.512271641642551,1,buy
20,10890325.743708484,3,25490903.224171568,-2.4701599885373353,1,buy
1,39401931.28101964,2,44442845.432345994,6.971476154364144,1,buy
3,13844406.243638488,1,17958478.7590925,6.784620325992838,0,buy
2,1339649.0739952743,2,19276720.223889913,7.160247166225957,0,buy
5,6063033.270364638,2,24232434.420349114,5.430241636255018,1,buy
7,32619964.087593652,1,43369094.20846978,4.5605591068753375,1,buy
10,1447067.6274625082,1,4574541.795149565,3.4568657609800266,1,sell
30,47870743.52198191,3,85179458.06141092,-7.796827695337159,1,sell
7,40967591.44981979,3,49629776.70608174,3.76712105475071,1,buy
3,1358269.6443810354,2,23388690.915857207,6.694247227192376,0,sell
10,38533746.24339257,2,40846361.08829178,2.629959420364032,1,sell
5,4139533.2797226966,3,7981158.378443457,5.070803797938794,0,sell
1,27235511.57781693,1,57846994.215996146,7.581119383915182,0,buy
7,5138315.192747372,2,6354866.251074899,4.423348087946909,1,sell
3,5610474.757463925,2,13030550.638406638,6.259016168173308,0,buy
5,11955286.469473518,1,18537972.800319944,5.667405217702371,0,sell
20,20692544.8120339,2,39586268.39547081,-2.3685663155091614,1,buy
20,1141318.2292927837,1,4153832.1375996713,-1.436473967853277,1,sell
5,10180151.573056186,3,12536220.324616501,4.852367072230098,0,sell
5,2076126.2318574386,3,39527858.761366956,5.222451019415008,0,buy
5,3870417.8492577253,3,13231316.64332733,5.211258060656085,0,sell
10,3901111.166987627,3,5407248.023691129,2.5592471845523352,1,buy
5,6264976.528416145,3,8392932.555841412,5.045784861435875,1,buy
7,3695623.6792498184,2,53466526.03596562,4.452203071941327,1,buy
3,1521960.2851884025,3,3671442.307819485,6.225254604276718,1,sell
10,1767741.910548497,2,12661546.53608658,3.2486996953044702,1,sell
5,1139751.4003646972,2,6313257.961372185,5.525411417084466,0,buy
2,6294179.013003118,1,38254144.232258834,7.250423800919604,0,buy
30,41838682.89694915,2,61025758.48735733,-7.362107174345667,1,buy
2,1572275.819116621,2,11904706.879820932,7.113898291582817,0,sell
3,40520518.11097042,3,41563424.2116441,5.694730339853194,1,sell
20,17618105.888726156,3,48860597.90320793,-2.7580228841767953,1,buy
1,12108527.821646798,1,17803304.461221654,7.76075137763088,0,sell
1,12482671.7644284,1,50740691.70530535,7.702735527264942,1,sell
30,25385485.653975774,2,32334223.362254143,-7.231744125213785,1,buy
20,1519335.3495442981,1,16636369.124706864,-1.3602435138173767,1,buy
10,7203813.408471647,3,8515186.09225899,2.4929526542122167,0,sell
10,15287516.338415643,3,33737258.79007795,2.5143131273590145,1,buy
10,9930939.453480918,3,13682786.446632786,2.5524502745326374,1,buy
1,25993613.787209544,2,29946810.50491082,7.156687912990611,0,sell
2,1326745.01881689,2,2917461.281118382,7.303091489858146,0,buy
1,14910092.854061928,1,16686350.21408074,7.751186016111448,0,buy
7,8077874.385333176,3,10146105.486282889,4.1073849698157066,1,sell
5,4407404.743308275,2,8018279.587059983,5.2896345652206485,0,buy
10,3785445.413899808,2,36551950.88347509,3.0628738083399973,1,sell
2,11344256.061284602,1,15567664.647805601,7.258664312408486,0,buy
3,32641823.753585175,3,49650499.84777729,5.683706537097202,1,sell
30,6966072.904471169,3,8348319.493943554,-7.647568944692881,1,sell
3,25187201.561918966,1,35285754.107244246,6.590119451039314,0,buy
5,4822271.186269827,1,11409742.655714791,5.863700139087225,0,buy
2,1492674.524930891,1,47361879.98168206,7.479737000556447,0,buy
1,1272027.2097372313,1,28667677.79798151,7.988079695662561,1,sell
1,1222406.2368929924,3,7148140.071734701,7.214282250361441,0,sell
7,4424494.792941362,3,25170969.226750378,4.004568694826846,0,buy
7,3740733.965261864,1,5868711.462633643,4.990757985748315,0,buy
1,16586450.926910052,2,25610315.15994646,7.188911039931647,1,sell
3,18282326.04217658,2,19621310.503598973,6.08979718241145,1,buy
30,1220111.0705003964,3,5123059.605519998,-7.151935925617669,1,sell
10,2375099.4052603105,3,4794640.883856531,2.7587439510054717,1,buy
3,2923900.9524798687,1,19573593.26255494,6.923407734064171,1,buy
30,8518759.060139429,2,15320958.852721933,-7.241336745526467,1,buy
7,1760058.2068174987,3,20641980.87840771,4.01936592797482,1,sell
5,1688737.3705203184,2,9195825.112965552,5.623117179971303,0,buy
30,40129986.45894367,1,41532588.5210311,-6.915008464835825,1,sell
1,23244307.75650835,3,41001225.34334758,6.736195392962544,0,sell
7,2027343.130317542,3,28066776.302346986,4.271809421854269,0,buy
7,4906214.25929699,2,39188711.58531925,4.312900487356204,1,buy
10,4019676.562610199,2,13390918.663814666,2.993776580753976,1,sell
1,22074567.08350044,3,41143171.999029614,6.6220016093078815,0,buy
10,7359298.87702234,2,26313294.251086716,2.798986686226498,1,buy
1,1648970.4316815354,2,3488107.8060686477,7.448074035709782,0,sell
10,18010482.543138467,1,19911587.184287436,3.2130163236571603,1,buy
30,4723900.811490309,2,6043470.552227442,-7.0040254778020214,1,sell
3,2797051.1609599534,3,6292666.771113096,6.387135407364408,0,sell
5,4344711.019898666,1,10719662.553930856,5.894126865465642,0,sell
5,7009280.999350332,3,56599784.664766416,4.958369619206572,1,sell
1,3827744.7580516622,1,9225892.421072403,7.790996171466871,0,sell
2,2576265.700494126,1,19710487.076985206,7.553437224694042,0,buy
20,4753822.847644139,2,19822001.085717052,-1.774813379793331,1,sell
7,1077889.3979669786,2,3303292.555441551,4.789396369154294,0,sell
7,20532917.818866946,3,21790110.648461007,3.857673162852114,1,buy
1,1951777.2276461702,2,10417208.594156874,7.604410692048511,0,sell
30,1187387.9072392515,1,16668358.840232076,-6.589503412701416,1,sell
10,12900735.500216724,2,62559950.29931142,2.895758213079291,1,buy
2,20648773.865900826,3,24715729.371535987,6.263821606127202,0,buy
3,24136332.67896742,1,57471029.06656191,6.491543856061744,0,buy
10,6893778.070984101,3,11349230.245054081,2.4851752579779753,0,sell
10,2233131.952387051,2,17068209.240696818,2.9988783451662373,1,sell
1,17886596.50296136,1,28271770.660035014,7.565277824993631,0,sell
1,15445128.63662978,3,16675423.981325604,6.831282328311405,0,buy
30,2620635.321174736,2,3979510.5632242966,-7.136822870989121,1,sell
7,34265942.27234732,2,35350562.16546474,4.131906087848339,0,sell
1,1504263.7037976438,3,5770412.376827047,7.261478939736355,0,sell
1,46725918.01992105,1,65222590.69015118,7.411425547882043,0,buy
1,28942445.698575195,3,30908095.88762507,6.918572906762863,1,buy
30,14747525.802571658,2,25446102.89088968,-7.269961664755697,1,buy
7,39346662.64886775,3,42442012.44681409,3.628958886590756,0,buy
3,16872716.47429152,2,39470537.349143654,6.348306420607898,0,sell
3,2106593.428484178,1,24828831.65166229,6.992176501912717,0,sell
20,5639102.853272885,3,26407644.505765032,-2.3311064706104956,1,sell
20,1322761.3404353422,1,9115253.916924048,-1.2821637916065187,1,buy
1,4592152.186956626,3,7636332.0208664965,6.9280604233331715,0,sell
20,18195386.52126956,2,41921202.12401465,-2.0223295469162847,0,sell
7,4534774.142529808,1,6605770.201867834,4.632977802017822,0,sell
30,3640490.455122561,2,6747144.350776103,-7.125004313206637,1,sell
3,10268133.688841473,3,12321761.017759765,5.809111849010548,1,buy
10,30328388.34246545,2,44306961.352615945,2.81153793314979,1,sell
3,1204598.774060683,3,15856515.026781566,6.323357234321081,0,buy
3,4517547.275765184,1,17358430.75968443,6.896353415753522,0,sell
7,1857146.9688080223,2,6939846.374156993,4.3640905520545274,1,buy
20,15183993.682208484,2,16663740.915167678,-2.2194821284999513,1,buy
10,1512247.4361947558,3,36834613.98137798,2.980385074950406,1,buy
7,13473748.620818067,3,20761938.48900227,3.952672518540013,1,sell
1,3063463.535656215,3,7977445.427416725,7.095476973752212,0,buy
30,2177477.619251702,1,12186596.129708309,-6.411222443064359,1,buy
5,38979378.40350294,2,41105289.836679116,5.152758105655211,1,sell
3,1075159.013737076,3,2754722.4045193,6.238894501975553,0,sell
5,5543326.428278036,3,10429570.845739584,4.969403629288829,1,sell
30,1088287.4262123557,2,3520721.8652616823,-6.758746092072042,1,sell
30,6631474.18028502,1,9231884.511393169,-6.718282316956149,1,buy
7,7100100.002031236,2,39936099.94662006,4.4160798039251565,0,buy
7,3519612.8159071016,3,11494855.760614134,3.8746308897916784,0,sell
7,1677022.5243996023,2,8305281.037887968,4.609755697973916,1,buy
5,4359845.873291982,3,19198863.419166453,4.968153059826092,0,buy
7,13872494.776935915,3,55239273.46190401,4.000360242986433,1,buy
30,21343567.426271167,2,22894603.846025154,-7.375347192960446,1,buy
1,7974975.421218276,2,34045527.44381646,7.305026487404749,0,buy
7,10048724.59459212,1,19871428.85367634,4.610866625506457,1,sell
2,2192003.2661249186,3,3963460.0090766978,6.762523406420882,0,sell
20,3077270.102926384,3,6275044.192503342,-2.3206977788123533,1,sell
5,1883891.0605642837,3,8483490.512835879,5.093210521560347,1,sell
2,2651827.8166417144,3,17589717.10373842,6.557829416039692,1,sell
7,2410326.6020873594,3,4993669.434104381,4.244341741723371,1,sell
30,7630059.1877257405,2,15734873.391141135,-6.907376833867772,1,sell
1,9036314.087270433,3,23598834.857616782,7.007173728103412,0,buy
3,40312276.45239694,2,46098524.87521122,6.24785375898329,1,sell
10,2149159.575594017,1,31407872.707891922,3.4562580178445157,0,buy
20,12308008.402876552,3,42312407.653254405,-2.691243429372488,1,buy
10,24462395.519818645,1,30767470.565184306,3.092897315771709,1,buy
7,8950214.468083737,2,53925258.62705843,4.4724431671729095,0,buy
20,2711711.9601475527,2,4055766.229620021,-2.009625860374623,1,buy
20,2792961.604769047,1,3806202.1966101686,-1.5921723224751192,1,sell
1,1165976.3989049136,3,5599448.315428788,7.498931541382014,0,buy
20,3303243.4226434524,2,13804611.403669516,-1.8068792842988532,1,sell
5,18410234.30450554,2,30131977.27794925,5.26756550492949,1,sell
2,1204290.4548478764,2,7652913.851927694,7.289428763984417,1,sell
2,2358175.4134885753,2,3988120.613113492,6.9495373342072995,0,buy
2,15844109.350558212,2,17792473.70422918,6.842754941604296,0,buy
5,21364932.69824937,2,49404665.04908719,5.241092011949276,0,sell
10,5937072.073650495,1,35760322.77081019,3.3689603824616596,0,sell
1,15346429.968287595,3,29307972.439470984,6.746707819714325,0,sell
20,4561619.9324446935,3,18004316.98040045,-2.5877700409137523,1,sell
5,1869337.880198478,3,12231347.89388921,5.148011781860858,0,sell
2,4747271.245120112,3,6959168.720417933,6.424414802102866,1,buy
7,9668251.295869695,1,15008790.334852913,4.6570761443320645,0,sell
3,40805066.35138954,1,56021193.863161825,6.789765684838266,1,sell
20,1308596.6536032748,3,9489014.639222248,-2.118092359031766,1,sell
5,7278591.497996487,2,8353985.055163884,5.430206569056106,0,sell
30,3620969.2524712267,3,45314090.8238215,-7.352335328802272,1,buy
5,7304766.219896807,2,34551668.39548507,5.436713814622194,1,sell
1,1098331.8202880179,2,3869469.883997615,7.666521765281741,1,sell
1,3402676.707748585,1,14554483.581918802,7.944541394861732,0,buy
5,24713336.928849865,2,61743533.697033435,5.302774531702119,0,sell
2,8732335.03421748,1,10188195.757573029,7.244559714117493,0,buy
3,5828088.524535471,3,12983456.93264063,6.174032597624464,0,buy
20,3055614.289521948,1,9014200.34058451,-1.5956543338466078,1,sell
1,3208967.4083674597,2,8185490.22520931,7.42193678770206,0,sell
20,4475873.918089099,2,30756758.71347519,-2.0036276362739702,1,buy
2,26279044.64546376,2,30712132.982934896,6.6794055680945,0,buy
20,43981114.074184544,3,45263923.35579462,-2.8058633001798485,1,sell
7,5562401.521287967,1,6856169.354384096,4.924818563322434,0,sell
1,4659021.066168292,3,5841032.844973216,7.027656270325602,1,buy
2,27432436.038115535,1,32388373.29143898,6.998746986928245,0,sell
2,5312504.787724713,3,21929431.970211327,6.504822223283839,0,buy
3,8666870.683108589,3,10885671.678452935,5.894833062220194,0,sell
3,2468101.187060871,2,15009056.633624796,6.486350579483968,0,sell
7,18331099.149433292,3,33031957.887502313,3.951765146564603,1,buy
2,8013683.673470877,3,10727501.89250195,6.37857560499204,0,buy
10,23687838.494040623,1,34167070.20932332,3.1264357663270905,1,sell
2,21205156.875940558,3,35778888.46360832,6.298338298751981,1,buy
3,2318924.7299037417,2,8524221.388064414,6.5600010239456985,1,sell
10,16437786.464499652,3,20170901.72241789,2.1669518340703675,1,sell
1,22870119.872624904,1,34140016.026292585,7.6843490490246555,0,buy
1,3872806.694693004,1,49722123.65929968,7.86427528746392,0,sell
20,1964525.6577238436,3,7275702.366558943,-2.20641498517052,1,sell
5,1010350.2502676126,3,5639979.127133563,5.3383997533990755,0,buy
3,5835415.45741566,1,11984005.554010432,6.834303759386112,0,buy
5,3969836.673378261,2,5317224.949768399,5.489281056682238,0,buy
10,8765469.093353063,3,17471251.730774127,2.691000774197644,0,sell
3,2086777.646332888,2,5704598.030279016,6.506866703840986,0,buy
7,28876594.827710927,2,30484618.89188601,4.2134096691020035,1,sell
2,2741058.975951015,3,8937698.28205165,6.669231295084311,0,buy
7,2424918.27844889,2,3438244.525138808,4.402788835562891,1,sell
10,6557205.019075068,1,11372479.853001788,3.305684117840259,1,sell
3,7039355.946895527,2,8551666.729389219,6.244937284184596,0,buy
30,2319654.7573904474,1,3419350.5776907755,-6.535842429938196,1,sell
10,2896564.6090927264,3,28059330.259663865,2.474619679639158,1,sell
30,1942334.8876360466,2,37973576.94881184,-6.8636918902019355,1,buy
2,16620431.40523716,1,18873803.94834985,7.04293525449655,0,sell
1,20340337.969673373,1,28586494.48537089,7.63675844114827,1,sell
1,6102141.152066913,3,9068628.985070027,6.86015528610221,0,sell
10,16338509.389232755,2,23234128.47632955,2.819106390015148,0,sell
5,17796399.89528169,1,23314931.284585897,5.6505825850511355,0,sell
3,1717615.5920671914,1,4582516.943056921,6.998637253562965,0,sell
3,43803365.857512966,3,59289666.38829446,5.734297113082314,0,buy
1,24826108.59261095,2,26466337.062169183,7.259757122560665,0,buy
20,2225416.3115433855,2,3456164.1025463967,-2.00861857161384,1,buy
7,2071518.478089574,1,22220705.77145524,4.98659894685724,1,sell
20,1634912.510297029,2,15167945.73448092,-1.9220238285087792,1,buy
2,1718308.0591062193,2,8748722.564660652,7.247175424280598,0,buy
7,18668286.39722923,2,24902200.134523083,4.210277433413115,1,sell
7,6279549.5976709975,2,13279371.874665407,4.337769835755984,1,buy
10,21388566.327682238,2,26915583.277761843,2.5797877025806275,0,buy
1,18529541.83870423,2,23180176.515630923,7.225502201058133,0,sell
20,10646794.326160993,2,17709308.716825962,-2.231854309487696,1,buy
20,14659402.7437548,1,22564940.59954337,-1.7756820073637218,1,buy
1,1074449.0472921263,1,16054775.496732162,8.111192957234978,0,buy
20,3386108.499907052,2,19541579.831173602,-1.9339537407430623,1,buy
30,12123855.47598677,2,16504928.377288282,-7.308609104148619,1,buy
1,1037234.122720023,3,6079119.216262408,7.021132346356989,1,buy
10,1137697.5900939654,1,5451897.66556232,3.580115706697684,1,sell
5,28011226.758422405,3,36168747.4799151,4.871185625963501,1,sell
7,14525721.801296154,1,20417332.77311122,4.650222476446907,0,buy
10,2823938.384607236,3,35287615.24776771,2.8192848410742526,1,buy
3,14751229.827181619,3,29995158.382603932,5.8748762520790985,1,buy
2,22200364.784506455,3,55835272.481605664,6.250937399679058,1,sell
5,3320735.496423848,1,19345899.307596922,5.957567802377661,1,buy
3,1151400.5256977514,1,45787530.630534574,7.216480182101452,0,sell
7,38438262.96099761,2,50463612.72450738,4.136021366203195,1,sell
20,3858781.5322449612,1,47214140.103345536,-1.5317398374149889,1,buy
1,1516733.6492016646,1,3373365.9395885365,7.993840493497855,1,sell
7,6849361.22614255,1,8077247.107205521,4.764875546879436,0,buy
10,20211741.45256085,1,29848174.72372368,3.2507793459514542,0,sell
2,2379973.596883124,2,49253265.61927043,6.889867646581691,0,buy
10,2869825.6415581047,2,7992524.057772785,2.9334008183878986,1,buy
5,2584434.2161741713,1,4876649.014588875,6.012429161033055,1,sell
5,48397482.43387505,3,56090261.82528162,4.670636125945144,1,buy
2,2164626.756423146,3,14820420.898353467,6.711409095504063,0,sell
30,9501487.153802063,1,12932948.804644482,-6.692017669943749,1,buy
3,37324746.96893535,2,53706927.219939545,6.013026855712877,1,sell
3,1776531.3028975318,3,47138333.267869025,6.079225846496614,0,buy
5,44612047.99551783,2,78024891.66782026,5.232781537724391,0,buy
5,40713215.222017266,2,43842137.70056112,5.092900489660942,1,buy
20,31831805.513586488,3,35421799.63453441,-2.798325721828271,1,sell
1,2314861.9372147545,1,6592828.598255456,8.00828611520081,0,sell
20,11946495.428965956,2,16627438.244410511,-2.0824961781805547,1,buy
20,19621481.223101225,3,21102088.29699596,-2.578673783704585,1,buy
30,47340394.581171475,2,67044286.09514755,-7.345434579816575,1,buy
3,2025511.259885022,3,6200933.982200226,6.307510592005695,1,sell
30,20019582.94342391,1,51265102.43104745,-6.808656233159729,1,buy
30,3763682.8937149523,1,41333952.74969579,-6.658692402698955,1,buy
2,1987852.2283665347,1,3088144.497873686,7.520839796695469,0,buy
3,5198843.972989337,2,52999853.08934921,6.525507780810368,0,sell
1,22320473.48693416,1,38401261.366013266,7.54277173140496,0,buy
10,6162626.8674005065,1,13820898.783879198,3.2643317155135536,1,buy
5,8189089.618083897,1,12778910.341373531,5.797200123840077,1,sell
5,49062083.52141854,1,56664414.161891356,5.5716292848012605,0,buy
1,4765129.726235785,3,8325766.465927428,7.058208777695372,0,sell
30,11105737.981020689,3,22532624.58250446,-7.543448317540736,1,sell
20,4173870.23512687,2,5612571.7492763195,-2.2678398365617625,1,sell
2,4648694.765659777,3,16005826.710608782,6.724258202100829,1,sell
30,15201021.52204589,3,18137336.505432766,-7.539823379180487,1,sell
5,39214062.784856014,3,40285485.983579434,4.810045058548485,0,buy
7,8345485.145770067,3,17035700.079802796,4.038808519811853,0,buy
20,20206376.02526631,3,29817305.408634864,-2.587968114176074,1,buy
5,1417618.1588044767,1,6723138.009383693,6.185581696671739,0,buy
7,2284289.64879811,2,3611110.050656779,4.6852013213922215,0,buy
30,7130280.190294541,3,40073260.0233677,-7.458467549358554,1,buy
1,1081432.2535044604,3,12016024.713367684,7.3685607465368435,0,buy
1,2689013.758759344,2,4261523.791900138,7.576058103947488,0,buy
20,7569187.641669049,3,14949176.801937375,-2.5865279865987345,1,sell
5,1060275.2579949985,3,8055797.911892684,5.240202263643999,0,buy
3,2814856.1462682104,2,4081402.133501768,6.499239394207518,1,buy
7,7470040.279423963,1,18210835.417705998,4.774573225156339,0,sell
2,9413765.60060227,1,33036072.38827361,7.232365348138416,0,buy
5,37395931.70439611,2,56126123.18244623,5.029062500868969,0,sell
2,12485986.364910763,1,14698260.523793224,7.233856509548886,0,buy
5,5065515.962228381,1,34240400.27927317,5.924947312718834,0,buy
3,38074897.55137337,1,41894066.447118424,6.495235086348457,1,sell
3,21552251.46835217,1,62111448.04053333,6.596621841131093,1,buy
20,2186800.465012626,3,3510829.8967062915,-2.2445682552500115,1,sell
20,1668388.7288957145,2,8368067.461761131,-1.8595649524499906,1,sell
3,14066423.793524263,1,24405849.231614262,6.782656208300148,0,sell
10,8937678.001638949,1,11572492.769061927,3.3375855189848034,1,buy
3,21959972.05142722,2,42403309.744000405,6.147089803764861,1,sell
1,17997310.902574606,3,29613855.279894587,6.879356575965426,0,sell
1,11540261.298904547,1,12613675.633747665,7.784884983301936,1,buy
10,47406044.77914804,1,58210428.18375212,2.9385277774895946,0,sell
30,8064045.064363407,3,14903268.276526421,-7.636844443968771,1,sell
7,1556550.7591978307,2,3709569.1209592447,4.630301321561062,1,buy
30,25539473.619479407,1,74714700.1985369,-7.106812139522474,1,buy
2,2678497.8870713734,1,36117372.902451605,7.11686412668953,0,buy
30,20922473.863270108,2,24062706.33329179,-7.206302186946711,1,sell
5,42276229.519716896,3,50579769.18619333,4.649752131422893,0,sell
30,15269846.712524572,2,18719120.293369308,-7.248259774386797,1,buy
5,10295261.095679978,1,31070404.0337938,5.7664984371931265,0,sell
10,6055950.307615298,3,44127907.11566623,2.519713044487588,1,sell
1,4160269.1811168385,3,8230687.4594160365,7.0046550854026,1,buy
20,3978730.134998675,3,27348986.433082923,-2.215829282940801,1,buy
5,12055303.2247877,2,19082457.124539323,5.31032447932648,0,buy
1,18896896.77565129,2,23615083.01919255,7.524908910509525,1,sell
7,14216089.483552787,2,53512291.53161596,4.198911952955087,0,buy
2,2173165.543498935,1,9537987.566245865,7.443278636076718,0,sell
7,6906681.062832292,2,13131352.314541914,4.406067813306789,1,buy
10,22129557.854452234,3,36011360.914700076,2.332465278246632,1,sell
30,6429940.583229704,1,9208560.034763565,-6.586417670929859,1,buy
30,8160313.730266812,1,11723293.406613782,-6.954900809045241,1,sell
3,20423821.920244444,1,58751977.298368976,6.790029103222501,1,sell
3,13288315.175026655,3,27505115.193931907,5.715761424722443,1,sell
3,4959806.598045523,2,30336306.352054857,6.376662253797379,0,sell
7,33210800.043714575,3,36098890.23361703,3.767936841558662,1,sell
5,1888846.0981381761,2,10281189.01936561,5.643481014301522,1,sell
2,49130658.49316033,1,93837410.59077303,6.982749504264357,0,sell
3,1591940.9917530443,1,5071052.630299298,6.9808317566825675,0,buy
10,1060228.6907982882,3,2933689.962076771,2.791756175483622,0,sell
10,32517370.275077205,2,39896072.828048214,2.626215491725648,1,sell
3,2607165.875747261,1,7166447.2652297225,7.061387002872404,0,sell
30,17367518.86179292,3,19234401.134808484,-7.568650666353216,1,sell
3,23872109.34520248,3,56203333.34671317,5.85806437832004,1,sell
2,28799975.114663374,2,77018087.69355482,6.786888696204022,1,buy
3,48382562.11716021,2,57629630.51507046,6.1398583124892525,0,buy
2,3159109.266537698,2,23867797.624489367,6.999719839073493,1,buy
10,16094672.121163577,1,44900504.05113847,3.012986108671195,0,sell
3,1570583.0194856718,3,17092573.108949684,6.417097328030705,0,sell
7,4910851.294975282,2,6099407.7169479,4.5682102086957,1,sell
20,27585348.275686987,3,29438094.049698472,-2.829713358470838,1,buy
7,4213470.834606699,1,5533575.927055907,4.952638181791203,1,buy
10,10098417.486415809,1,11137823.332928471,3.2914376224648856,1,buy
2,7176223.726898522,2,10486610.361607784,6.803408061357214,0,sell
7,12515617.32032933,1,17156504.46864707,4.850959593182174,0,sell
2,44969533.76937692,3,47536985.48817247,6.232797040840955,0,sell
7,1243635.1479788076,3,2531177.013029432,4.151762047642693,0,sell
7,9443726.5196361,1,17391061.11224553,4.633854428850135,1,buy
2,29259035.699386846,1,32172175.49622176,7.123779882802591,0,buy
5,6574379.774732514,1,29087891.79062923,5.71568426100381,1,buy
7,1359613.0782118475,3,2391616.560178227,4.1793829459736935,1,buy
3,8960650.655057056,1,35964656.16800646,6.80614000756329,1,buy
20,3665925.034685952,2,45554719.52463843,-2.0653046325158453,1,sell
10,1833333.379485299,2,18303272.405368067,3.0600520194752385,0,buy
5,27700280.745746456,3,45337871.47194031,4.71159259171601,1,sell
2,7694526.980962485,1,46250739.42776242,7.354290330206494,1,sell
5,38513113.575545646,1,40778831.510689676,5.663882620763491,0,buy
1,23409808.676918898,1,72358047.2067451,7.445750066740489,1,buy
1,15043132.869985914,2,35655191.23123829,7.185803463840441,0,sell
7,1019854.4130234049,2,18176083.608316436,4.472330401012699,1,sell
7,5331620.387453044,2,9438217.170071565,4.455956489737299,0,sell
3,2165325.890852821,2,10623168.063517924,6.601994970558323,0,sell
20,35271045.314988,2,48182842.85456157,-2.4414504011307736,1,buy
10,1979761.8593811444,3,13302303.1670823,2.6515781968489804,1,sell
5,3062015.9401692334,3,18828968.259925094,5.174163150780673,0,buy
1,7552490.114915285,1,8932760.28923827,7.94511159312518,0,buy
7,2801862.953044172,1,6821955.206876272,4.868011938917037,1,buy
30,2272761.1217812593,2,7734777.651053719,-6.914973078999111,1,buy
30,10419617.655672695,1,13191669.569752904,-6.704867426801935,1,sell
10,1416082.6169588075,3,3380747.8238984696,2.9263633417956036,1,sell
5,1255524.7469962868,3,2977526.62655986,5.305303797960467,0,buy
7,4289765.881742222,1,8482278.646244379,5.067561094039123,0,sell
7,16764372.083896352,2,23656330.49612701,4.123462829014249,1,buy
1,8761935.271340773,3,10041302.090045638,7.008309045550321,1,buy
1,5229430.980908171,1,45780649.89778054,7.819350620706685,1,sell
7,9145236.426552707,2,29103623.981135026,4.358098842563047,0,sell
2,4177256.182498997,1,21623230.95993609,7.259221241556163,0,sell
7,38947944.59811284,2,40914403.37597853,4.260570867264962,1,sell
10,1239600.5571036553,2,11852630.595960405,3.2252537201930793,1,buy
7,13933875.44475466,3,21876916.278342932,3.917297727858715,0,buy
3,32678530.05900152,3,79364361.66155559,5.593885169961204,1,buy
20,23215391.24133498,1,41847924.72935328,-1.7909912379501893,1,sell
3,2054377.253091727,1,11564851.416291771,6.923101244373109,1,sell
3,3182511.564187947,2,31076152.085488103,6.4440428912423595,1,buy
2,16528861.459160604,3,18363288.797529586,6.219011939031203,1,sell
2,1390506.9128928923,2,2451841.769134366,7.116119875305765,0,buy
30,23951277.122633535,2,38834114.265462875,-7.342422772114272,1,buy
7,16649505.329680376,2,18118527.066565983,4.402821824030172,1,buy
3,17361202.872494474,2,18931993.465777542,6.161859199272251,0,sell
2,1480154.6071084184,2,19895938.800332844,7.067969630421303,0,sell
1,16575003.773097085,2,19456583.13683039,7.210308012980195,0,buy
7,14288630.41809028,1,25984313.159367986,4.610215558007027,1,sell
10,25805506.511240833,3,62000362.18283843,2.1686643732174713,0,sell
20,1176712.2698918208,3,4625613.334830584,-2.1600329762140076,1,sell
5,1094622.4033955825,2,3433036.4482170087,5.6688297533192715,1,buy
7,4302569.30010557,2,5819784.353667436,4.422261981714621,0,sell
5,1789727.1702053966,2,3455637.567591053,5.545579747133192,1,sell
3,8885430.58217162,3,10161030.530673118,5.977538886344894,0,sell
20,36186640.60649113,3,37595610.69277471,-2.8148238578276885,1,buy
5,4625006.198711688,2,10044551.34115751,5.458296103724263,0,buy
3,27261223.67617681,3,30769873.990768753,5.840784109747655,1,buy
1,1000942.7507657156,2,16865415.0155609,7.734293066095916,0,sell
5,1933309.2307707763,2,32029703.935944434,5.74266798977018,0,buy
20,1126389.7279678534,2,22669387.292321872,-1.7204177755930044,1,sell
30,3610041.6848981823,1,11581481.697577793,-6.563837164925414,1,buy
7,34912976.9214107,3,36405929.738682926,3.793255579171267,0,sell
3,1461230.5715540426,3,17525956.677073747,6.437880347270538,1,buy
7,10721906.632511597,3,14856522.052748553,3.8563393427203643,0,buy
20,5848952.004658495,2,7246985.092368057,-2.021166277760207,1,sell
2,39303329.549114704,1,66300929.364224315,6.950664948110903,0,buy
3,1614939.8383909427,2,5370024.367462613,6.709856045362737,0,sell
5,2292075.7062479793,2,4640617.104111273,5.636633727823965,0,sell
3,1122511.808986084,2,31361755.020284347,6.657725045927737,0,sell
7,5460632.794250048,1,39556236.32773221,4.969409998862905,0,sell
1,2965034.578956854,2,6731216.417228838,7.539321943366007,1,sell
3,30056893.20743289,2,34063686.78386377,6.211621968420867,0,sell
5,10660468.617656767,1,20315895.5579419,5.575453734566555,1,buy
2,11048968.712041344,2,28672587.816097498,7.0568156277712655,0,buy
30,8011250.634464365,2,9291482.40290415,-7.22239615906437,1,buy
10,1432355.9875431582,3,11619983.92785329,2.6205458815731437,1,buy
1,5702606.372020057,1,47275734.56845829,7.895117588259593,0,buy
30,49903308.15166371,3,52691288.25225096,-7.782567755027745,1,buy
2,26243968.746417318,2,61244140.52743256,6.545573969980995,1,sell
3,32957945.643117107,1,74102040.25887747,6.478186739973413,0,sell
7,25040147.9822115,1,27906199.301460907,4.565636849694849,0,sell
20,1496458.7374391793,2,20611108.609890047,-1.9361521228862903,1,buy
7,2434600.8045200403,3,4979505.81585999,4.183162413262713,1,sell
30,1012286.8425124126,2,18925736.95749994,-6.708779414659527,1,sell
5,3278344.5705961697,1,25913975.90988217,6.137718938858486,1,sell
7,1529398.7075218605,1,4159636.874797702,4.881771991485486,1,sell
1,6357139.065211541,2,22809979.33990826,7.409707850706735,1,buy
7,14139019.459507572,2,38113060.91212441,4.3021814486815435,1,sell
5,30602595.712227378,2,34669039.262759425,5.182413428596117,0,sell
10,18745519.913082253,2,20672698.608827792,2.7704096892530057,1,sell
3,39321382.04246945,3,40754378.2510206,5.745152659785832,0,buy
20,1234728.8014200008,3,10731068.803403286,-2.116195807438319,1,buy
30,1048801.1986579334,3,46943166.2759246,-7.168582711357514,1,sell
3,13292100.557037015,3,38305222.98437339,5.751957500460109,0,sell
7,3101709.1102859545,1,8603175.616494704,4.7946365704777,1,buy
2,2695818.333074429,1,10856056.185740326,7.538656876879254,0,buy
3,3648944.323263664,3,6633704.850932322,6.150767732090893,0,sell
10,2873263.193942634,2,4765798.618435872,3.010519358148727,0,buy
7,7394607.270132119,1,13986975.04069386,4.840362732340816,0,buy
20,5594986.066119655,2,11725194.734563962,-2.002900688961005,1,buy
5,7423363.687572658,3,15127843.724087695,5.093634707874846,0,sell
10,13896974.078643745,1,55467585.375767484,3.173247737410137,1,buy
7,4546980.822410288,1,15163936.411643654,4.9474034649108285,1,buy
10,2672786.212345032,1,13367968.225391107,3.4364461725442044,1,sell
3,1915886.2772056228,1,3565986.1541748205,6.852907178809512,0,sell
20,3924154.0345822526,3,53242067.39098241,-2.370888129384669,1,sell
5,18209874.40604624,1,38770691.90615348,5.781536244196007,1,buy
7,19302739.265152093,3,50230050.817646064,3.9239285998017044,1,buy
1,13584768.68031543,1,18641664.103361715,7.819791357451795,0,sell
30,2498082.9200268793,3,9628264.223679546,-7.322794950924361,1,sell
5,9980237.852542358,3,17689356.531408302,4.862665467244149,1,sell
1,9323621.116469875,2,11460405.988225795,7.376903756442206,1,sell
10,6648960.374313151,3,21488533.044933084,2.4719932849429913,0,sell
2,8598007.129134737,2,42806218.5802114,6.902790034433959,0,buy
5,6847586.597612136,1,8744865.924349291,5.810798596034615,1,buy
10,9134681.402495993,2,10536371.991485525,2.9636289024402087,1,sell
1,16429454.910102658,3,34385545.06015292,6.732367721791888,0,buy
3,1535518.3610829867,2,4447319.537371004,6.400492998042708,1,sell
3,18775506.748184524,1,30255027.17133429,6.658081146239219,1,buy
2,1701635.3264578637,2,16909650.82733739,7.082896964962968,1,buy
30,1297773.7060364352,3,4820806.869840032,-7.291892609586685,1,sell
5,45533402.96117903,3,69794264.5549546,4.643686279490975,0,sell
5,42257160.37717582,1,50855503.725288935,5.522202156934078,0,sell
5,1266717.8107741678,1,31217207.528708365,6.104984452859867,1,sell
30,5663361.725220876,2,25470094.865930058,-7.01095864602722,1,buy
10,2072166.0958480677,1,31973044.39398388,3.20339522077481,0,buy
20,6677077.575714684,3,7759143.157984138,-2.5015754086877244,1,sell
20,25730382.01366663,2,28322828.693887964,-2.4763831129983895,1,buy
2,41215530.20388099,2,42637599.60246584,6.718667918789605,1,sell
5,11955733.708586425,2,17593223.72303259,5.381646695738275,0,sell
10,3992777.531422752,2,36502671.398050144,2.88107936882745,1,sell
3,10593318.715858657,1,16821150.61182777,6.7468647551682945,0,sell
1,3389072.5070579886,2,31162979.38470559,7.312477867479616,0,sell
10,35136870.25677797,2,38733253.88916198,2.6977894937726923,0,buy
30,30115097.84709639,2,33890118.813761584,-7.277106319667511,1,buy
20,8880123.365816247,3,42110289.8303657,-2.4591307706355536,1,buy
20,3563063.929638251,3,8853001.652894413,-2.33272662084775,1,sell
3,3151086.0161024816,1,25118952.190096892,6.870122794736766,0,sell
3,1139662.2699464676,3,3663435.2683672565,6.177050327673361,0,buy
30,24325129.15263758,3,65249701.489073195,-7.759124040131616,1,buy
1,5823546.792631713,1,15290085.303718485,7.817224236122226,0,sell
3,3567722.7094059684,1,23069220.430739842,6.778533768788837,0,buy
2,6315421.7995300535,2,7734755.415511462,6.882740201657937,1,sell
1,24604315.492483657,2,31475343.86531664,7.1741843583764275,0,sell
3,1628230.1825443648,1,35578042.708011776,7.1370009407475745,0,sell
7,28650473.11810208,2,59557862.48699392,4.232474185016246,1,buy
10,33484251.054634012,2,34685230.31904069,2.589554989943643,1,sell
3,40590869.12979987,2,43871630.09786245,6.161147943559461,0,sell
2,4735002.102817404,1,10399838.781141236,7.4035894056203215,0,buy
5,2338379.705555102,3,4300261.117309681,4.996199390220394,0,sell
3,4313249.12582892,3,21701073.045224212,6.28338959463783,0,sell
20,3677965.6221169177,1,5736131.368067017,-1.617963936104605,1,buy
20,1991958.1665368313,1,5872840.211477242,-1.5957733422574378,1,buy
20,10757908.772715854,2,24151403.35905855,-2.1623413050942464,1,sell
5,6453126.105105965,1,13045704.999385152,5.722153098181906,1,buy
20,29566506.92271651,1,47547349.579462655,-2.095364016144387,1,buy
7,1133843.7594386402,1,44093756.65308018,5.137056964448103,1,sell
3,12414015.853452036,1,13991661.002930924,6.7179163644283175,0,sell
30,19780044.27774303,2,35832233.340173766,-7.231649722736399,1,sell
20,19513937.053647194,2,21976275.86843675,-2.424837377966324,1,sell
1,32019392.785525348,1,37079777.408382714,7.613928116500118,0,sell
30,17322336.115425725,1,18459525.46961978,-6.860121894693055,1,sell
5,37698273.80852854,3,39400050.47990901,4.617977459272851,0,buy
7,3674291.3032192388,3,7168042.887465668,4.00941162087487,1,sell
1,7160406.942342093,1,10971272.47710355,7.955288413159291,0,buy
1,1056625.1060897992,3,34813971.41832226,7.247844632404991,1,buy
1,1027592.041617337,3,19237924.796618935,7.44856008710477,0,sell
1,2558396.9307520567,2,47402950.163012855,7.460055414191769,0,buy
30,1483434.5992258538,2,11901918.537036022,-6.9179147691617855,1,sell
30,2767523.4464643197,2,5341854.410768786,-6.997707972978092,1,buy
3,1998900.8233419177,3,5601998.765496823,6.271252765815465,1,buy
20,1118033.1140307074,1,4612586.18172013,-1.3922822853092232,1,buy
10,35065535.01472872,2,38652309.47990504,2.671252630267185,1,buy
3,1032692.0972674433,3,14943294.706918595,6.39880564808565,0,buy
3,17806619.719769817,1,25783383.80527315,6.718995074459686,0,buy
7,1813404.5292017485,2,6330134.397420168,4.472690651492984,0,sell
7,35469148.684457414,3,37260987.932401635,3.8481281612801963,1,buy
20,32872559.5929503,2,33963029.722482696,-2.44274153473342,1,sell
10,12910956.96357448,3,15264887.013786355,2.5061650873943133,1,sell
7,13870932.438313732,2,15393549.498930926,4.340696333315201,1,buy
20,1021106.503034226,3,22620797.960104067,-2.1463794960838323,1,buy
20,47126723.78204212,1,48679577.89210048,-2.0349922188318628,1,buy
30,31003538.40609329,2,48003269.49318984,-7.4349695687626545,1,sell
2,33171004.880439784,2,37691880.366286285,6.64778801654775,0,buy
30,13183681.24082096,3,14516182.668890039,-7.56625216580303,1,sell
10,3852854.86493746,1,27885632.91346944,3.450487563533965,1,buy
7,32982399.60920499,1,42637903.70542063,4.512237565887124,0,buy
10,3128084.790957295,2,5643164.413508979,2.9576028914328494,1,sell
3,9037119.66924205,3,42153013.27553055,5.9305851820166176,0,buy
3,1477202.1480966338,2,2670894.792455895,6.720053177415594,0,sell
10,36844694.58732614,3,39047040.134473935,2.0664159819156027,1,buy
2,1734461.9833992785,1,20688649.47142044,7.48750565210123,0,buy
2,2410421.1369642834,2,18450696.71418137,6.995659558170153,0,buy
30,8876733.735064281,3,11977463.589420604,-7.48517316328456,1,buy
10,19868774.82488253,1,21143387.998439774,3.24870148984554,1,buy
7,11278706.384460974,3,39976526.30711928,3.7654021460124776,0,sell
30,2479639.55084949,2,5891277.035720818,-6.907511354609489,1,sell
5,1003696.0175521554,3,3154056.257719564,5.387872620317754,1,sell
2,19336422.406007323,2,26866051.03170656,6.647548276441781,1,sell
1,47188665.40744295,1,82381051.10377444,7.605706884166591,0,sell
30,23769393.341801092,3,24955119.305179283,-7.785391377439798,1,buy
3,6051697.901098101,1,26053916.753646918,6.883128416430297,0,buy
30,34314167.58946585,1,43703070.38012694,-6.825026132385205,1,buy
10,4969571.037195705,2,10251898.096690815,2.878270683110296,1,buy
1,7795559.010282224,2,26168147.819621414,7.358606821147592,0,buy
10,6465902.670124686,1,50208717.53342219,3.4250766366887424,1,sell
20,5761021.989180553,2,8212423.658904528,-2.3051785557136473,1,sell
3,20750370.93854487,1,22504463.732653145,6.6835849660339735,0,sell
3,7851715.820598396,2,43411466.115630485,6.563750196496308,0,sell
2,3452175.691782407,2,17146203.735288925,6.71190992206629,1,sell
30,2745383.272558606,3,8293238.415913255,-7.2471570361951,1,buy
2,1159128.4336017128,3,10576957.73516411,6.859849882268424,1,buy
1,9791090.993756257,2,28274227.020191826,7.344703350816245,0,buy
30,2458654.7417282485,1,23034515.311227947,-6.496991501781382,1,buy
20,1785151.545044366,1,38333909.29479493,-1.4643141579217724,0,sell
10,12907362.179103423,1,18218567.5510555,3.1532785335034155,1,sell
20,14366603.161355395,2,17517950.94779711,-2.085009884950985,1,buy
3,18962194.65847346,2,31173733.69543092,6.248081081703296,0,buy
1,7170708.064337138,1,12255922.027735831,7.8372156444757834,0,buy
5,33034820.890818268,3,43272580.73887269,4.667561017767299,0,buy
1,38977883.37254032,3,44148511.1365011,6.504701997447443,1,buy
7,23534176.65488328,1,25353606.240046576,4.497693764476045,0,buy
1,12018610.503520126,2,18292573.751067575,7.501561268151092,0,sell
20,3281049.5556150484,2,18203792.394909803,-1.9178122742769848,1,sell
7,46772861.22866942,1,69574140.51559567,4.46702896657677,0,sell
7,2922463.6978384103,3,9811310.814708259,4.19275560003685,1,sell
30,2209571.3579427744,1,4118256.1758555677,-6.479308803884163,1,buy
30,5639058.196205622,1,10703621.219601251,-6.845382789856628,1,buy
7,1249022.9682284172,1,22920564.260809187,5.150883983857231,1,buy
5,45965580.043552645,3,50994046.0296661,4.522092832156531,1,buy
30,9993807.087129645,1,25247848.65169419,-6.815935156342638,1,sell
1,8835780.07428795,3,16109236.325489629,6.867815693597185,1,buy
20,13007031.994141538,2,15576426.87141531,-2.173370736716481,1,buy
1,6989212.88714267,3,29512710.512430876,7.022884062894188,0,sell
5,1133639.4580316478,3,2523835.7712356527,4.980244178966747,0,buy
3,10972321.213859921,1,18766544.550601497,6.855622432148637,0,sell
2,16472440.019361367,2,18736560.855088994,6.7765405433685135,0,buy
20,5105569.0402972,1,6405566.462737584,-1.553764246993202,1,sell
30,19347393.35085486,3,26500087.802350745,-7.651062475615319,1,sell
20,2430347.6313126828,3,9489314.088756425,-2.3185972437755167,1,buy
1,2376524.4727091594,1,18262117.34679017,7.823799144096295,1,buy
2,1880366.9976390458,2,20301192.484497726,7.02535698585219,1,sell
10,4285563.540881523,3,21523922.05529679,2.5552970533501265,0,buy
10,27481981.405878346,3,32445938.308130894,2.361394699911544,1,sell
30,25503381.050699852,3,37339845.56820784,-7.741816064080639,1,buy
5,4471022.405740257,2,14025625.732447512,5.398383900552906,0,sell
10,10020630.80317077,1,15223234.90026695,3.1561878630948392,1,buy
20,16774334.546938052,2,27117332.854757845,-2.1966421023112384,1,sell
10,2569230.5351451584,2,43245932.10412431,3.046117351683514,1,sell
3,1930486.0221799596,3,4057256.800652041,6.11083652512032,0,buy
3,44829297.55364165,2,79413647.85753044,6.097382848876153,1,buy
30,11199827.948549718,3,12432419.863858232,-7.645820916350816,1,sell
3,46493888.865166426,2,49835408.53839978,6.0133184265006125,0,sell
10,3748325.443621748,2,6835421.438321447,2.8375351396131254,1,sell
5,15646952.723038651,1,27239410.695017397,5.542293864855803,1,buy
7,2388894.119232793,2,4059781.7994334158,4.561164337018605,1,sell
7,2778249.5720431246,1,34334262.5437346,4.740629457000208,1,sell
30,7408091.693756852,3,32975340.04424575,-7.591396327696902,1,buy
2,3491576.8719288735,3,16310167.213130869,6.672932947828734,0,sell
7,1926566.5210090482,1,7935969.80229129,5.097625998428038,1,buy
7,2796574.719523491,3,41261450.20860095,4.179286818732688,0,sell
3,1150099.593372078,3,26937851.160677403,6.360142292069932,0,buy
3,15732386.354619782,2,22784535.024454933,6.279311892122165,1,buy
10,6856325.685415686,1,22432535.050885186,3.199463668665355,1,buy
30,1445826.3749471188,3,10633318.573423835,-7.187962690262787,1,buy
2,1957505.2894259505,1,11932122.253407637,7.545653127903491,1,buy
30,1493492.7016919313,2,5143707.438571157,-6.915516055849185,1,buy
1,10984411.803035108,3,17080733.591097195,6.870202761888628,0,sell
20,1445641.416319069,3,2803098.06068839,-2.261091720511361,1,buy
2,19120667.907653347,1,23167588.73639131,7.260738500377198,0,sell
2,1083546.2081967099,3,16295737.422164105,6.750100311885474,0,buy
5,2652662.4125887435,1,44290238.89921846,5.646444527091606,0,buy
30,32599877.355271664,3,75872880.85592704,-7.691055477727731,1,sell
10,16625057.523811797,2,25418450.564415775,2.657947109246087,1,buy
5,1330365.607178508,2,12061188.07217932,5.70072509936736,1,sell
2,24835254.87159563,1,26903179.584590852,7.147989674652583,1,sell
2,6881005.145125175,3,22062258.195862457,6.6580351366405655,0,sell
2,27457371.724630725,3,28775771.648565516,6.282009334159611,0,buy
7,10486700.318052607,1,13532297.351875272,4.789156208489833,0,sell
30,14401703.629284563,2,28064175.444436233,-7.195725925484632,1,sell
20,48744918.6990397,2,52111643.40160266,-2.3082235212257327,1,sell
20,2481596.245821803,2,3696909.8066885956,-2.294418282440672,1,buy
5,11483249.893555554,1,37384628.074671455,5.657915043440297,1,buy
2,6054415.66493167,2,9421402.153208502,6.899120569727994,1,buy
20,1166883.999124979,1,2446895.5364292497,-1.4189962329056378,1,buy
3,1058242.467449463,2,2398113.0378828347,6.569921856254272,0,buy
30,1594284.3295377183,2,4271791.530257375,-6.8418999101476645,1,sell
20,12670314.565633072,1,14676835.774728782,-1.7012299961995172,1,sell
10,9195875.310864434,3,29874072.594341632,2.390431877629749,1,sell
30,8714856.170434965,3,12234766.06462416,-7.629272219684636,1,sell
10,1132722.9087091193,3,24421892.391651828,2.8204302305717492,0,buy
20,6270926.546425133,2,8244981.033277351,-2.0656568058290112,1,buy
3,37231148.44627877,2,44107957.12347829,6.168575908586693,0,buy
10,4736926.650836311,3,19492444.363495097,2.4162202166550966,1,buy
7,11527218.655460697,2,24342050.265364476,4.59865543444057,0,sell
20,21129466.843415804,2,31632163.838820584,-2.5147101730577335,1,sell
7,21471655.715354342,3,58731768.147507116,3.916208844816055,1,sell
20,7625025.209034723,1,10069904.214408513,-1.7833205968840602,1,buy
1,28683663.594455767,3,35583107.99069836,7.087407300489437,1,sell
1,4623167.6332664825,3,36382899.45713264,7.109100100355109,1,sell
1,32349167.970612403,1,33705416.15958729,7.673467797271915,0,buy
10,2559403.4435389303,2,3803781.9219492683,3.105655758361274,1,buy
7,2992810.8536894,3,5483810.056238238,3.887440654430249,1,sell
7,1230978.1582245599,3,13129254.849327,4.279364173208266,0,buy
7,22473446.287205953,2,25237380.425763175,4.25870932495657,0,sell
3,5111687.981228914,2,7216492.930179519,6.497112906088242,0,sell
7,2450542.588049992,1,8469085.643275179,5.080836569521412,0,sell
3,2476308.38927672,2,13504002.564477276,6.583643964226511,1,sell
1,33997850.67512015,3,36642037.205420114,6.839631002442701,0,sell
1,26109544.19912287,2,29351934.613502838,7.123571902969684,0,buy
10,8718311.27229743,2,19744333.274147216,2.691405662130185,1,buy
20,11136629.44151285,1,51573841.99980131,-1.8620367291240703,1,buy
1,6395358.827279987,1,20403030.560322285,7.741146628824712,0,sell
20,4628387.457878534,3,26014441.316734355,-2.5272466438854826,1,sell
20,35922599.869807675,3,40122116.914450034,-2.8716492420462902,1,buy
30,1634602.7131857944,2,4535631.1782300575,-6.971122503014321,1,buy
10,5139590.812923092,3,11052310.219312381,2.504877817448516,0,buy
2,3849464.7430021483,3,27361729.612811,6.491233316493378,0,sell
2,7020097.296156963,2,12980003.218156539,7.157842623978639,1,buy
5,5991048.396309115,2,33442231.805343177,5.285445905137435,1,buy
30,7613384.258901256,2,55464705.78424464,-7.067340938012203,1,sell
10,1728694.0824303846,1,3054167.8730404065,3.461965602715463,1,buy
5,7444096.9228499755,1,8638498.843490541,5.845797533657447,0,buy
5,2581441.5336569357,2,4376788.60753843,5.530341048524778,0,sell
30,2056711.767011074,1,6554847.431096537,-6.425525390422929,1,sell
2,1288698.7075870433,1,2958392.3081172146,7.521139697079773,0,buy
10,19757128.343299445,1,49903346.06046657,3.151139978266808,0,sell
2,5323668.470693617,3,6418443.2559039,6.322780395030605,0,buy
5,11605098.24365077,2,15044812.391070865,5.186539819052069,1,buy
10,17225001.39014044,2,19284638.155091677,2.608021679694535,1,buy
5,14260627.563485267,3,52512912.29522323,5.044050480367414,1,buy
7,6300378.034978204,1,20022717.090003163,4.9109043226506195,1,sell
30,4560662.823669067,2,40002159.10183946,-7.013252418811488,1,sell
20,4352558.423881032,1,49222686.91310806,-1.521027936320717,1,sell
10,12229922.565852238,3,19221175.348860614,2.3145895007425414,1,buy
10,6928524.665032457,1,9429452.360666543,3.451877909663572,1,buy
20,27710873.707499195,3,29844603.37997475,-2.699784654652083,1,buy
5,30626152.0335602,3,33017993.877764735,4.751347129833191,1,sell
7,1948843.5055797882,1,17939959.551606767,5.099145629884971,0,buy
3,1703950.1596716174,1,2875379.449975171,7.113785469164754,0,buy
20,11776934.619419614,2,12999468.552725945,-2.320181188149431,1,buy
30,3249178.0486488114,3,14044028.185131598,-7.294555902654067,1,sell
2,1075353.10674607,1,13401741.08967962,7.571569451925582,0,buy
5,32342772.045006316,1,45840533.64930479,5.594550437204138,0,buy
20,2429392.0027272804,2,6713040.457697559,-1.97732928824228,1,sell
20,37915776.34567741,2,61319027.3788986,-2.467285934830186,1,sell
10,16553872.737628544,2,24619017.52077147,2.6342266708307625,1,buy
2,19757200.312744148,3,21267916.705909044,6.280411021022046,0,buy
2,2199262.344645177,2,24806516.31366599,7.122711787950041,0,sell
30,2499708.1392424856,3,44113144.54427102,-7.315026005921829,1,sell
2,7684547.120594543,2,8949283.162177762,6.907550386542235,0,sell
20,1960615.7514287143,3,6583299.52683412,-2.2235683328967175,1,buy
3,3303081.4594392856,2,10037112.854565179,6.511182650041829,0,sell
1,3516860.2217999496,3,5290434.688757419,7.296626094425711,0,buy
5,1867267.1992904556,2,31666938.57358947,5.641942812400386,1,sell
1,2231513.2986049885,2,5270730.393857691,7.478196402353376,0,buy
20,21863814.1192556,1,43258603.84629233,-2.0069657733152564,1,buy
1,1923360.717081296,3,15727187.408595264,7.232939670388095,1,sell
20,1117759.2051964423,1,11494522.582907133,-1.4385527928919046,1,sell
1,11728842.909921445,3,13849375.426971462,6.80681023437866,0,buy
2,45516204.98076741,1,47887407.574042365,6.998653051548482,1,sell
7,3653611.251763039,2,4857104.115508085,4.446178030400418,0,buy
2,1590715.3816769973,1,4154982.112938055,7.4844229673105644,0,buy
2,9312600.1577494,2,13175365.540174793,6.993501090113484,0,sell
30,34663197.20614335,3,60694079.02813853,-7.672021933085714,1,buy
10,21483124.508804608,2,25675789.388369642,2.834329652659531,1,sell
10,11419202.846121311,1,30565278.627136603,3.398188630502922,1,buy
1,3429821.649990115,3,9009372.687819099,7.12346776332224,0,buy
20,8329868.785734001,1,29880883.301764328,-1.6998852456200888,1,sell
30,1428967.161044424,2,46996568.199746914,-6.8220863349125045,1,buy
2,14239931.83659143,2,16795477.308420125,6.903597249386539,0,buy
30,17057539.52849125,1,46238026.297146514,-6.729641969256885,1,buy
1,43607358.53222776,3,54995699.73937658,6.6622977497253615,0,sell
10,2769537.8301672493,1,27235282.28204007,3.3294098315325695,1,sell
7,1074872.3774642737,2,13869419.059573209,4.581406757755379,1,buy
5,8452251.577875081,3,13703680.554526104,4.977808275097564,0,buy
1,15878733.73799244,1,18319310.550797433,7.552644283172709,1,buy
30,22023107.19765136,2,23338294.923428506,-7.237889677577078,1,sell
7,2133814.371756724,3,10258931.64384624,3.9710421465609,1,buy
5,2784263.1086100247,1,50927393.86581162,6.129987950565468,1,buy
3,7428080.583309803,3,25371734.679534633,5.8552917941629765,1,sell
1,3644860.0665988456,2,7243598.283349899,7.436419179512311,1,sell
1,28972315.380252045,1,54405230.55532048,7.525931122534204,0,buy
3,6381228.415778776,1,26633826.777828097,6.962138351296142,0,sell
3,22827593.61274989,2,25837068.78671949,6.219528926947388,1,buy
1,9692940.726542886,2,10750507.982812185,7.2450154421423,0,sell
3,20580549.26427295,2,22168199.30367357,6.228932535424155,0,sell
2,3674526.8518902045,1,34614284.10256446,7.404876126448593,1,sell
5,25855438.14871014,2,52236696.30196294,5.239832601512693,0,sell
5,2927454.3272564234,1,6101047.385419053,5.825785742807381,1,buy
5,8468480.546156384,1,11520156.914725136,5.860791879205843,0,buy
2,2309891.953496051,3,24545746.811862603,6.684597365253923,0,sell
20,6425475.862833432,2,45616610.158213906,-1.9386369485105623,1,buy
3,3471923.417402041,2,24545139.8964552,6.491745626302005,0,buy
7,2838710.6604258865,3,13525813.96786144,4.132432018988383,0,buy
3,43941870.54248234,1,46525863.61565579,6.503238610548687,0,sell
1,1870514.6057278798,1,9690932.051904844,8.129122351347169,0,sell
10,21759202.878639836,1,24252245.15607939,3.1960884829757847,1,buy
30,46996633.084056154,2,70589850.2869955,-7.463612927000057,1,buy
30,1080965.974521447,1,5624934.002413073,-6.14440030446751,1,buy
5,15403755.220138079,3,41490900.95530399,4.816438849607424,1,buy
3,2689611.613740333,1,7139433.366569357,6.895739469704019,1,sell
7,1171622.2187149895,2,26302353.047346137,4.77208855944215,0,buy
1,4836122.684942655,2,8519930.542285008,7.442211124303946,0,buy
2,38806726.246553384,1,44401367.75361195,6.931053599184454,1,buy
20,1047100.9230331392,1,12156648.2263264,-1.2838259212430536,1,buy
2,9972410.712557618,2,11288897.630729927,7.047515721734709,1,buy
7,7109803.164439565,1,47939424.85174589,4.696651407909483,1,sell
1,30468670.031764362,3,39899263.52482726,6.8984153853279775,0,sell
5,1389045.2487008425,2,8679774.533523222,5.600176476578279,1,sell
3,14384417.573371375,1,41059463.6798408,6.4828872641269975,1,sell
1,14304937.916201646,1,43878586.56873997,7.757113613401334,0,sell
30,13700830.04791116,1,21415276.374007247,-6.9885936906823165,1,buy
20,39902310.24091235,3,77519892.35701841,-2.83841914698446,1,sell
2,25026552.192595743,2,26314764.733387567,6.67864494521191,0,sell
20,1178447.9435887183,3,2735729.8036027933,-2.2284744842909276,1,sell
20,6314742.312944442,1,16640580.182880307,-1.57333398699231,1,buy
7,4743624.523676347,3,8738905.0526575,3.999892741895102,0,buy
7,3364579.7407072103,1,9512166.019770086,5.053490339286933,0,buy
3,5845310.126821141,1,9454392.132735398,6.820047278663049,0,buy
7,4495048.645416425,2,9366026.601401461,4.360863622047646,0,sell
7,5426531.492501278,2,30409927.27143591,4.500026435819919,0,sell
1,46103780.19809634,1,56296691.894663036,7.692457287381197,0,sell
30,1414440.7683460105,1,50897720.095289566,-6.499235587695424,1,buy
5,36884388.25955988,1,58605605.25010811,5.442255065565906,1,sell
3,6544971.671913752,2,9462067.908161007,6.354196443240657,0,sell
1,11474119.418249238,2,14286761.212292243,7.152103466771065,0,buy
5,25730958.147188775,1,29452141.637261935,5.632470472228096,1,buy
20,4096527.4959578775,2,31178018.014632743,-2.171500883636381,1,sell
1,5386093.782338587,1,6498749.74580153,7.905900543751054,1,sell
10,4963175.293243051,3,7423945.660551645,2.5276517426293283,1,sell
1,4331684.000221406,2,38800729.12184316,7.544541653279792,0,sell
7,37363414.30410102,1,49586049.52943726,4.5183975388773305,1,sell
5,25605132.104719132,3,28034014.073476657,4.851208489698187,1,sell
3,1531749.3801189295,1,3888538.5165296244,6.935837035586271,0,buy
3,1526505.3566835504,3,30738571.82059639,6.263024181788593,1,buy
5,5332581.129607635,2,38329029.60291887,5.3776281339636425,1,sell
7,1471011.0116745515,2,4194709.568619232,4.701767000504971,0,buy
2,11267319.221394887,1,16448568.46967201,7.214144476611445,0,sell
1,1754396.4125597174,2,27933400.786837082,7.72401263033194,0,sell
7,7717853.073394832,2,28131401.872164868,4.3613841950195,1,buy
10,1028647.2595138334,3,25173193.677000094,2.720816919546356,1,buy
30,3450545.030513736,2,11049309.378897872,-6.976408066734041,1,sell
20,14142517.562659407,3,49517358.07775232,-2.371860083358855,1,buy
5,6643051.822320183,3,10222218.27410196,5.1173167974187725,1,sell
30,45925142.534668684,3,47770928.14861064,-7.867099744050297,1,buy
1,30554566.76361069,2,46554382.243790254,7.175186979046081,0,sell
3,4074276.350377972,1,12322244.486630509,6.817989617372629,0,buy
20,1194758.886823419,1,29503176.078499887,-1.5143628720107776,0,sell
30,27333403.89302751,2,28707088.81033782,-7.305930931604077,1,buy
2,35331311.612276696,3,62458706.31010326,6.227419495506038,1,buy
30,24786849.289418608,2,27936764.170904644,-7.396478283445617,1,buy
10,1649616.954908086,1,14608874.941926017,3.4573718064159022,1,sell
3,49593856.40643609,3,50763834.17342334,5.70663427710363,1,buy
5,2749962.9079110776,2,13605725.514601683,5.487029934432517,1,buy
1,16998180.000831988,3,33541515.78773909,6.863943838941083,1,sell
5,34891851.687873155,3,39123363.46108419,4.685325602031661,0,sell
20,2514347.71823082,1,4836957.906968592,-1.4946049757878548,1,buy
1,34922396.634932056,3,43114933.28585156,6.68635933402591,0,buy
7,3355829.750953595,2,29391345.463812742,4.5777264298680995,1,buy
2,45592853.77463497,3,49138515.15259124,6.18490327279434,0,buy
7,3005054.397748907,3,5690014.048158584,3.916665883481057,0,sell
7,41673393.5436945,2,44651242.890946925,4.101542441475542,1,buy
5,1233021.8020094263,1,42210672.67407274,6.118379327166748,1,sell
20,16033630.567072297,1,20111193.78625264,-1.8808337969153586,1,sell
2,8017534.831540308,2,9031734.572900355,6.861117594506436,1,buy
30,6484833.348681884,3,27768817.422185056,-7.424276718390803,1,sell
1,2397232.384830986,2,17815901.978920303,7.7178922035126725,0,buy
1,15804693.646297941,2,17458305.68373844,7.392008851502604,0,sell
10,2109500.3535727807,2,49242249.989687175,3.0963976187577957,1,sell
3,8694840.678178348,1,19486285.227600075,6.824266502896185,0,sell
10,2693123.5372120435,3,9785786.677265033,2.6570637510697948,1,buy
30,42031226.166078754,2,46491680.22622945,-7.523588405403131,1,sell
10,1118519.4475396394,1,34755581.425000265,3.7094417191761884,1,sell
1,2184400.95094356,1,4781488.780665563,8.111765182764778,0,sell
5,2580349.01430526,3,5638879.330905977,4.986990625010998,1,sell
7,5052296.337403783,2,6666551.8893783,4.413307126839742,1,sell
20,2485430.938115601,3,21971335.589108452,-2.1861851998330177,1,sell
7,6835768.8074796805,2,17111680.501733765,4.427109984350148,0,buy
7,30359369.912149876,1,41193278.134646505,4.476585977586151,0,sell
2,16209678.23678403,1,18560256.464305047,7.294583187605362,0,sell
1,9668030.428006897,3,22441696.565144815,6.963629873170509,0,buy
30,1416490.707133261,2,21391681.742488846,-6.723850811276021,1,sell
30,15103297.441716362,3,19158773.843031317,-7.607861704524422,1,sell
20,1917488.9828378637,2,24903560.873177532,-2.115328824384867,1,buy
5,21677769.850383,3,25591444.75702569,5.008872424421086,1,buy
2,2659738.4528272846,1,22071033.250607636,7.339225590336927,0,sell
3,5111557.84390647,3,6252612.48253618,6.006053237668704,0,sell
5,3939475.1122132447,2,12577453.743590297,5.609820188882659,1,sell
10,28780549.419203505,3,73161494.3723248,2.5127848208535397,1,sell
5,1640571.7903056566,2,48103346.672482185,5.6174877680901645,0,buy
5,9141420.53333682,3,12152270.946995562,4.996381623444488,1,sell
7,1743244.939719416,2,7365671.814129132,4.496201534671141,0,buy
5,15755311.16227204,2,17034685.327408515,5.249441666638744,0,sell
30,34490587.39360677,2,64954149.57822654,-7.233272714547371,1,buy
10,5475015.683495485,3,14721721.344471078,2.5700267424142327,1,sell
10,6749228.154926701,3,11260245.553864889,2.68063688826887,1,buy
1,37641210.42259815,1,39195721.410819024,7.40389754209144,0,buy
5,7676243.485666581,2,48276541.28950057,5.243595004489258,1,buy
7,6736202.285930267,1,14694611.345499313,4.738973176222132,1,buy
5,9606469.276523875,1,12631195.453719998,5.6893614201200196,0,buy
3,14824520.267697139,2,18760066.342136934,6.3821368515077355,0,sell
3,1519118.4845315767,1,4402528.420388476,6.994785617405341,0,sell
7,24833741.54222023,3,35364431.184979394,3.689549777957368,1,sell
1,5494269.7549002925,1,43511477.88164855,7.878433518632013,0,buy
1,1327143.6950440214,3,29869976.578255873,7.1797180319995695,0,buy
10,21662110.80052028,2,27717935.541147128,2.6189326564317197,1,sell
10,4369449.205061895,2,29732274.20580296,3.0798440341072792,1,buy
2,1480885.100366464,2,6715003.24547291,7.269174640938364,0,buy
7,11933602.770907842,1,14616859.72778475,4.817619008497092,0,buy
5,31283603.249181543,2,78142578.04458867,5.088479889509598,1,buy
20,32230465.92507388,2,35513654.763562925,-2.391588399304836,1,sell
7,42368346.766400024,3,45916462.342920616,3.779792765335006,0,sell
2,29799264.75461001,1,77823283.05845624,7.1535912138317315,1,sell
10,1008410.4968942355,1,2697057.1891367496,3.5757392708433735,0,buy
7,4426070.590797782,2,24020130.559923243,4.592362876146689,0,sell
7,24585513.89699488,1,63482666.10630192,4.4043180676228815,0,buy
10,4190374.817874969,2,11595362.55482481,2.9229750048981993,0,sell
30,10519930.447552754,3,11529844.458745291,-7.33938597658659,1,sell
2,10718013.672291178,1,15055258.081743304,7.234792729773065,0,buy
10,4170297.544921171,1,5717518.616667673,3.3332153772823694,1,sell
1,34409160.114623845,3,39503528.56469517,6.804740652640207,1,buy
5,7160937.184765696,1,29151268.398041848,5.702431398809515,1,sell
10,6161045.617166122,2,11724669.491902372,2.6879994701332457,0,sell
2,49516043.15769754,1,54933903.741698585,7.301749672653234,0,sell
3,6893540.249952134,1,15723701.207051713,6.718017448138577,1,sell
1,2009524.3769214423,3,11743154.863410052,7.215199478280888,0,sell
3,7441998.18191277,3,35940481.23027506,6.009531485359942,1,sell
20,24154053.0979005,2,27495131.307409342,-2.2388891138682503,1,buy
10,20886342.382266287,1,45774619.37509176,3.054521935453149,0,sell
1,21866373.644003414,1,31018130.293673813,7.36871793151831,0,sell
5,15955527.66705928,3,19195868.476283204,4.8096456723518175,1,buy
10,2703388.5257979874,2,5875951.827469114,3.0505256256230036,1,buy
5,29151103.745534714,1,33258454.662878294,5.593007045608311,0,sell
30,32955935.80665371,2,44383065.09577028,-7.17976580086828,1,sell
7,2137271.0729902238,1,4604118.038515956,4.955101642373387,1,buy
3,1665866.571458579,3,38277500.8343065,6.242550954645042,0,sell
1,45448921.06194544,3,54927849.30564849,6.635393877781619,0,sell
5,29871454.397844266,3,66437602.05380471,4.71919768126093,0,sell
2,32929218.276666697,3,34128274.68167322,6.464409322592286,0,buy
5,32057296.203674152,3,35877499.20596154,4.696752551681292,1,sell
2,8323570.566144086,3,9416896.201980878,6.43713302554559,0,buy
10,12537679.429173354,2,15438679.019533502,2.92073280686017,1,sell
1,8444134.208876455,3,37586388.2626839,7.163383096423261,0,buy
5,1221794.1779206425,2,2375775.578488189,5.750309838290266,0,buy
20,18475124.77472296,3,23983212.39533306,-2.5659522833629893,1,sell
5,7220112.538186842,1,8804067.855729112,5.671590455533942,0,buy
30,12601965.595126335,1,17709364.47229951,-6.737149895328289,1,buy
20,7144468.925645841,1,33762975.128098726,-1.7323255093732834,1,sell
1,6848140.85396163,2,18292171.083312437,7.452194414687196,1,buy
30,1958233.8074814347,3,19811880.294184823,-7.330998155967382,1,buy
5,2975269.031188312,2,6893747.10104163,5.475654325277314,1,buy
2,1861598.2358611794,3,42087274.676192224,6.558855778469848,0,buy
5,2149963.896930522,1,18182972.3869969,5.974249310094198,0,sell
3,44984136.07570567,2,50191567.28795184,6.133402858169441,1,sell
10,1820267.2342241164,3,7123624.728601976,2.4993372775109943,0,sell
7,2867360.9999932046,2,39243521.86645449,4.477098993235585,1,buy
2,10078458.535071226,2,19612878.65406306,6.819200786850798,0,sell
3,10881157.54374746,1,26734363.04491478,6.7912184098880815,0,buy
20,1826406.4317979864,1,6937694.253515007,-1.551381750299015,1,sell
10,22310129.86770269,1,24709224.049612917,3.186629343210756,0,buy
1,21579238.74381972,1,38534540.893019326,7.656933971094312,1,sell
2,2530437.7675942522,1,13311817.85096962,7.544538251977853,0,buy
7,3093395.0732582877,3,10201707.629814629,4.073803820534068,1,buy
10,39229542.9052375,3,50716178.9105348,2.208969323921428,1,buy
20,25280812.065246366,1,27539576.614936627,-1.838373249079635,1,buy
30,15329790.801753214,1,37659241.9147875,-6.920738410743128,1,sell
30,1379468.4645555455,1,42202021.78434317,-6.456003657124532,1,buy
7,5135918.545984148,2,37791506.89115482,4.5480534805642225,1,buy
1,8917376.513924861,1,12433868.966265254,7.697746953755139,0,buy
1,2081642.5510311367,3,6977081.404680058,7.220357322785498,0,sell
20,5774621.429072627,3,29403943.33460597,-2.4691114436073756,1,sell
2,10498444.040811658,2,20756998.169787295,6.986227184690202,1,sell
20,3599176.6250978047,3,12128021.290670745,-2.388248595664563,1,buy
5,21222758.02629907,1,58749158.38285363,5.68480532131647,1,buy
1,26785430.410030562,2,34926666.14614542,7.179027965341355,0,sell
10,3546523.008136933,2,11043140.823888268,2.954039619576652,1,buy
5,26598267.4987724,3,27776926.90438255,4.819465485287052,1,sell
30,1499593.25712168,1,2811603.816730015,-6.518897482605492,1,buy
30,26501875.554479025,1,27531329.40061008,-6.799239415482936,1,buy
3,1817684.0718116781,1,37427895.010062754,7.125939994603364,0,sell
7,1383218.3593433984,2,6324466.745879516,4.657442818607879,0,buy
5,12312809.540054467,3,18565569.018682193,4.870805856494648,1,buy
7,6335887.077289848,3,33643709.2458341,4.0396022806720655,0,buy
20,34872163.9089289,3,45713709.65300138,-2.872173563658735,1,sell
5,4140450.0531961014,1,14992828.492132481,5.806383669004939,0,buy
20,3075127.182693705,2,6265218.394840787,-2.0814134699411513,1,buy
3,7091426.168682179,2,33200130.113527667,6.325352346096264,0,buy
1,5951670.687530205,3,7864781.62714345,6.965101436287133,1,buy
30,3847449.420271839,3,5078567.085007136,-7.535235391844568,1,sell
3,15088485.757414725,2,17204547.60589594,6.257139692543669,0,sell
30,19519683.531275395,3,22369897.759504948,-7.675064199739793,1,sell
1,28131583.414906632,2,31149019.079543967,7.245488268646217,0,buy
20,44962887.11025945,2,58740770.08149953,-2.3731580139452575,1,sell
1,2838186.120509143,3,5182832.978094305,7.281232832717004,0,sell
30,16467260.169161689,2,30580351.84138962,-7.170771593259441,1,buy
30,4675552.2651140485,2,6103889.733255053,-6.802363459309524,1,buy
7,14136502.060490396,3,15915160.535216125,3.7787542857109537,1,buy
10,6436927.453733906,3,13756275.154988397,2.614152023291793,1,sell
3,48796726.964190856,3,85632799.17860037,5.5469012314693185,0,buy
5,17313420.010202184,2,46178950.947404996,5.368650071070265,0,sell
30,41519694.451774575,3,85766613.96117793,-7.733146504210111,1,buy
3,26217315.420953963,3,38956581.844510116,5.776404683746573,0,sell
7,34198080.860207915,2,48264682.4329097,4.179293874035373,1,buy
1,24192112.143945333,2,35723865.026967585,7.162255965549923,0,buy
7,6026950.016379916,3,17459698.9947861,3.9659552057743035,1,sell
2,2677817.8345100884,3,4455905.025108095,6.692682134906926,0,buy
2,4257580.519375935,2,12648241.55141142,6.815815823091727,1,sell
5,1082382.4758220154,2,5610501.5475790305,5.720806692880018,0,buy
7,7766917.176038512,1,13414432.986343462,4.77305577485515,1,sell
20,7212370.911069695,2,14967368.51349235,-2.1357218390528487,1,sell
5,7805213.454537225,2,9457712.603757087,5.3356351147262036,1,buy
20,45169973.36911099,1,49250900.84457021,-1.9607939436667268,1,buy
5,35361689.97029362,3,36643426.90952238,4.856309240919716,1,buy
2,1882544.1044931505,1,48059656.096256346,7.725798835864972,1,sell
5,4233702.520780063,2,5823623.594026457,5.590687940209102,0,sell
2,5251566.049964584,1,8000889.118993427,7.428772634299111,1,sell
30,4097647.6651447946,1,36777489.620055705,-6.695105424552959,1,sell
1,22731112.467417065,1,29339718.90889291,7.561234310738622,0,sell
20,7768269.470720738,1,9468248.393704725,-1.7148749858120844,1,sell
7,9375197.566498138,1,13870885.517190857,4.801135370390439,0,sell
30,28134840.019714724,1,29708301.975064468,-6.957075190435959,1,buy
30,23401718.898884814,3,25590291.577989183,-7.564995697357778,1,sell
5,1677348.912688476,1,2903085.498996565,5.95348686472007,1,buy
2,16327491.412572704,1,21880589.8016524,7.045707179193705,0,sell
3,5492789.068998589,1,28959410.93086397,6.942376422442033,0,sell
20,3166646.9617212047,1,13064569.66870066,-1.5531730224947644,1,sell
30,1216131.3284394455,2,11935334.09717589,-6.85870711581036,1,buy
5,6727014.869462565,1,8918740.823292779,5.6705599331158565,1,sell
10,4016763.472306841,1,7856180.833487171,3.485210121453265,1,sell
1,2674934.2413669256,1,29967287.304661095,8.186966316419033,0,sell
1,15143505.912296318,3,16553654.971083451,6.932672932650805,1,buy
3,20292361.56232144,1,48973636.086300805,6.574758665116256,1,buy
2,2605493.8368629254,2,9239484.348386383,7.076888302032425,1,sell
5,1213415.9846154104,3,27655055.191038217,5.326610365777628,0,sell
20,27669759.18161215,2,31139390.80718008,-2.2594362535148953,1,sell
2,1039731.7391126868,3,4804029.860082567,6.712723230509976,0,buy
1,39095432.131873675,3,58016869.58141193,6.687227398757479,0,sell
2,11649501.456752675,1,33211298.41625718,7.148733687597039,0,sell
1,3522149.4453398734,1,5977759.593865477,7.943873639242353,0,sell
2,2622760.1421009405,3,47588236.53342928,6.645723564399545,0,buy
3,1035858.307624924,1,2427559.9917125413,7.209731010600313,0,sell
7,2512226.974129357,1,3819554.7231865386,4.983426906557744,0,sell
3,1713942.520016465,3,11988042.774029035,6.288589895327147,0,buy
3,10966096.080489412,3,27867192.73263774,5.905840181705802,0,sell
7,1918474.1835458844,2,44824344.04257639,4.419471031253016,1,sell
7,7909084.897731576,3,12784265.792771395,4.117474920495143,1,sell
30,10059817.467190523,2,11163818.158242006,-7.141531165064512,1,buy
30,3208957.0586760687,2,13784503.005772833,-6.937511992139551,1,buy
5,1147028.7316754386,1,4252909.999133848,6.160646113533413,1,sell
20,1156893.0863301517,1,6596458.107081946,-1.3965826987652221,1,buy
20,1108570.5245699855,3,7867765.875288475,-2.401447726657657,1,sell
5,18019827.901485704,3,19306906.267671414,4.821346306447687,0,sell
3,3469676.2197745526,2,10163410.598052053,6.461047564875174,0,buy
3,22536689.976301994,2,27837037.263008,6.177387494624157,0,buy
1,5413786.410433321,1,21653984.920531645,7.8202942831976685,1,buy
1,5883424.508944158,3,18385065.29381126,7.033752038344633,0,sell
20,7436561.217897716,3,9500400.857008908,-2.314748782197583,1,sell
5,16271180.263765441,3,18511055.55408619,4.924522414125992,0,sell
10,2915232.286289434,3,5584867.785304357,2.707942180947896,0,sell
30,1609063.7828833004,1,3622933.7732647844,-6.51971411953574,1,buy
10,8804906.18901753,1,21884236.64808341,3.4151131744443743,1,sell
5,3593562.263171441,2,52515882.47171295,5.517228716399392,1,buy
1,5646501.776332126,1,18467224.570838366,7.832997703018117,0,sell
20,12564437.544209022,2,23297749.430075407,-2.3670124340558623,1,sell
20,6910425.870475472,1,11881557.497957498,-1.6256693265405016,1,buy
1,11319704.885823306,1,14716461.922469186,7.820984628989095,1,buy
10,8405808.271746898,3,43714935.65660216,2.5637420402777367,1,sell
2,18067241.31448186,2,62357184.00378968,6.615782436580059,0,buy
2,15825780.521410266,2,22808230.307714395,6.870390402020946,0,sell
1,8083000.446753757,2,11195017.277404454,7.348364920293903,0,sell
2,14237569.867635008,1,34580547.91806714,7.066975043077663,1,sell
7,30489588.378721774,3,32168547.470386837,3.991627055644125,1,sell
5,5425202.480982196,1,25410538.3553915,5.991920729337904,1,buy
5,5026573.988217617,3,29651147.81948534,5.117517019370997,1,buy
1,19880641.127292626,1,21510717.88585129,7.693863874541585,1,buy
3,9766557.134639733,2,55439430.409281895,6.507067293499263,1,buy
30,1320195.9304892619,1,48565192.33501836,-6.491352027940965,1,sell
10,32784725.757467832,2,71820095.5451527,2.912999873896739,0,sell
1,1127975.241863132,3,8090203.574848892,7.285749672997849,0,buy
2,18685424.149337564,2,21304044.788743418,6.850524690502355,1,buy
10,19461149.456079092,2,29206922.881379627,2.7986401818261193,1,buy
3,41620485.76592052,2,46790062.61014448,6.027525959378674,1,sell
2,1235869.8461894915,2,3474078.496107539,7.169524008449226,0,buy
20,10328610.576277431,3,15574432.109540893,-2.4097037276156863,1,sell
30,5331977.353082317,1,18757429.378370825,-6.734007943869049,1,buy
7,3645318.442212352,1,4965031.725251355,5.037576919528046,1,buy
2,1423798.4794101573,1,5109050.4183513,7.612206652690567,1,sell
7,9035089.774093332,1,10107184.067565922,4.631418505246142,0,sell
10,6514421.029854533,2,25280363.567760203,2.912556953229196,0,buy
7,1505340.9924701152,3,13766040.418269133,4.232300250451177,0,buy
10,10979973.716829412,3,12257818.419613604,2.3305057266843945,1,sell
10,17937429.861590795,1,61494652.098415114,3.1873025086104336,1,sell
10,20117908.032293115,1,21210437.971477434,3.00397510956317,0,sell
10,34530422.28992928,3,44584111.18418233,2.3445370923454707,1,sell
10,4962248.488538956,3,25808358.720532052,2.4654966957078437,1,sell
2,41614247.503517695,2,63422064.918302305,6.5968905198375865,0,buy
10,29535110.50535794,3,30678645.38801916,2.280462073948689,1,sell
2,3189681.1760538626,3,37861140.524642296,6.773726781130335,0,buy
10,1864734.915412809,2,38207824.20054478,2.9778871697391787,1,sell
7,5491784.970807035,2,14482317.251401246,4.3884772353711075,1,sell
20,4817412.659850133,2,11409833.05807931,-2.0257285556698097,1,buy
10,9508890.158062538,3,10700759.020307712,2.4480962795244725,0,buy
3,9798412.295775166,3,18808794.88538263,5.960940139597403,1,sell
10,18802058.089052662,3,23762527.550911643,2.3295347318680464,1,sell
10,7350006.573785369,2,27907724.621396348,2.9220358445057952,0,sell
7,1506921.1305148208,3,6361885.705794108,4.041069457952032,1,buy
30,28721772.247074597,3,43222284.05694459,-7.573352069786613,1,buy
5,3359547.1082781907,2,4846473.256087697,5.5070639406972575,0,sell
7,44689474.75650951,1,46371691.37893834,4.786610379293317,1,buy
3,1585772.161083495,1,3313054.860870429,6.995534724179986,0,sell
5,42465867.29363622,3,43660808.28260755,4.828533259668894,1,buy
1,1427665.0567233746,2,9739587.731949463,7.570799120014912,0,sell
1,2469013.52119733,2,24800999.729004443,7.5656395730425485,1,sell
30,1199880.3038581766,3,12090944.686490737,-7.328300846281447,1,sell
3,15774880.783322094,3,25255377.767328627,5.84503095528834,0,buy
7,27837616.538370326,1,42171360.36892506,4.516623039753413,0,sell
2,5463535.228906557,2,9239667.652756354,6.989204145756241,1,sell
3,37803425.43955603,3,41923917.77532998,5.908165190651797,0,buy
20,10067008.064108126,2,13486294.395127902,-2.109097876331365,1,buy
5,11758806.008784171,3,27971370.503072593,5.208981972148537,0,sell
5,27311268.054545067,1,29193278.726618193,5.663424029274529,0,sell
10,3193409.7406995557,3,4245685.487012712,2.5286026522376277,1,sell
1,3998405.4808893963,1,14300365.964445544,8.130039561565837,0,sell
30,34608688.03085531,1,74518315.25987992,-6.852468386818631,1,buy
5,33939852.82794433,3,44788254.859904155,4.6201921972721065,0,sell
3,45605261.10168706,3,66992779.89134768,5.711996964884454,1,buy
5,34056204.76471836,1,47957370.928179994,5.639257794242743,0,sell
30,1645891.7510049785,2,8646406.152794126,-6.820048209399877,1,sell
30,25088971.2588176,2,41704996.45084235,-7.2141830424778215,1,sell
30,4969392.279544668,1,30095671.80301547,-6.5441347994639045,1,buy
3,48232723.344721936,1,50641587.57348898,6.445429646426004,1,buy
2,6344409.284609797,3,10068974.67936451,6.5672240495594,1,buy
10,8728726.614023501,3,11128130.228387414,2.489088182256421,1,sell
1,7944593.672857236,1,13809057.182426251,7.756835941377419,0,buy
5,3520639.5466782097,1,35413841.57353791,5.9905241009159464,1,sell
3,1341097.2707698806,2,5200290.37050445,6.674723097177449,0,sell
7,33241803.258583475,2,37569013.658911936,4.274367603725356,0,sell
1,23105859.52617689,2,52061829.954074815,7.2494080581936,0,sell
2,1726043.8112023948,1,9235448.83627889,7.48401546568896,0,sell
3,20878822.07536744,1,29001734.841195926,6.649973200514491,1,sell
20,11568970.480736231,2,40574141.0775628,-2.1073347829820976,1,sell
20,4955905.574701654,2,11769718.606438607,-2.0415861249430414,1,sell
10,2701309.2938666884,3,17087499.816808645,2.603345500059822,1,buy
10,28883739.20466891,3,30281740.965283137,2.300119897990417,1,sell
2,15473866.651240444,1,17485227.176340297,7.322595534557506,1,buy
2,8523023.312944626,3,13387353.37273879,6.538219304285006,0,sell
10,10855220.626487643,1,17784957.319862463,3.270765171752955,1,sell
5,1427968.7776991124,1,45155261.577806614,6.026479646903878,0,sell
5,6385214.015551104,1,50961923.722024634,5.837388041928764,0,sell
3,2133491.845543719,2,30069112.16193466,6.488648763074039,0,buy
7,2259631.498522273,3,5696737.724964975,4.157141666986753,0,buy
3,13290324.829137096,3,56726857.41272716,5.956294105777324,1,buy
7,35334330.60846982,3,50165297.03757898,3.7643462885536705,0,buy
2,4852553.924792607,3,9504058.909115076,6.520703500095447,0,buy
1,2254030.4737609895,2,17818152.84547587,7.4530588652974465,0,buy
3,12653235.372836068,3,13720007.407799792,5.898439093507821,0,sell
3,30207908.69314561,3,31979291.484103743,5.703527595078256,0,sell
7,18679755.902280718,2,44360708.95771178,4.248313411443868,0,buy
30,29922127.95270399,3,42419256.717982866,-7.693130400970123,1,buy
2,8158123.804861363,3,12314892.63901578,6.622528186970908,1,buy
2,18941535.669142164,2,26031068.26961799,6.841887302320841,0,sell
20,1729678.8898141675,2,36228905.70378491,-1.8601480399746722,1,sell
30,3905783.125577872,2,15737077.587871686,-6.799736278118846,1,sell
7,4590207.789985,2,9337475.142746229,4.506862362283268,0,sell
2,7390539.393111033,1,8991687.040762056,7.2217041087210845,0,sell
30,37885486.43670321,2,41040977.86539226,-7.378992462420394,1,buy
10,30577616.58539441,3,76515471.26391256,2.533317059084044,1,sell
30,1692601.7135856661,3,7226953.035430562,-7.352468547594294,1,buy
5,1965913.638542829,3,8299374.570395278,5.166273486688764,1,sell
20,4051544.0592776197,3,11083936.5459487,-2.3145824054762567,1,buy
10,3118639.010445837,1,34892223.779950865,3.3373424907701956,1,sell
1,11078409.364094542,1,21696735.00172711,7.834087564401715,0,sell
3,34181366.88269203,1,49266059.94115425,6.674792735030348,1,sell
20,43142416.25239876,3,47730189.32548435,-2.7484979871693165,1,sell
1,12895904.582453007,3,14016422.979907919,7.074112356045342,0,sell
3,26546504.40237341,2,64714122.3324792,6.180597267624216,0,buy
5,7803739.873942826,2,48780673.86598167,5.478899629570419,1,sell
30,2259130.057268013,3,43240131.520680234,-7.56119318089044,1,sell
2,7788070.4916977305,2,47902078.2065659,6.952476764568957,0,sell
10,8771395.421097994,2,33041497.566838358,3.0020817762896597,1,sell
7,18256315.44153794,3,32814531.29146315,3.935191603927062,1,sell
10,2363603.388809407,1,29577894.0850086,3.430711447157574,0,sell
5,4224237.148172764,3,14703000.83160039,4.929788346932572,1,sell
1,4154050.299932599,3,5845620.1798416395,7.1974355681377835,0,sell
7,42663756.71178571,2,47284032.79594134,4.0415254127088724,0,sell
2,5678703.206444015,2,50367732.449549146,6.864087919753068,1,buy
5,19181475.0346795,3,23131252.36345422,4.820786474700951,1,buy
7,18862793.74007972,1,48676337.0354811,4.716705106272998,1,sell
5,2825866.264538984,3,4265869.582955378,5.262246051912526,1,sell
30,9366761.207323987,1,13063070.670228608,-6.539229968534373,1,sell
5,33066923.491860654,1,37013851.19723525,5.580121987317146,0,sell
2,6417216.204398877,3,7640905.533501717,6.548112368852912,0,sell
20,40339108.45675761,3,41932555.7201604,-2.717932105275654,1,buy
3,2313971.9962525684,3,4443002.577099074,6.127596461427489,1,sell
7,1336577.3471679022,1,27847421.578309685,5.130020055205242,1,buy
30,32700424.517983917,2,33981922.94995744,-7.389019499605489,1,sell
2,27554017.416191123,1,30771260.468256824,7.207615711056627,0,sell
5,48571378.108333,1,49611985.782094754,5.411812491543052,1,sell
30,14264913.990417799,1,29465161.986194298,-6.714083094371653,1,sell
2,39030551.76461525,2,50351331.57887528,6.733172509811813,1,buy
20,25407479.78619828,1,37875730.212730914,-2.045585599674772,1,buy
30,27205393.431141347,1,31531180.333775498,-6.8670516707437015,1,buy
30,9267326.337201854,1,11525933.916583106,-6.579051630627693,1,buy
3,4462990.707438148,2,21204801.748448323,6.500044435660567,1,buy
10,38706698.762619,1,62588382.11720512,3.053051226903808,1,sell
7,5421932.664456648,2,7141739.963565282,4.398077452573255,0,sell
3,8230722.179304586,2,14946689.825692698,6.434987424760504,0,buy
1,5727100.791005072,3,8372921.938085066,7.0047795008505656,1,sell
7,9111908.98938435,3,11042136.56039942,4.016392251704504,1,sell
3,6300485.495390931,3,23985144.128724694,6.100752990829523,0,sell
5,1206411.4299770347,2,9413905.03080937,5.7068139232397845,1,buy
7,31519071.13720899,3,33848730.34400278,3.890277703042198,0,buy
7,5688683.45748671,3,9051326.133455157,4.081544031722153,0,buy
2,10013769.56002063,3,53898717.97198817,6.417952549062608,1,buy
5,1723756.4405261502,2,29385600.18314545,5.4433088052202265,0,sell
1,1013341.5540302612,1,32274359.91756918,8.059442188401555,1,sell
10,2610601.0686884965,3,8657695.555397486,2.6443636623306395,1,sell
30,15742385.168771397,3,27219423.441337686,-7.558528208645555,1,sell
20,1474105.3800961508,3,5840440.742183126,-2.4385610297970706,1,sell
3,35008419.0250591,3,36363703.03891875,5.583844736770297,1,sell
2,2319086.2214066014,2,7120893.531872352,6.88868539233493,1,buy
3,2226375.497809285,1,12439426.08018571,6.976642953492057,0,sell
1,2034120.0581664783,1,5109151.090802826,7.866732465554373,0,sell
30,1056220.3019524745,3,28639289.669858098,-7.156079660862409,1,sell
1,20477377.667667393,1,22283364.74365272,7.605700059432209,0,sell
7,30666020.477574438,3,34870781.43186106,3.6262596295856664,1,sell
20,11052079.736591969,3,12682156.244519664,-2.4575624015518294,1,buy
1,2088075.1441549524,1,6961089.069383433,7.992860262757409,0,sell
3,3052662.2751291646,1,4220502.332077087,7.0438981695088785,1,sell
5,6435542.801892678,2,9339921.52745182,5.426073183060847,1,buy
5,41822033.500395745,3,46617569.749261566,4.889854837319063,0,buy
7,2631737.4540195297,1,9123888.407011777,5.023187207357682,1,sell
10,17500257.724964812,2,25889520.62740932,2.6320345613482496,1,sell
3,5579680.737287247,1,8511935.369094595,6.791615776016711,0,buy
3,3206518.2106739213,1,10944568.33392394,6.864148218170241,1,sell
1,5950966.445435387,3,13275560.904498229,6.808796964957915,1,buy
20,1321228.9380687948,2,4766132.149995292,-1.7451394764379167,1,buy
3,22748139.668142974,3,48480845.74058244,5.873108702674893,0,buy
2,2590375.2244789926,1,11043706.859037753,7.607529422929106,0,sell
10,17078646.053524237,2,20747380.568311106,2.611065028077203,1,buy
1,1306537.360568449,3,41997664.13005824,7.153737187016295,0,buy
2,41945347.63627828,2,69223857.34690791,6.537568146344911,0,sell
7,2127779.7459923564,1,48835343.84236885,5.142125690774673,1,buy
5,31604746.34109705,2,46604515.96757619,5.321258347941063,1,buy
7,23728522.802357543,1,28119785.02287916,4.492459603069404,1,sell
5,44092525.97384371,3,47092889.297942884,4.765489408384191,0,sell
7,6485177.963361931,1,19880622.167264696,4.885424549397053,1,sell
3,17211795.740128804,1,63596837.65928365,6.658927338973969,1,sell
2,4264089.2542387005,2,15872429.322929118,7.185166411523026,0,sell
5,2057008.5940250515,2,33522704.42195489,5.350539982949574,0,sell
1,5659430.352905882,3,9283002.04042087,6.846768955505269,0,sell
2,1912505.1151949186,2,6826133.066194008,7.119562416554244,1,sell
1,46608417.44550144,3,81260907.51472305,6.59748999056281,0,sell
2,1457202.479255881,1,20772162.960483152,7.640237963868378,0,sell
2,10024276.662417274,1,56517183.09148434,7.093531978866392,1,sell
7,11596937.02670415,2,32312710.471412227,4.394609278521926,0,sell
5,8206935.1799418405,1,13988091.77104567,5.78265369688452,0,sell
5,13336257.031552635,1,21321141.48405101,5.8922933191565585,0,sell
20,1575388.4308529627,3,35455810.357260406,-2.344755740675809,1,buy
2,8769196.95686893,2,17423483.241828077,7.0350191560224715,0,sell
3,3075852.767876937,3,5791744.655739862,6.212239064429101,0,sell
3,39566800.23759215,1,45063537.70877846,6.445096816286206,1,buy
1,19712280.951022763,1,27249400.04852342,7.555597300774959,0,buy
1,44902749.426692635,1,46362652.746084765,7.632276953924453,1,buy
7,1158261.5402842206,2,19508025.15261999,4.697261863926152,0,sell
2,3050933.2911731536,1,4584805.054246501,7.419824598751498,0,buy
1,2147915.108556608,1,7022560.736014519,8.163589992779151,0,sell
1,1044603.0974105992,3,24327091.37644774,7.377808265005759,1,sell
10,2580501.6848712913,2,8809066.947084688,2.974808953967707,1,buy
2,14230495.937835066,1,41180517.139713876,7.14162225195879,0,buy
30,2469523.407739553,3,6278831.6045433525,-7.291982259330021,1,buy
7,7324560.759781173,1,49688402.65650163,4.82149162286617,1,sell
1,32238612.830996875,3,34507853.62627592,6.843187633585281,0,buy
7,15089466.907237954,1,16250941.287447207,4.77008979906793,0,buy
5,4682340.070759065,2,35037080.78377505,5.621599256042057,0,buy
7,4293520.637621096,2,23259263.215405185,4.438106020668524,1,buy
30,5946774.601519159,3,8424958.783949615,-7.232377726616239,1,buy
3,1998886.3297416314,1,49101656.856705986,7.088902191588656,0,buy
30,11943958.5227829,2,19078381.823606033,-7.151231206036727,1,buy
3,4156087.8279793267,1,45444830.22035793,6.867707232037872,0,buy
7,28063585.75465103,2,35275137.66341407,4.22869929603009,0,sell
3,19291245.866486184,3,25625577.086401727,5.668742621098862,1,buy
5,10895409.38348847,2,16690669.081463965,5.324216872993613,1,sell
2,4156891.1435730834,1,7863212.305802894,7.514499769314952,0,buy
3,2273358.2762358864,1,10340929.996969612,6.934292778984479,0,sell
3,20828535.552802138,1,26701762.67911943,6.444420742540601,0,sell
7,6704933.410086243,3,7859534.175683604,3.876706338898945,1,sell
5,2409037.5715097375,3,5178985.785119625,5.134705597579801,0,buy
20,2145832.4895711066,1,4447747.286518719,-1.4834499807300787,1,sell
20,1909902.404300076,1,31677725.01621856,-1.5827045307188605,1,sell
20,20910940.240162864,2,31321213.459869176,-2.402289225425478,1,buy
20,2449302.124514526,2,22286242.158743843,-2.0100209291158775,1,buy
2,7847826.783039413,2,50077598.865050204,7.077322594331714,1,sell
30,5850105.832723432,1,18272445.658391207,-6.4072672969712405,1,buy
7,9654761.10057668,2,56366378.09913945,4.405121293073655,1,buy
7,30921450.981540136,1,34307379.39757628,4.60087866826574,1,buy
10,29804153.199167337,3,31876499.62087136,2.39206791747239,1,sell
5,5839352.808151064,2,10683433.870524857,5.292981075855062,0,sell
20,1061956.6750662483,1,7369701.036373233,-1.4644655373684579,1,buy
2,5302921.942120426,1,38507074.78786093,7.134721910883201,0,sell
5,10712840.451029444,3,19652521.209290132,4.983025509141343,1,buy
20,8863915.253507402,3,12000136.941996941,-2.5390440056062014,1,buy
2,12782049.836198624,3,31050990.733209927,6.33040778636499,0,buy
5,1827132.5218973262,3,9061378.781854372,5.402038134191824,1,buy
7,12544222.239487445,2,14429855.854739364,4.436276731577168,1,buy
7,2043241.1263688724,3,11593156.366202455,4.187251542617494,1,sell
30,18841597.878039066,1,54195062.44215521,-6.9299882353901685,1,buy
1,3767902.738719883,1,30782005.77898158,7.927641321684136,0,sell
30,16072781.750227004,1,26003314.357150454,-6.815422575636524,1,buy
3,1205930.3263085478,1,5577657.001275942,7.020082642155347,1,buy
30,4931078.876237099,1,6336395.84115207,-6.742455839840613,1,sell
20,15770029.485831361,3,22049448.060533818,-2.598773869346741,1,sell
10,2429104.519986342,1,21385702.73187564,3.486427145372848,0,sell
5,22447544.126280997,3,26541038.927589826,4.714989251695539,1,sell
10,11794399.81967361,3,14306385.123278653,2.2252358599053457,0,buy
1,9959781.860098645,3,48188189.264688306,6.913317214655347,0,buy
3,3987208.0582158407,3,28864235.885883983,5.944697870307372,0,sell
5,6601924.854500005,2,18747305.539678186,5.3309058471037165,0,sell
2,10348527.175503489,2,12056145.467881897,6.786445965647242,0,sell
20,6348906.915707421,2,8111677.412628534,-2.038125579290605,1,sell
3,15360784.309809437,2,16858284.856963743,6.2248204221770935,0,sell
7,5455544.220198402,2,16600274.204808485,4.467134236222001,1,sell
1,2206256.8364214967,1,3777841.292860657,7.8883402167911765,0,sell
3,2309229.409584231,2,29323816.614192706,6.604559618338863,0,sell
20,1022964.1856652448,1,49665673.170774005,-1.4358836161139497,1,buy
30,3245772.9107538215,1,7437708.268761028,-6.5514169127059025,1,buy
3,18723567.76678741,3,24622473.5792883,5.980595885906637,0,sell
30,22349027.035525173,3,38533597.8344037,-7.695330955341283,1,buy
20,2207934.9844458317,3,41309563.664789446,-2.3367719721870532,1,sell
7,42597781.69272296,2,75637664.81425558,4.169088442240854,1,buy
5,7137847.683969149,1,8390546.85358726,5.850939746613505,0,sell
2,36134278.64109351,2,38071806.34546052,6.4116519324305825,0,buy
7,15877167.042561263,3,35021401.557684496,3.76135670607851,0,sell
30,16880788.00356536,3,31685798.742380098,-7.609666255696336,1,buy
30,1394718.5003046114,1,3078688.6749342363,-6.2868403759508436,1,buy
2,2364603.487702396,1,9493013.393932637,7.319836619490742,0,sell
5,1035085.2915709768,3,22247037.363231692,5.237520964797655,1,buy
3,16469460.78396559,2,18822893.66379903,6.294712300608393,0,buy
2,3847603.5820645667,2,34067401.66764345,6.896228491182184,0,buy
1,21701963.49662841,1,22932225.06222819,7.682172162609831,0,buy
1,3765671.8432938526,3,25092486.12653215,7.1683735009809855,0,sell
20,24661726.023190197,2,35785645.56118314,-2.247665982553645,1,sell
7,1667448.4360695297,1,5099187.318103284,5.041693127140131,0,sell
30,1970406.324865841,1,18752369.925210826,-6.605686381657088,1,buy
5,3794364.216251833,1,25135425.76719032,5.8659145128074,0,sell
20,4943195.887111477,2,43550221.10934963,-1.918115946193593,1,buy
7,3912331.2270326684,1,8127724.870890681,4.927125190120803,0,buy
7,19834141.268045858,2,34473493.38521677,4.007833634694061,1,buy
20,1461226.3930537899,1,12025192.000730433,-1.376202663805012,1,sell
10,3951001.3800624935,2,11754859.376225572,3.03008244130549,1,sell
7,26451216.22183571,3,59019200.592653185,3.763333597538796,1,buy
10,1298632.389893883,2,2311100.077257988,3.139091839639246,1,buy
1,39903717.14263889,3,42918799.34169355,6.673253201623295,1,sell
1,47393930.766848974,1,55607215.59566849,7.51554406337813,1,buy
7,1414082.249226454,2,3422781.4348527286,4.6473222062301405,1,buy
1,3125095.3912220113,1,37993976.26117939,7.900553591963968,0,sell
5,4292374.055508958,3,16888722.907394566,5.10287507091515,1,sell
10,20848059.938144933,1,27333043.40877539,3.1215870962648338,1,buy
10,10291099.531927131,1,34509968.143010706,3.342719945787687,1,sell
7,12438213.208476618,1,18273230.06058106,4.796822144888512,0,buy
1,19363616.24081531,3,28258385.984304246,6.710643519545158,0,buy
2,1586509.8806162109,3,2597329.956681166,6.766468018240861,1,sell
30,26037415.56537117,2,30218743.514323317,-7.327726552143172,1,buy
20,15806178.486400452,2,17527257.660317067,-2.320344031079827,1,sell
20,9569434.482315095,2,24420594.61089974,-2.1133195079479306,1,sell
10,32481318.16649006,2,38995388.36746018,2.7066829658504252,1,sell
7,15481017.0551582,1,18736961.89209713,4.955872016297047,0,buy
7,2201314.9668423934,3,8436266.927434387,3.956968780034652,0,sell
5,5371857.851151311,3,7642532.397405242,4.995218971620346,1,buy
3,6908185.833473457,1,44206949.79350111,7.054602671204371,0,buy
30,1241118.0494477912,2,2476205.997080733,-6.908412922075504,1,sell
3,41869762.76852658,3,71403444.07819253,5.763624085489952,0,buy
10,1653670.2345580847,1,9046032.534325516,3.543202913818141,0,sell
20,15309667.977412816,1,26570527.253058217,-1.8098852948385948,1,sell
5,7245549.796647962,2,10512314.639747012,5.339812265714918,1,sell
5,1105473.722481551,2,44997967.2935791,5.63610687549405,0,buy
5,37249309.203941986,3,40261318.61312111,4.776948471645168,0,sell
10,28005619.682126764,3,38016817.73936707,2.2699637740018597,1,sell
3,7774965.919704131,2,56503706.14367813,6.415998358218264,1,sell
20,2448872.4298284617,3,33850557.263746604,-2.289525053488048,1,buy
5,1609287.5190979294,2,9760238.579859855,5.7254587286531855,1,buy
20,4143744.0520075825,1,52295996.542120665,-1.5116477779786228,1,sell
1,2716220.281945034,1,18261779.770572826,7.9638998535217524,0,sell
7,7258604.80671222,1,9521037.911452446,4.684193689992363,1,sell
7,43843014.3866028,3,48730615.95395432,3.847520711198666,1,buy
20,9480445.345771953,2,13181232.782763422,-2.1100543130981,1,buy
2,32506197.51375365,1,36347415.65639046,7.150808521062146,0,buy
2,12759205.18027966,1,32347321.759817116,7.257799263797265,0,sell
10,6418441.590093578,3,16250516.711247865,2.495105110024534,1,buy
10,28310830.82298705,3,29471526.51991443,2.2562676535144646,0,sell
7,6321793.130023452,1,37278777.94001462,4.979757746479666,0,buy
1,29907024.50852193,3,33100383.472181637,6.791392990177185,0,sell
30,3128817.1645489163,3,52559920.91416033,-7.376099551148682,1,buy
3,1655196.4587224661,3,43451842.10591889,6.145787142092773,0,buy
3,28389230.385308158,3,68010964.18260728,5.762878169323113,1,buy
10,9954071.211746996,2,33836663.73927629,2.948386832458536,1,buy
1,32399724.37770735,3,34770090.50866184,6.7766480971157295,0,sell
10,39204894.89889628,3,47238806.62297689,2.3723965819812505,0,sell
30,1233425.7947363309,2,3638250.5554077043,-6.793219301160535,1,sell
3,7097931.7151612835,3,9859659.122588681,6.014919248462785,1,buy
20,4335643.066769635,3,15249763.213956667,-2.464772130185355,1,sell
10,11569501.416322723,1,12742709.289334424,3.2352212912714897,1,buy
5,22299115.6417875,1,66668257.12702946,5.543678909747981,1,buy
20,2997190.5902507175,1,39371785.378754385,-1.50048335913643,1,buy
30,8830468.659717318,2,13265663.299464813,-7.134419076301152,1,sell
30,15999580.596738622,3,23510399.294001833,-7.644498298682579,1,buy
10,1691976.6971141184,2,7885288.023930106,3.098129400620829,1,buy
7,24158794.22798417,2,55696562.78254534,4.284985779571679,1,buy
10,10709323.299062436,3,25497476.217462596,2.378288514728013,1,buy
7,41042671.69416148,3,44010936.66732455,3.83702868832104,0,sell
30,3774413.2594004734,1,9517824.159104371,-6.642287622649764,1,sell
1,1526640.2630558268,3,6882143.986254286,7.3024495566050724,0,sell
30,7253211.604662935,2,49899542.76659273,-7.146495910809585,1,sell
3,1398910.4911467126,1,3384310.31218741,6.994619633358304,0,sell
20,44380938.47436573,2,45800608.8179239,-2.22976649370953,1,buy
20,1163388.0102610637,3,32506706.888332143,-2.1527349354932204,1,sell
2,19062529.38379912,1,52439168.23237631,7.160484390833332,0,sell
2,7800693.669573625,3,38073909.834485024,6.340901024691301,0,sell
30,4229367.576797353,1,11610694.698023412,-6.577361021257675,1,sell
3,1293790.215878001,1,14503278.5041928,7.164032471727752,0,sell
2,11403625.379429823,1,20463807.32790763,7.247012825364147,0,buy
20,9868969.017623695,3,11181138.017623303,-2.5476056589997915,1,sell
10,3000628.678100381,1,13288028.458888438,3.451914188767864,1,buy
1,35191628.79359809,1,36246331.42082185,7.598687771363048,0,sell
1,3286047.073243473,3,6851739.352206959,7.060738715299185,0,buy
3,5808580.102035796,2,44173749.636427164,6.429431312342554,0,buy
30,8391432.434228318,3,11676647.403680246,-7.512433526530371,1,sell
2,1480099.645134073,3,40992851.32463152,6.836056915822354,1,sell
10,38345534.88298077,1,41006076.705710575,2.82766849021414,1,sell
1,4328383.058838556,3,7751579.41383105,7.174205182436619,1,buy
1,1371644.1681928032,3,13057095.391547365,7.099046858770453,0,buy
5,4549839.60738414,3,24227858.865519017,5.002930391117451,0,sell
30,10464684.131768718,1,17574245.026468806,-6.759863715030341,1,buy
5,7458997.851746017,3,38986393.209142655,5.0646534514569135,1,sell
20,15135820.91735291,1,16306309.735783737,-1.7056961144190605,1,buy
1,1242411.7593084981,3,38121601.34999369,7.200430594080403,1,sell
3,3043869.0297358413,1,5199235.207798982,6.990222764970978,0,buy
7,24651773.948326245,1,56442108.95754218,4.523912577894758,0,sell
7,1366900.741477603,3,6164837.483922072,4.139215867901983,1,buy
10,28408282.375516023,2,54399657.59079437,2.8437992681792332,0,buy
1,1432612.3936429203,3,15272724.9492303,7.397374659601268,0,sell
1,26164514.53408643,2,28154819.17691343,7.168815599331622,1,buy
20,4101745.1320409016,1,40387426.596993364,-1.7569902908951258,1,buy
1,10967934.16295506,2,13580857.585631052,7.221217626322259,0,sell
3,1818656.2671520575,2,4417539.328358619,6.719513426677455,0,sell
5,1295444.0882150764,1,25464824.8477961,6.1022255475506295,0,sell
1,2327408.046268059,2,3840535.4109046226,7.463901842045326,0,buy
1,1648996.7571015172,3,4032591.0933448584,7.241508092266416,0,buy
20,3394440.8818844273,2,10567973.693441669,-2.0647864633132587,1,sell
30,7480346.346765346,1,33240921.84358582,-6.863556017949725,1,buy
2,10006556.880052654,2,11787175.248722164,6.741486204079722,0,buy
30,21976686.948204264,1,30497320.790881604,-6.766044612628031,1,buy
20,13029624.328762509,1,29187208.66099403,-1.9612838424681964,1,sell
30,10820868.872600462,3,39802676.71755417,-7.578784994234838,1,sell
20,5007319.614012324,1,43866874.69474299,-1.7571579090982263,1,sell
3,6382433.79847778,2,27914201.161136195,6.534240030149823,1,sell
10,5061257.756064399,3,17918145.930725385,2.5323329394890592,1,buy
1,26965894.04481689,3,32419798.40941555,6.897152952548977,1,sell
20,2459030.2419372248,2,4009530.3082502917,-2.010483517662651,1,sell
20,1022632.7361392417,2,17085467.840527434,-1.782251459430925,1,buy
2,12781239.373661282,3,61380638.80522343,6.343040257450847,0,sell
20,2207888.7012997363,1,20061831.98508305,-1.6573700303439116,1,buy
7,32529614.52954302,3,33597172.941567615,3.6810885537688858,1,buy
10,28806728.9670668,3,35775092.784364425,2.241926199334344,0,buy
1,1350073.7817825712,3,12423096.523157815,7.123948549253846,1,buy
1,1516179.8117049157,1,16366498.729510395,8.11543539266661,0,buy
2,6938757.060051337,2,23641684.944389142,6.817833374528641,0,sell
3,10840542.839278784,2,19716383.574133657,6.438728597088346,0,buy
1,2931305.071089659,2,5327281.302655691,7.459043126164758,0,sell
7,16512689.698635807,1,56394114.17116491,4.634003354502763,1,sell
1,10250486.420658126,1,25512626.36992002,7.660897856681862,1,buy
7,3563415.125903713,2,6089128.817280613,4.503569433892118,1,buy
10,1104346.5967366318,2,4633049.743743135,3.1042098085724374,1,sell
10,18814073.081590395,2,55654737.882323354,2.660296042567081,1,buy
5,2316647.9256021935,2,34513299.77706295,5.719909095955387,1,sell
5,26166513.480417218,1,31045522.782680754,5.717745139584233,0,buy
7,5176789.964931523,2,6338460.091232799,4.644475021177392,0,buy
3,9559545.953093333,3,10768460.420799471,5.9416499161628735,0,buy
1,30416813.035815347,2,33453280.695377164,6.988198643052547,1,sell
20,29327130.628857337,1,41045300.23826334,-1.9252084167388253,1,buy
1,4277604.366008952,3,14107053.104425177,7.001457582167121,0,buy
5,2264101.867661574,3,14199980.604997698,5.1278478418601345,0,sell
30,20746743.376356,3,37290809.375040874,-7.669241249521655,1,sell
20,5442397.712224119,1,6519694.160352401,-1.4878706694581005,1,sell
7,2119696.0310234977,2,3628168.1032701237,4.594812454056874,1,buy
20,34402620.74196495,1,38483479.85683007,-1.7361551630696868,1,sell
30,2170566.4391220035,1,4003313.326754852,-6.586384466297827,1,sell
1,1106230.4398244363,3,2448891.8070175974,7.432568175607287,0,sell
1,1082567.704950564,3,13356374.499412168,7.304663579409498,0,buy
3,11410249.051142083,1,35689328.6360926,6.51908111867055,0,buy
2,13309633.011597559,3,32306855.779675715,6.420810028762037,1,buy
20,3376373.8421280375,1,27817773.706817005,-1.5163027867709173,1,sell
5,3496947.17416829,3,17026090.434158165,4.946152671712899,0,buy
30,3773896.4389774925,2,21529263.074210525,-7.031500087757892,1,buy
30,14307671.790585598,2,17203307.90952074,-7.259705723891077,1,sell
30,1255357.92093808,2,49906256.68382599,-6.738082161938342,1,buy
5,37891414.134895615,3,39938768.18905435,4.698735525933571,1,buy
2,2388122.384515075,3,4702417.073506303,6.627994842033355,0,sell
1,49936119.41153703,2,53032608.29957491,7.0128956287244115,0,sell
3,1956193.9517797725,1,47356684.250355035,6.901835849418793,1,sell
3,20456639.31672937,1,68217557.67729847,6.538915721066617,1,sell
5,2396465.6724165305,2,24809499.02435446,5.446571613591063,1,sell
3,1372006.8855913605,3,13087214.539847372,6.126683317319609,0,sell
30,30653881.476499785,1,38302283.63906795,-6.775587347195003,1,sell
10,28773495.892001763,1,73344837.06433299,3.224114232783268,1,sell
2,4849020.178909597,1,20048974.275429457,7.472607479567371,0,buy
1,15608097.787880821,3,55886121.219527416,6.885888801213266,0,buy
10,8839715.953707503,1,12289646.191617385,3.2232028985969756,1,buy
2,28128518.060917042,1,31818917.36981246,7.140248429642945,0,buy
7,3429814.5750762667,2,31753609.8982936,4.658169724528442,1,buy
20,7757176.974832725,3,9554387.75553534,-2.4915711366956526,1,sell
5,6677795.261200974,2,47144986.577895395,5.369459405389481,1,sell
30,3992780.015681241,1,11273657.22043451,-6.553423466715956,1,sell
3,32700576.929448165,3,70193507.8179914,6.100469616895046,0,buy
7,1913469.827191893,3,5647697.953324271,4.121420655718716,0,buy
3,1794777.8203495918,2,18253370.69346267,6.506161785763413,0,sell
10,9553268.757809699,2,16166144.28389444,2.9763289438043232,1,sell
1,13093717.743782287,3,24706079.756355986,7.009167513157857,1,buy
1,2141175.5490913657,3,9334236.442268165,7.079085037431733,0,buy
1,4611234.565219324,2,48575561.080858916,7.496512273415913,0,sell
30,40567998.026229054,1,55560230.59792415,-7.002088402027767,1,buy
3,2624191.978924091,3,5297096.1530834865,6.027512010126802,0,buy
7,13662330.437195148,1,48779039.04785389,4.579776136512848,1,sell
1,18092209.940479826,2,21251195.97180074,7.198566472865883,1,sell
7,5772410.63923866,3,10051446.411677055,4.047039433642556,1,buy
3,39158723.82489958,2,40649818.08930461,6.207908746889071,1,sell
30,17846690.685715567,3,51654429.30639815,-7.681684760886978,1,sell
10,5997912.494856835,3,9060551.048939805,2.4982873948769035,1,buy
30,9274348.905376077,2,12027900.804212669,-7.083695280971721,1,buy
7,15022059.05586402,2,51623530.917273365,4.2539271463466655,0,sell
30,10141760.571047217,1,33506770.876567133,-6.7814437327540755,1,buy
30,31108626.580816656,2,32845182.832802236,-7.21042322725708,1,sell
10,4039644.355241938,2,24319238.337235168,2.9480876498816917,1,sell
3,3232189.9613381173,1,38813001.26809874,6.8586036375475725,1,buy
3,2308372.3254646757,2,3667900.47656132,6.511486310231669,0,sell
5,1159290.1060981962,1,26394999.84285124,6.060405527795367,0,buy
30,1183257.9614122636,1,9695623.167760728,-6.29863212704384,1,buy
3,30074448.717520747,2,43781574.35501189,6.22131810481143,0,buy
3,14209199.336741827,1,21085339.777729712,6.680469250716424,0,buy
2,13250270.999540117,1,28580424.7375909,7.192813387165158,0,sell
1,11072857.547640642,1,12215554.960691571,7.808391994685965,1,sell
5,27720295.396196064,2,47481610.57317333,5.179141419340192,0,sell
20,6545745.273069109,2,7685076.347203527,-2.10095640130662,1,buy
5,30116319.035715602,1,36052959.99739599,5.611060353346296,0,sell
5,4080245.71803682,2,5885278.089838186,5.412754120153352,1,sell
20,37536022.664482445,3,62610275.08529326,-2.560397613580869,1,buy
2,15381449.09347429,1,18792596.414887924,7.3696726788337426,0,buy
30,2734867.182664475,3,8643558.627143158,-7.345632591869608,1,sell
10,9085803.95643524,2,14436800.23334022,2.8496709584871924,1,sell
3,8046424.4023766,3,28579673.13086469,5.891734872787455,1,buy
1,1715086.2365056763,2,8283338.66472722,7.624952812609671,0,buy
7,10104247.187728195,2,32002857.02121695,4.246110738819458,1,buy
30,3426189.126781624,1,4759367.799071886,-6.604044110453211,1,sell
20,1227266.7963921258,3,3343250.918287591,-2.1570214062453053,1,sell
10,40901417.2152954,1,49551896.02295165,3.134487926041974,0,buy
30,12299087.60953045,3,52950407.88651293,-7.439131354462762,1,buy
20,30892920.121642187,2,32232631.78768144,-2.27992543709129,1,sell
3,14079877.417797944,2,15263460.614623293,6.206471897666251,1,buy
2,4041146.4085608977,1,5886055.202023721,7.533073079195913,1,buy
30,7430904.098983265,3,19713776.326307952,-7.411452993226291,1,buy
20,14062854.271983573,3,18825814.964050606,-2.6459874600719075,1,sell
3,42799618.42327192,2,68068657.65258077,6.0243709094444124,1,sell
3,2697595.335943171,1,4022584.3173020566,6.967401712026287,0,buy
2,30659126.481932044,2,32815389.04085643,6.805686275132258,0,sell
5,37151852.41773478,2,40385821.49844836,5.103038991701781,1,buy
30,13772597.319267314,1,25381618.88839843,-6.786724514548223,1,sell
30,38211498.20995023,3,52802591.98469512,-7.699064162625148,1,sell
5,4742242.796309693,3,6367857.69489502,4.916706892721428,0,buy
1,41605035.483379394,2,81737505.55801675,7.066528962317733,0,buy
1,15631729.381062323,3,19428582.14187972,7.040774734880497,0,sell
5,1178600.2770669472,1,17458522.898987915,5.8818650173694635,0,sell
10,34733595.23833756,3,42507034.16015719,2.376334117237324,1,buy
7,6654336.679930427,3,9044674.886225514,4.128582496623619,1,buy
3,6054548.177410059,2,33452401.59420541,6.466470723679648,0,buy
7,9170853.841308203,3,33727093.67203583,3.974629283201382,1,buy
3,1793906.7502818676,1,6502749.627998073,6.846266685166082,0,buy
5,6267567.841737431,2,16268181.09463897,5.4673492219921345,1,sell
1,25826182.2240649,1,28567997.070601847,7.558298496302995,1,buy
10,1062439.5608860794,3,15923069.678337539,2.9119080315074886,1,buy
1,2908560.280440044,3,6258425.1255012695,7.169961208990521,1,buy
7,1009648.6495884106,2,28178072.940095607,4.543653947700912,0,sell
1,5084883.938794575,1,7425503.183782082,7.773857005052781,1,sell
5,17273733.143006064,3,18333354.178615663,4.7071508640337925,0,sell
10,22755656.948966727,3,25614478.907371722,2.1874829677415835,1,buy
7,40350512.25893044,2,42462018.86135189,4.219169455974819,1,buy
10,10810134.187522141,3,18114178.758553505,2.410506983511688,1,sell
30,2707717.8548997594,3,4926352.458495313,-7.425140649043136,1,sell
3,37162048.44558326,3,56960749.49065867,5.742709212274697,1,buy
1,20760519.15914398,1,23331397.194883935,7.59659547861724,0,sell
10,9460993.895378629,1,25350768.31261419,3.2710233212830744,1,sell
2,15200989.545236032,1,24812790.011094727,7.395282557673537,1,buy
30,37186539.15348456,3,84568051.96832919,-7.756414482847731,1,sell
1,16230656.464664606,2,66211291.20486849,7.3845853196184486,0,buy
3,4225296.975021126,2,34237559.283260606,6.288069626284229,0,sell
10,16270973.131993858,2,35822872.27229071,2.7344479311120695,1,sell
7,1170661.6470138228,1,5705667.53616143,4.950866727055129,1,buy
3,4534281.186775237,1,23579877.039122395,6.892046203238532,0,sell
2,4901518.466414348,1,47106434.57771306,7.4332957511021664,0,buy
10,1920671.7818795508,1,3016437.72783316,3.5875493619396615,1,sell
20,1094514.54931706,3,9296159.042657826,-2.2271602085079785,1,sell
20,1685041.9610917063,2,4031282.7473703315,-1.7586669973941973,1,buy
5,12947391.65693798,2,21815176.079439417,5.33908123898829,1,buy
1,23070905.15598281,1,29272160.497237504,7.675790465206509,0,sell
7,47745021.398846015,2,57255744.75959864,4.059724960606039,0,buy
5,3876691.1461054506,2,12507833.662995566,5.43904859806319,1,buy
10,10431033.011739157,1,53206332.65691045,3.209944486321094,1,buy
20,39100398.924110785,1,47772965.3693205,-1.8335976551614932,0,buy
20,1922201.7839091178,1,29320458.741278596,-1.5475265114962147,1,sell
20,16567551.33508357,1,20061890.646405924,-1.9839264520627884,1,sell
10,19172830.000516687,3,24723174.36364783,2.326627240414643,0,buy
20,1416337.5409494857,2,7714565.643977672,-1.91290073351451,1,sell
3,29056069.903825827,3,32031505.710138686,5.887840558705978,1,sell
30,24068059.996045142,2,28486330.09935619,-7.271927635664693,1,sell
10,1139595.4490618142,3,11535344.067926569,2.826016584661626,1,sell
7,1428070.6342387425,1,11104644.290652957,5.15380864883161,1,sell
30,1211895.3500672039,3,13270153.024705913,-7.198279505320315,1,sell
5,3704411.4651483223,1,7664711.460683791,5.801788096436179,0,buy
7,7332747.300664149,1,10772983.304772643,4.83329347645203,1,sell
30,8024958.989384192,3,18967556.79150765,-7.3984084689019705,1,sell
2,2849428.71128453,2,4531049.723427087,7.039512513654158,0,buy
20,35381461.33629168,3,38072333.10687833,-2.738935095423388,1,buy
2,4223450.745140348,1,5402613.522715991,7.327750738373442,0,sell
1,1195056.2531453017,1,2523562.682545394,8.093339414100793,0,sell
1,3236509.2829417004,2,5827709.02052846,7.5661595918427,0,sell
30,7986177.8562008785,2,9065571.015631478,-7.001829029139132,1,sell
2,4938063.060440247,2,7549895.037472043,7.130113452463867,0,buy
10,2919108.42158028,1,15884484.7340759,3.4870349774602873,1,buy
7,1671530.333566715,3,2941575.2876562895,4.372815780726536,1,buy
2,24645402.442560326,2,30166208.810931794,6.742931099019172,0,buy
1,49251661.54176395,1,84843009.76510757,7.564290376129307,0,buy
2,3629795.8520961017,3,25728621.18165562,6.860384455309461,1,buy
10,4450027.625669001,2,7753184.156200599,2.96243367717104,0,sell
2,11220887.701595036,3,48478650.118377395,6.317831485754658,0,sell
7,16619215.351623353,3,20250493.44786734,4.090649272827865,1,sell
5,4634964.588462384,1,5962975.529724614,5.932831627589859,1,buy
10,34470541.465736665,1,83321293.42304029,2.9414234869811025,1,sell
1,8941903.526921274,1,39012509.281274945,7.749565455303486,0,buy
7,5823703.154919895,3,12012494.245655192,4.076301335278822,1,buy
2,12550979.211379185,2,26107671.116067015,6.738370055588929,0,sell
2,41570491.39134413,2,55386938.23039493,6.505630230502242,0,sell
5,22383114.43642283,2,24523142.538511224,5.305628278628973,0,sell
1,1169448.5198957121,1,3356588.7404114166,7.891905756653703,0,sell
1,3669311.4026140613,2,9947054.361429863,7.448983516079006,0,buy
3,6301461.764603463,2,41679636.43781518,6.36357921843858,0,sell
1,3422598.226861655,1,4462468.405529709,7.812030969646106,0,buy
5,15473824.370417416,2,36826563.965450466,5.245020892708422,0,buy
20,25339993.6154606,2,26592374.066713586,-2.315576541929911,1,sell
3,17479676.04693856,2,23973268.5056813,5.958069068590556,0,buy
3,47956510.93854135,3,60082769.102271646,5.734089350288674,0,sell
2,2904358.8743034704,3,17586297.18549923,6.718828689371332,0,buy
2,30660618.13022154,1,31917673.810266975,7.221920061303156,1,buy
1,20066374.478031818,1,25209119.46648136,7.634943789248803,0,buy
3,4124115.743705521,3,13939831.938807769,5.867300099393018,1,sell
30,17670774.26872291,1,18965594.232461885,-6.756765970828944,1,sell
2,1502525.7656812412,1,3198899.734098223,7.544788248607302,0,sell
5,21930771.498714928,2,35343580.07710844,5.3017224774083545,0,sell
30,8024421.376615824,1,15720112.867162162,-6.7084714764588185,1,buy
2,3137561.4185481058,1,5020959.142885033,7.479967545564906,0,sell
10,13006066.351193206,2,21122319.39137857,2.715876476833648,0,buy
10,12305326.232891325,2,47838742.66918512,2.699871691798948,1,sell
2,2269398.73645418,3,3332275.319625172,6.661493690539703,0,buy
3,1126274.615710435,1,13480499.567643618,7.07811599191303,0,buy
20,5453957.738258808,2,6787878.030194851,-2.140586057935,1,buy
20,9280760.8792896,1,10306312.228098288,-1.820546729922249,1,buy
3,30855037.146125283,1,32657878.27509143,6.491551534484154,0,buy
7,37758305.26806893,3,42988353.357532464,3.8596088860809417,1,buy
20,7914513.127602587,3,30990399.26836053,-2.613231714883935,1,sell
10,19084883.274154045,3,22096121.441067167,2.3990159910952356,1,buy
5,5576517.667799402,3,17137640.631847844,4.957212829647617,0,sell
3,18517024.65349325,3,23512108.64220295,5.897942591640222,0,sell
1,2228187.0596896657,2,4729238.853882009,7.713542301621552,0,sell
10,4269999.794245684,3,11746363.52511875,2.688433862595231,1,buy
5,11954580.639527032,2,34594154.53643084,5.290034719017816,1,buy
5,1073618.1353521766,3,27038094.328094132,5.316314817026281,0,buy
3,16882629.72750055,2,44311712.9855481,6.222276531532861,0,buy
5,26275425.29190541,1,30035526.790642787,5.692784923322773,1,buy
3,4765733.025440943,3,27053063.54692625,6.05293847793003,1,sell
20,5768205.581652431,2,8061632.105023091,-1.9325833498764142,1,buy
2,27944924.704567317,3,45915504.84038134,6.193585463135788,0,sell
10,20788059.880257547,2,61646021.187863834,2.654747892697895,1,buy
7,3087147.20581095,2,4142385.061866869,4.590762569155564,1,buy
2,3551613.410517957,3,9151317.91634471,6.64921918884588,0,sell
10,14236189.273838934,2,26841207.529479958,2.975225197670036,1,sell
3,9054337.224834012,1,24624601.495962128,6.736410082008563,0,buy
10,1886353.9035293758,3,3877796.624200465,2.6473087956833865,1,buy
20,3361720.6293687834,1,48206327.728613466,-1.6433961635127439,1,sell
3,33809954.92893705,2,44909812.468315065,6.131379586677839,0,buy
2,14763445.519415053,2,16665442.188269772,6.823307569322001,1,buy
1,47330467.131841786,3,48414062.47965327,6.5436897398337575,0,buy
1,20097002.2617602,1,41513200.54862063,7.516481869617545,1,buy
30,39846144.45333629,1,41212035.195742175,-6.94256361387057,1,buy
30,2329688.7489014943,3,4066054.791709449,-7.292586323760741,1,buy
10,20451711.65758637,1,29927579.02269437,3.1047918794198863,1,sell
1,1082303.2443202506,3,11683081.443046074,7.33340373996176,0,buy
3,13791171.430984704,3,28480454.868498012,5.745510246753075,1,sell
5,6270418.306979233,2,10932377.887077676,5.343987508822857,1,buy
3,3882710.0593161634,2,24528458.19668605,6.415304082422877,0,sell
5,29187649.753356174,1,74415509.2374652,5.4947865212053815,0,buy
2,28273214.33372343,3,31161114.50581753,6.370608270840119,1,sell
7,1091163.7449549243,3,16737927.72818253,4.381691445799159,1,sell
5,10852528.13793032,3,48648053.841485314,4.709491829035652,0,buy
1,4216342.827194717,3,18871167.400799002,6.881619874144436,0,sell
3,5083883.308296636,2,19444880.8501746,6.463336959202085,1,sell
2,25918642.91080788,1,28318486.198063385,7.041099094362408,0,buy
1,3360535.425855196,2,11473324.013054948,7.500632129063153,0,buy
2,40013969.97261727,3,49044420.92249158,6.2663489786816235,0,sell
7,2019261.117981997,1,17489575.015558224,5.169775974162518,0,buy
20,13364278.534520503,1,62746399.963706285,-1.8050480800875661,1,sell
3,13863929.734783115,3,15004599.277051084,5.982448238165157,0,buy
10,2682081.7714147856,3,3972790.7608162654,2.6053071542520394,1,sell
3,3562390.6604009694,2,4918937.612081714,6.550853731397691,1,sell
30,26199777.225030314,2,44493380.78809606,-7.2300840331256016,1,sell
7,19691748.360372994,3,21396499.57233491,3.791337090264579,1,sell
3,3623464.653711735,3,15039809.10935062,6.0348088894033936,0,buy
30,8075625.242382524,2,11636877.068007123,-7.168132928107772,1,sell
10,1272896.1507937456,1,7256638.53835029,3.649950262168354,1,buy
5,2262835.5482901502,1,4587740.6985710515,6.04738206325633,0,buy
2,6689513.8462110385,1,36302968.079704486,7.059258224662669,0,sell
10,1399802.6050324114,2,11304741.913464084,3.1062789638033834,1,sell
1,27089212.16550575,3,67340951.54048508,6.837049582661054,0,sell
7,16590940.808729595,1,26058146.06052562,4.824903669861972,1,sell
5,40105626.18248637,3,41729364.45458821,4.723825381485519,0,buy
1,15072298.003520777,2,17023506.78433864,7.321372288810538,1,sell
1,39601690.33694632,2,87509577.49151248,7.145971717476521,0,sell
7,8751856.722024888,3,25840733.03624823,3.915017401996981,1,buy
5,10465341.780578064,3,11677957.288784815,4.805414924872007,1,buy
20,45692457.53747089,3,61385343.440710835,-2.911410149221653,1,sell
1,12329860.398220684,3,17344845.453155365,6.9934450831187895,1,sell
1,1127990.5390136414,1,4454109.931059746,8.093570099994775,0,sell
5,16971460.06530634,3,18798485.811411884,4.79198318207405,0,sell
3,34543325.72718537,1,61271643.458732665,6.414007646301526,0,sell
1,22473306.78609191,2,23757009.880062796,7.299991699672944,1,sell
2,9815563.064584998,1,12923139.05077314,7.150214828305018,0,sell
5,13820524.734729003,3,17135920.255981963,4.964825094645834,1,sell
1,48117842.74368671,1,49994449.3937803,7.492791621021318,0,sell
7,1425713.1946164654,2,8726856.50994467,4.641346639082261,0,sell
10,13602819.941203987,3,14649665.010718567,2.5747034451089856,0,buy
2,3030289.928282418,2,6276288.861204607,6.820127071355512,0,buy
30,12231913.01087515,2,50798252.55919743,-7.271905791065425,1,sell
30,10772939.710005296,3,14142555.803839982,-7.404675029996695,1,sell
10,1822714.1064739695,1,5919183.236531366,3.6014082397084994,1,sell
30,2245206.8037409275,2,8611596.575272406,-6.948172343559565,1,sell
10,11379678.877562193,3,20380874.40067328,2.6137266581150627,1,sell
1,1651424.9211946293,2,25309081.86148023,7.723436825310538,0,buy
2,2821852.782015649,1,4927327.589411911,7.3886010636805635,1,sell
2,26245637.845975835,2,56519717.28915972,6.5915418224835784,0,buy
3,3595163.5948641887,2,22961774.828486208,6.643670754128035,1,sell
10,6748380.562004749,2,23643499.062431455,2.8258279457279736,0,sell
2,39716338.11389602,2,41120697.841949455,6.660293946209905,0,sell
3,2431753.1574464673,1,3520098.901086856,7.11339235385438,1,sell
5,4591588.044447325,3,14805915.135093467,5.084275045967253,0,sell
3,10723920.099778183,2,39994997.766470745,6.33715467711642,0,sell
7,19199865.41003214,1,29038810.047715504,4.479781997811957,1,sell
20,34031575.73538006,2,36334499.918053724,-2.241266387452166,1,sell
1,35922052.69992452,2,37346973.0581958,6.969033923624651,1,buy
5,20868353.772421833,2,36306437.37576701,5.369283433610399,1,sell
20,2443021.237887932,1,19280073.160344034,-1.7053409629567673,1,sell
20,1101920.6138374081,2,3065851.427895154,-1.897745557283951,1,sell
5,4487664.652179543,2,5604256.622579931,5.586571318053774,0,sell
7,1739751.629648009,3,6679006.562256174,4.359804209069391,1,sell
3,16103760.554836042,1,25876618.721107036,6.683221488344694,1,buy
1,13281313.738594607,3,29111168.011793863,6.867193784742669,0,sell
3,1187699.2990333433,3,24960058.05529643,6.288939334636617,1,buy
2,26384431.232619993,3,37280874.83842186,6.101651365436741,0,buy
3,2646106.674274063,3,4189166.726398226,6.259948753215999,0,sell
30,5424264.22168908,2,19868207.905936018,-7.121372167914765,1,buy
5,13639529.247927044,3,60638310.39862025,4.873825230419343,0,sell
1,5364998.911154038,1,39923989.233740166,7.850853410278898,0,buy
3,5619979.614400881,2,35884885.697262175,6.46297522983315,1,sell
1,1292706.6874721209,3,4553911.141246959,7.305271438399702,0,buy
1,4808842.449114603,3,23669923.93677874,7.1816809603202145,0,sell
2,19927537.196903177,1,47852925.79440003,7.268133252310161,0,buy
2,35880389.2250086,1,50085867.975612804,7.047866310254462,0,buy
5,5041029.428284927,3,7706027.55840597,5.12540087740511,1,sell
7,5243962.944048927,3,46982315.90298423,4.132860946171,0,buy
30,15622206.633364154,3,21455699.316048842,-7.795379806944183,1,buy
20,39970662.88692815,3,41632298.34278246,-2.809448623229997,1,buy
1,2842683.618426219,3,4379101.492181789,7.049128762819986,1,buy
7,5594893.247962077,1,18187491.1692313,4.838538422471272,1,sell
20,22507883.834504705,1,28049743.956407864,-1.7520208888522317,1,buy
20,10860531.665910736,2,12307720.72257761,-2.0879238879187447,0,sell
30,1541284.7496866728,2,19648730.818230797,-6.784359487612886,1,sell
5,11654646.046430435,1,34459614.87132704,5.6838877363390665,0,buy
20,2076234.1781582914,2,19155114.58282339,-1.95119693112479,1,buy
30,7359385.753482315,3,9565536.39702686,-7.566463410548713,1,sell
20,7923746.646024727,2,22779949.11070541,-2.2070588859582445,1,sell
1,30806561.72959212,3,31849401.824488215,6.831910864953125,1,sell
1,6106099.806455541,3,9405054.6679029,6.967617009466187,1,buy
10,2983762.7878084597,2,7743531.160815649,2.902283201755507,1,buy
7,2468339.5255235187,2,28714121.232666146,4.590171980819423,0,buy
3,30572271.992565833,3,35177682.31141741,5.782187656198594,1,sell
30,1952280.929939692,1,2997353.5049243746,-6.472894371495884,1,buy
2,5291001.817678069,2,9259498.16428833,7.089154857160824,0,sell
30,2079703.9078642162,2,9121072.48011333,-6.909903313153114,1,sell
3,20597777.777911674,1,61555016.22468586,6.571781882992235,0,sell
7,6396536.555791348,2,46096403.8638691,4.350423605135577,1,sell
2,3949868.138387831,3,5978949.985360062,6.4931781009324325,1,sell
3,4106742.361219673,1,6170023.560208607,6.806778531058387,1,buy
10,28046997.416189976,1,29941870.792380635,2.9636351530163902,1,sell
2,8726605.38118709,3,30622096.903999835,6.479603921936821,0,buy
1,16581963.167915845,3,17605801.218579385,6.801666350070075,1,sell
3,33422700.082813106,3,35067337.796452686,5.774614397835201,0,buy
30,34043331.927426316,1,42246418.17391617,-6.977358806210567,1,buy
2,3615155.8910195073,3,6249063.432950376,6.592308674687045,0,sell
10,41513191.864501774,2,42948386.664795175,2.803848989507965,1,buy
30,1102207.5393542456,2,5189370.445580099,-6.700489478376991,1,buy
20,4367493.976927224,3,7290774.519848065,-2.5800347403354547,1,sell
2,33261006.630664647,2,40646013.197955586,6.601559903060832,1,sell
2,2928193.8279635194,2,49026875.23695982,6.845417255659301,0,sell
10,2910430.2311539957,1,4536689.741584131,3.395931881540075,1,buy
20,3266977.8124952554,3,7564830.160800599,-2.3483419341746075,1,buy
3,10972411.1831563,2,49291448.50215334,6.439919391468055,1,buy
5,5555385.970058376,3,36442760.804058746,5.139316272682043,1,sell
3,17167248.277327623,3,21843034.658400252,5.895751170826236,1,buy
20,33145634.594348434,2,48544922.223776534,-2.430219578509881,1,sell
7,13977983.225946147,2,15388136.859354464,4.379935942351667,1,sell
30,2225270.5711971857,1,18465265.161088046,-6.517794932120636,1,buy
10,38423646.28635487,1,83386731.24019718,3.0593653648557053,0,buy
3,2814268.0367390094,1,11002238.16069254,7.136557341702652,0,sell
2,1797487.6352074298,2,8826914.926666537,7.015648353255067,0,sell
10,1421843.2093385682,1,3502731.2591435774,3.7534418727733727,1,buy
1,9060915.41714025,3,20994945.79630137,7.141803869757179,0,sell
20,1560554.7552380736,1,11633007.289561775,-1.4614576048351235,1,sell
30,1720980.9555500753,1,14532915.549449733,-6.463924301648154,1,buy
3,3234020.6370746912,1,4341446.65259945,6.849272381906044,1,sell
10,3009677.8710037605,3,11565559.104453703,2.650027039546505,1,buy
30,10631261.567294734,3,20882502.803751215,-7.553198947897095,1,buy
3,24413257.450311713,2,26665356.43639303,6.141087558613938,1,buy
10,19656682.763443314,1,21915865.058083106,3.0717079803714484,1,sell
2,2792243.0277027115,3,5738606.91561798,6.618613676681498,1,buy
1,2610809.4610740296,3,18798825.864111956,7.15189265322595,0,buy
1,43737186.25158187,3,54453066.62168293,6.549267656460168,0,buy
7,1032745.0627348656,2,28380732.173436467,4.807777069873423,0,buy
10,31233366.537595358,2,34412546.00634614,2.62241461247015,1,buy
3,2184402.9933969555,2,37631141.028143406,6.550109681365491,0,buy
1,40682501.62957695,1,59028208.97413617,7.549386202002592,0,sell
20,3815661.2289741677,3,8505014.794773119,-2.4321081252921743,1,sell
1,5599438.192561116,2,7051039.638231484,7.549725201620005,0,sell
5,15899252.719734835,2,18632050.73861433,5.247299459713474,1,sell
5,9963962.650430493,3,52184183.63837531,4.889070625063431,1,buy
1,3468721.1180273816,3,6836147.159105435,7.171233158627593,0,sell
10,8728550.19084852,1,12363444.903255211,3.343711688983852,0,sell
7,17436089.054182258,1,19535540.8478783,4.911897503785083,0,sell
1,1180119.0017154994,1,24666438.75769104,7.885053958492904,1,buy
2,1044785.8537807405,2,3984541.810602003,7.20091998768786,0,buy
30,6001253.73767683,2,9641232.56641629,-7.006751804955963,1,buy
3,1674890.6537539517,3,6732729.731958976,6.129904502511279,1,sell
7,13449341.580606174,1,18905554.849130806,4.841997931517177,0,buy
2,2310301.7255612784,3,7308985.512535671,6.603114501295467,0,buy
7,5437522.246461509,1,12612910.880096225,4.852130656240622,0,buy
2,2166890.6342751817,1,26367870.514877778,7.5901502821729565,0,sell
3,8547855.26728764,1,33204882.181686528,6.661634852627747,1,buy
3,1574603.9856384275,1,24289464.18901531,7.017065012319025,1,sell
5,1094606.0640569956,3,2579885.1585926106,5.3629145127264755,1,sell
10,1221437.134509882,3,24057976.921411507,2.7844068002645166,1,buy
2,41807718.530830264,2,43408397.194846,6.694302270467576,0,buy
30,1744777.3607667997,1,3373705.5693023102,-6.405423999866316,1,buy
5,15983920.131518533,3,56758586.598184936,4.822022351779285,1,buy
2,1304381.3585068043,1,25972291.615427062,7.721117629770843,0,sell
5,1526726.3250211447,1,10206907.965944404,5.951056332553265,1,sell
3,7320917.066460206,2,37979221.47853941,6.530372607537563,0,sell
7,6163136.212054205,2,54125530.06382142,4.45623200887375,1,sell
20,41371989.18228441,3,52272894.17611732,-2.832574810580269,1,buy
5,40294622.71100873,3,51292175.62254902,4.646848390263469,0,sell
2,21112112.857784968,2,40243607.17074245,6.760327337996238,1,sell
2,10542726.712890973,3,13022415.150055509,6.416749398148706,1,buy
20,5928760.849555404,3,7851587.47283403,-2.4241400871212475,1,sell
10,4028437.6477517122,2,23549565.69340642,2.963637469024073,1,buy
30,40651196.58812773,1,44505828.398023985,-6.960762506819156,1,buy
3,10576061.947614212,1,12272275.324366152,6.789435702670568,0,buy
2,9634448.395205157,2,13061872.22066207,6.846278771483899,0,sell
1,2477382.411034334,1,6544748.664107821,7.935187342451696,0,buy
7,1200433.7356582903,1,44841247.56365374,5.107589938954416,0,buy
5,40350325.77798851,2,55689875.566315226,5.096230660570297,1,buy
10,3412139.6238920907,3,11390413.854495626,2.6789191670174506,0,sell
30,5648660.521412634,2,49916303.699095644,-7.020081675165058,1,sell
20,1565920.917555631,2,35795954.78162999,-1.7989112327623946,1,buy
7,26418571.596757665,1,33829525.25521023,4.667121857643303,0,sell
3,1114155.1066777909,2,35685998.262586325,6.658470806534008,1,sell
10,26117120.252134982,1,30980089.09072033,2.8996897817029716,1,sell
30,1731171.2409788633,2,4194247.163293412,-6.900313658908528,1,sell
5,32080847.60976534,3,34565772.36769007,4.79182503969203,1,sell
5,17372480.01789575,1,30715502.243476406,5.650212416565942,1,buy
20,1904451.1469676436,2,9005188.434313845,-1.9708008717362429,1,sell
1,9147613.311151944,1,22316156.225775696,7.884542427649231,0,sell
20,3397767.827010384,2,18040512.31023377,-2.0677319570999666,1,sell
3,2008226.4779053072,2,3099480.585543303,6.524746497009206,0,sell
10,28822044.545428053,2,30057456.064585205,2.6397422652260243,1,buy
10,4848116.8237764025,1,12883442.422350543,3.328495738253533,1,buy
2,4754598.139925361,1,6865964.250700625,7.302540895823074,0,sell
1,1943714.0083300122,3,13819323.275019312,7.196127703668381,1,buy
1,4475247.857918913,3,13147801.758048147,7.080601914217723,1,sell
10,30258742.614097282,3,40148582.91147032,2.1807944373163575,1,sell
10,4139470.451403159,3,7404315.828863426,2.471070244897607,1,buy
7,41375752.818739556,2,53595857.45525311,4.2009984294680205,1,buy
30,40527557.869704604,1,66189121.06229585,-6.972590730008298,1,sell
7,1762700.289474605,2,51386854.989485,4.713299941022756,0,sell
7,2000997.2932497167,1,28577134.813957,5.057638028881818,0,buy
1,29218463.156139445,1,38073159.45371601,7.552918342137199,0,sell
2,4648245.09976428,2,6779478.796899818,7.007893003891546,0,sell
5,1017258.3530980402,2,15397166.206956923,5.771819877512341,0,buy
7,2919443.0425248877,1,42097749.23814203,4.855363343413676,0,buy
2,10359856.341575371,3,12650486.08642751,6.288161466688845,0,buy
20,22799687.877677508,3,25521943.356333073,-2.774605579358365,1,sell
3,1685090.6131879142,1,3476360.5851482805,7.077267430048821,0,sell
7,1541013.567504066,2,19392236.517138287,4.806067721668255,0,buy
20,36864450.06934478,2,41770543.3268079,-2.3567999525770444,1,buy
5,18887676.935394656,1,20165639.140008632,5.776649494609275,0,sell
3,10046570.840468131,2,40702451.08367219,6.43744605935955,0,sell
3,20268671.49648636,1,29129367.53051984,6.568560566506222,1,sell
5,5353165.817088237,1,9005069.129983181,5.8360737218455165,0,buy
7,19435403.625768367,1,23276159.98527987,4.709029876408373,1,buy
1,4282349.704603428,2,7394984.133111924,7.359500649025364,1,sell
5,2598420.039213468,3,8539250.387723507,5.238393068049696,1,sell
5,17320959.073570903,1,21058824.994366415,5.7697118232774445,0,sell
5,5164290.1664727535,2,13694197.921504006,5.529361655171222,1,sell
3,46486865.44406788,3,67101830.80722764,5.699232392526739,0,buy
30,3924323.867136914,1,17916636.16350845,-6.561257130461776,1,buy
2,36811815.75179449,3,39976084.983754896,6.345261033572255,0,buy
20,38465854.558948584,2,46378379.98649397,-2.506956650390447,1,buy
1,2575733.3581454805,3,29327295.381636765,6.915146614376029,0,buy
7,22706690.7054546,3,24012501.778237365,3.8725768860618768,1,sell
7,5442276.388941237,2,6800667.115366234,4.380482330066239,0,buy
20,36211539.580423675,1,45020329.70861782,-1.9325069289165118,1,buy
2,5817650.638296126,2,18002984.491166122,6.950061715038724,0,buy
5,18388643.3578278,2,20675212.679262295,5.3758656828615,1,sell
30,6213890.861140135,1,24668576.081380464,-6.663115209159808,1,sell
1,2437960.4216915844,1,14968855.467059713,8.016512336979318,0,buy
7,2181171.8768723626,2,39218595.76879874,4.626868705092342,0,buy
20,5281956.715680329,1,7218593.252577197,-1.5759948917685351,1,buy
10,19211565.716016974,1,38115941.37781823,3.090055991494916,1,buy
30,10665919.554956319,2,12053017.415799733,-7.132676247361973,1,sell
20,14789738.923010524,2,23918563.20281715,-2.446409642876173,1,buy
30,3017616.1914135884,2,11680316.451572219,-7.032595198474233,1,buy
7,6575733.619911503,2,11145084.838920936,4.513343885297257,1,buy
5,1189669.2149974625,3,28410479.35351017,5.1407106137251635,1,buy
10,24488548.96021939,3,25505794.031707745,2.1877946893678937,1,sell
2,48061474.5643164,1,55713373.06579204,7.071123844416283,0,buy
1,4912191.8790910235,3,7250691.842801798,6.994547770205603,0,buy
2,1043823.1340447724,3,19374641.415165525,6.918873096287557,0,buy
2,1942999.109485166,3,3126504.5684176977,6.705618845528198,1,buy
20,12841731.708354758,1,38711138.62574263,-1.6393935448308197,1,buy
30,10962368.62905901,3,37501918.58464746,-7.397093887978549,1,sell
1,21805122.258559834,2,47807578.41101159,7.354839583415154,0,sell
1,2699860.46377117,2,4516251.502113109,7.4966416561126445,0,buy
7,19832968.352110535,1,31610160.631144624,4.529850021264762,1,sell
7,14752452.196347628,1,15810267.174904771,4.814348565988245,1,buy
1,3535510.640033005,1,31119876.692748725,7.904800041724549,0,buy
10,8448274.204762202,3,25364877.605003685,2.49275283429772,0,buy
3,1779154.9901334986,1,9766717.252884464,7.12649029540523,1,buy
7,5873453.250640517,1,23301669.107996024,4.7162875218729186,1,buy
3,31414333.34335314,1,32860618.106620107,6.6301293774178784,0,buy
20,5195071.395447085,2,13104960.62181472,-2.102049351180179,1,sell
10,26693077.718784448,1,29818221.640029643,3.17552083909226,0,buy
1,10065208.195023067,2,54986402.44436929,7.3844783814487975,0,sell
10,2118325.91894461,2,30708558.495878488,3.173038388560986,0,sell
7,9711405.289699797,1,27323597.323723074,4.708812269579134,0,sell
2,7238532.004473048,1,45822707.469254725,7.225441034023218,0,buy
20,4756414.243639316,3,8640388.750350151,-2.4390349016445496,1,buy
1,1596792.6626590365,1,35525547.83360862,7.970129622545432,0,buy
5,5104762.255042038,1,8673954.992449727,5.787051829553855,0,buy
20,1329294.153602074,1,18908515.96535242,-1.513809237208661,1,buy
30,1471653.798334812,1,19301608.66318702,-6.395934850129281,1,sell
3,5088967.927004279,1,6163392.394173211,7.0457724797903385,0,sell
10,3302432.7138266456,1,7408533.424568187,3.4960530410035258,0,buy
1,37365607.48265138,3,38444592.78163873,6.814766439651893,0,sell
20,4348233.861997517,3,53782652.31558611,-2.3578051950247465,1,sell
10,19390018.209973205,1,21002922.633395914,3.0539709346132873,1,buy
1,7959295.745160187,3,16319548.925539955,7.051130416178186,1,buy
7,15711600.636029206,2,37747528.215136364,4.097278730933763,0,buy
20,2766490.94326781,3,4964051.356939247,-2.3187241594064014,1,sell
7,39835318.67483677,2,46504767.33212179,4.208209403846274,0,sell
20,7954345.593349459,1,18719078.151721336,-1.6367163492053578,1,sell
7,25846078.616701193,2,27717549.4896729,4.2663375637345755,1,sell
30,4170630.1975833103,1,25195938.517100792,-6.743608266325581,1,sell
10,1479980.7824944041,3,4705232.847509905,2.6756766439788606,1,sell
5,13951338.659374379,2,16234422.588029066,5.413350823937347,1,sell
20,1030821.3615041297,2,9912924.951674286,-1.7677250107427671,1,buy
30,6419608.012807368,2,11398245.968624394,-7.053609026404866,1,sell
20,2126006.8006633963,1,38730821.72226993,-1.5687145396247022,1,buy
7,11638370.096132036,1,42913572.296458915,4.613334938711407,0,buy
1,46132287.09532688,3,52757476.19536073,6.639263267706729,0,sell
20,6151862.326613617,3,10229215.931621399,-2.617619305582493,1,sell
30,24485276.713196963,1,28058377.6653818,-6.835447253188361,1,buy
7,7289707.495528514,3,10137986.77088816,3.702111429614532,1,sell
2,6956925.294393386,2,15374180.005507592,6.829711422738226,1,buy
7,38085670.54113169,2,61400621.35443039,4.3390731544694265,1,sell
10,32510624.791865446,2,35883235.045014,2.6445912089819092,1,sell
5,21629746.011790045,3,23733350.827614672,4.751244366923501,0,buy
2,3186615.3109851643,2,9611017.542121528,7.245686324144927,1,buy
10,8432433.994951721,2,9742482.583052872,2.832612834681081,1,buy
10,2401013.9505814775,1,17941049.075119052,3.6644813147211592,1,buy
10,5678075.388447656,1,13275653.012639998,3.3058330626136714,1,sell
1,6647578.4984387895,3,13619073.328737743,7.100753280552851,1,buy
10,25878046.127158124,1,29117320.146763705,3.330281025005423,1,buy
1,33290883.098226596,3,67726909.65625145,6.777317842366616,1,buy
10,5063222.926870186,3,6487955.966260392,2.5169838275730485,0,sell
3,1071715.0292918421,1,31118976.771439623,7.160883616546734,0,sell
30,29115744.813240234,1,33481012.08523924,-7.015962943442486,1,buy
2,1977398.7130532179,3,33321291.905832145,6.821579971207145,0,sell
3,11390920.029563366,3,28694814.506889984,5.862719540202178,1,buy
10,1102617.3217517613,3,2605700.2421791395,2.6308188386841067,1,sell
2,4772539.3514247555,2,30640084.055053838,6.950515021534314,0,buy
2,47327872.109776415,2,61748958.486383505,6.56482947718461,1,buy
20,1482775.521728974,1,2617472.7163334917,-1.7059137935793132,1,sell
5,5246165.127899609,2,6933327.365610973,5.447331502767171,1,buy
3,3325359.109919425,2,15345595.283816893,6.406953086255979,1,buy
5,34491936.10516758,3,47849841.99000684,4.712169985187176,0,buy
2,29990435.125488702,2,48548743.5502379,6.56938835440618,1,sell
1,2534212.704729221,1,19271124.665897865,8.023730731215647,0,sell
2,1373838.2854592165,2,14571731.807678867,7.150067444292006,0,buy
5,11627579.567699356,2,31663851.173361346,5.178370771899241,1,buy
3,3728038.1837582095,2,13213388.264086504,6.639648532462998,0,buy
10,13862808.374237612,1,16636618.577815738,3.2281921200337504,1,sell
20,1133888.8953979125,1,36623439.44829835,-1.4684874682606148,1,buy
20,1685160.6102553676,3,2759014.2468538093,-2.355607642453462,1,buy
20,14659725.397831282,2,18855163.970784813,-2.2176237186689143,1,buy
10,2295151.579907044,3,19606415.002959743,2.5463352466564584,1,sell
20,28642817.588899143,3,33960535.56722543,-2.5824316357974775,1,buy
3,1257604.7259913334,1,2359633.4474139214,7.1787343403431585,0,sell
10,2323257.914065,3,3617750.523397373,2.638408640700871,1,buy
20,49719174.542342104,2,62366987.48413357,-2.4379853666566706,1,buy
10,5442310.399088429,3,49021185.198944725,2.451883204879569,1,buy
5,15642911.073443728,1,24304543.781692572,5.7053935368772395,1,sell
30,2043332.4916646278,1,9303829.190322561,-6.481613193217116,1,buy
30,10867976.416364323,1,14341937.816495847,-6.694233457941756,1,buy
3,17125072.947412662,2,19854740.48708952,6.293417572480393,1,buy
7,3422050.1624713517,3,4507607.718360916,4.022381791854594,0,sell
1,25601848.891007263,2,28510838.25031214,7.130364349753072,0,buy
20,10597132.534017306,1,16391755.290934026,-1.7472940928297263,1,buy
1,4582561.702970067,2,6751817.385361597,7.397328189206003,0,buy
10,8859673.133548617,1,10267021.496802595,3.403490418861971,1,sell
1,9547713.519641751,2,26120598.55637911,7.352322262056761,0,sell
3,1910906.7607064056,2,35018911.02148938,6.456785903217285,0,sell
3,4833149.356928324,3,43876550.90077148,6.049287156683249,0,sell
2,3832465.6200849633,3,15051650.43940513,6.574433508563938,1,sell
30,4798679.009427336,1,6027991.891992252,-6.50495735761753,1,buy
20,19638307.672570102,3,37781068.92830714,-2.6521510191822264,1,sell
2,6604170.550201086,3,8142497.403607228,6.5701851371518005,0,sell
1,39588490.17425781,2,53325175.90130925,7.121023295000709,0,sell
7,3154622.650546514,1,24246691.356207445,5.026336161211723,0,sell
2,5084730.157340697,2,22193641.306070622,7.082813047933802,1,sell
2,21727813.04214321,2,63148951.72112248,6.636797354198458,0,sell
3,8466022.252923718,3,26417011.886561736,5.913740535582713,1,buy
7,8499324.53126965,3,23556469.074822,3.9506796099879558,1,buy
10,1232035.8266845,1,4016193.3181822645,3.6601865364279758,1,sell
1,4755638.8986285,3,42008039.038568504,6.996527444948887,0,sell
2,2883822.265008414,2,4902372.91327973,6.815319281586314,0,sell
7,49870118.246381275,3,84336222.70462614,3.7813507422268406,1,sell
30,3341073.3918160587,1,6738924.016488358,-6.662325346809278,1,buy
20,31822411.074458856,1,33486375.517354626,-1.9640211946921475,1,sell
7,14089670.334693,2,39470725.11376578,4.255514548565722,1,buy
30,3794956.0725213466,2,4804766.15083282,-7.212570853511468,1,buy
1,8383948.56316056,3,34307416.10911026,6.856131984440511,0,buy
7,26794474.724066764,1,29584832.884976525,4.681365960953844,0,buy
30,31682266.38008648,2,63532667.3866435,-7.333679152335676,1,sell
7,1872855.982123407,3,16828405.98661585,4.299398879714843,1,buy
7,3775066.2810159116,3,17321516.32930337,4.258005439448949,1,sell
20,3711368.932075518,3,7886469.872817706,-2.564406828903598,1,sell
30,1178780.2406794035,2,2440386.6039344203,-6.858354553790502,1,buy
30,10384557.836139157,2,36104458.99431295,-7.16999270997475,1,buy
2,28334374.46035656,3,30285837.91067874,6.438430477390897,0,buy
1,4449215.477547275,3,8739205.345101692,6.963031986808589,1,sell
20,18084182.146392204,2,28555096.387397766,-2.2111901289257254,1,buy
7,11653172.476533867,1,18249992.509280473,4.851852980246798,0,sell
7,4347263.189265981,3,6522559.684859728,4.163643040232055,0,sell
2,1736426.3523475083,1,3469843.037000622,7.566498759259973,0,sell
1,16036882.574819133,1,17656422.72717088,7.602713809380141,1,sell
3,28306135.988693327,2,57562779.78703487,6.296034469768246,0,buy
20,14630063.459501354,2,15761470.10993757,-2.3721363121651464,1,buy
2,1072444.948943687,1,46772626.025771506,7.639426320234884,1,buy
1,2330092.7121023973,2,4504266.672381303,7.3970479046214175,0,buy
20,1312334.0892213902,1,2852027.578073104,-1.2630096049640258,1,buy
7,9312555.500923492,1,18868146.106793903,4.6429866585504715,1,buy
1,19285588.02898715,2,20652982.260044906,7.199973505747217,0,sell
1,1541241.5974942925,2,12098472.568006035,7.800285364334068,0,buy
10,26565060.583647784,3,54438409.7011164,2.341870270718492,1,sell
1,8786038.286408873,2,9992121.579974733,7.294056209394134,1,sell
3,14867455.78311493,3,37720958.15435772,5.898038008834213,1,sell
1,44707728.29909189,2,49387291.74244826,7.146378344965411,0,sell
3,1387303.5224110722,2,3253553.445571489,6.692077427214071,0,buy
7,33974461.530972585,2,35965972.202138595,4.138230090680761,1,buy
3,1637739.0256695792,2,38025338.0882902,6.592123234328522,0,sell
20,4651844.891377298,1,6193246.666705504,-1.567023814510141,1,sell
7,27962036.971197244,2,57653934.67204952,4.16382919105201,1,buy
7,34649643.01152909,1,43056918.6455557,4.448858817513237,1,sell
3,7249537.227979163,2,8414615.96485383,6.364617984423093,1,buy
30,10218001.447445458,2,16371626.622529913,-7.158451625673799,1,sell
2,15963241.360785754,1,40443849.66606744,7.209690784998397,0,sell
5,25991539.18125846,2,43123092.93439765,5.2199334639382,0,buy
30,1608584.3245267493,3,8376059.421019086,-7.404915950950157,1,buy
1,23783921.134484682,3,52703965.03209187,6.8638043774333,0,buy
10,6571639.684141282,2,8173026.025011377,2.890391316233906,0,buy
5,5829021.839815023,3,40982034.893299386,4.973420966388648,0,buy
1,5250406.918089984,3,32671087.112395927,7.139222037318718,1,buy
30,7330527.19412997,3,23301857.134578135,-7.57783683470774,1,buy
30,40328544.00386813,3,64851156.79803969,-7.588531072503323,1,sell
1,8538503.607348325,1,16931677.750277914,7.939840483790594,0,buy
7,41631307.06663353,1,55662051.53104218,4.628915606987503,0,sell
1,2024452.1861867202,1,10987161.404583614,7.924553982299156,0,buy
10,16993596.697572038,3,21010232.10209768,2.42285980870783,1,buy
30,23986706.017821983,3,33243858.79733322,-7.660475464259383,1,sell
1,14250152.548731666,1,16988104.845243867,7.620373133350826,0,sell
3,10743424.819586609,3,16341272.85860271,6.042777378400839,1,sell
5,9111711.766704984,1,12111074.526071094,5.761082194658129,1,sell
3,29019843.480070423,1,30637113.99261871,6.338263766728682,0,buy
10,24885875.423131954,1,28408234.60335878,3.2548242120866626,1,buy
1,1613484.7654904583,3,29635587.94045701,7.3775755167093084,0,buy
20,27651899.854153614,1,32092532.000793144,-1.9155537591702778,1,buy
10,5052312.024129101,2,23709052.173491813,3.013599484192773,1,buy
7,2697884.197748199,1,4682406.112782778,4.982271345351499,0,sell
3,30040745.619261358,1,35301831.85754158,6.530584525009448,0,buy
3,5419973.65686473,2,6987219.103038903,6.707722002898966,1,buy
2,23625845.586194087,3,25345784.5240189,6.25325402432137,0,sell
1,2802301.3482410964,1,13996831.979354633,7.947087201404871,0,sell
7,1015490.3464603176,2,11782457.446932724,4.585810768766654,0,sell
20,6946568.251645592,3,9250727.38854744,-2.4116286808421066,1,buy
3,1480078.6759383557,2,7877880.397563762,6.709085422737749,0,sell
3,19127672.198607557,1,48418475.49097989,6.733497079341296,0,sell
7,2944715.722347988,2,4921517.568344841,4.412330906908129,0,sell
10,5672057.778354984,3,6750105.831107049,2.5614138777418356,1,sell
10,1405618.3445938346,1,14220664.861683015,3.5871608579852845,0,sell
1,3069201.9437956335,2,4301999.744196815,7.3963800300433125,0,buy
30,21268089.63424038,3,67494383.02630785,-7.629861831655806,1,buy
2,1809436.369481358,3,12666854.823122567,6.644349132069541,0,sell
3,12574904.12008539,1,18872710.341896504,6.681877956668569,1,sell
30,36197535.700609416,1,41574590.06724749,-6.892691230941803,1,sell
30,14289672.079216858,1,23700543.920879208,-6.78802995702012,1,sell
2,23872699.039473623,1,25298202.249607526,7.039079954039692,0,sell
30,1531579.446303164,2,39557040.138819344,-6.978827671340776,1,sell
30,2666771.784741963,3,14226486.280478526,-7.366864159765244,1,buy
10,33097460.891514186,1,35151335.60883553,3.085700005733944,1,sell
10,16403744.16939334,1,25436251.763070885,3.172369317700622,0,sell
5,12206264.236826418,1,13890484.182635369,5.703647199920393,1,sell
20,13418988.309737615,2,14490067.398971528,-2.2212992057757432,1,sell
1,5054920.358235051,3,16837203.22825615,7.195101398336165,1,buy
30,1190420.4546236552,3,13830614.648406282,-7.207829471850892,1,sell
5,21515064.38811556,1,31325380.14314939,5.64959436511605,0,buy
20,14227003.222330788,3,16276902.207821958,-2.629290707558825,1,sell
5,6357415.587989317,2,16955057.217625536,5.37371931005311,0,sell
5,33780385.20554018,3,35027798.57255714,4.948384574937341,0,sell
1,3724990.654311553,1,14566199.021498496,7.954624662088936,0,sell
1,3162596.7119200337,3,11897503.951619094,7.201123411509359,0,buy
7,30398683.536798414,2,43378193.698812746,4.096226564012991,1,sell
2,22597381.584189087,2,55816353.98316428,6.820696933760161,0,buy
2,7497824.16101759,3,35341906.781052515,6.390760488378602,1,buy
7,1667686.4528649154,3,48023270.376721606,4.254917016195692,0,sell
7,2319529.91936062,1,47881682.2752553,4.981977617344934,1,buy
10,13029017.629087184,1,33547630.27201898,3.338490791875907,1,buy
20,4509968.551679548,1,46672652.56670314,-1.6807308409413393,0,sell
5,26371987.551631287,3,56122147.661911786,4.854024283964619,0,sell
30,41109771.828602046,2,58334039.18630451,-7.330717419036748,1,sell
7,23375072.708591163,2,24718071.393623337,4.13982652756288,1,sell
3,4379639.347972897,3,5591169.672259236,6.127157505122212,0,sell
2,21875328.63012606,2,48363778.32533597,6.711794855846503,0,sell
7,3954475.247699914,2,10745113.803662125,4.484937251302576,1,buy
3,1922640.2806196876,3,26132502.736743882,6.162894229213449,1,sell
3,1139551.7526577439,2,4540803.325758985,6.685992151687709,0,buy
3,4521901.783423128,3,9259903.14857509,6.072792173546572,0,sell
10,34286263.15453248,1,49760036.68749505,3.1108357442457413,1,buy
10,2547012.310423605,2,38448518.59356939,3.0887375205338206,1,buy
30,2243157.0078486023,3,3652783.693171015,-7.235903848573025,1,buy
30,44432057.42577098,2,73514141.60062541,-7.29930830723113,1,sell
3,1102760.591632605,2,23351470.456403635,6.835039378137731,0,buy
20,21628196.34150611,1,25064501.753937252,-1.8028773076673552,1,sell
10,3515587.5280913603,3,7528894.434435664,2.621566299843405,1,buy
5,1157952.9520524435,1,2357277.315483053,6.19077639530664,1,sell
3,36250916.065010116,2,37314429.12183923,6.161903008824089,1,sell
5,1726824.2161435164,2,8189600.172123242,5.645196460701873,1,buy
5,8658774.950214611,2,10111953.544374447,5.116803945666103,0,sell
3,2921526.8229592405,3,5057536.733999092,6.0455579763993565,0,sell
2,1290507.7452923371,1,28746179.414260063,7.630842013462658,0,sell
20,1215673.0966423422,3,10551657.303319253,-2.095813863336523,1,buy
3,1571546.9681594588,2,13498307.643068656,6.684515457112267,1,sell
30,1322057.7181069097,1,3404254.445303837,-6.381983927510458,1,sell
3,19595909.488297265,2,45174201.993178114,6.3109413183367735,0,buy
10,6682860.764234463,1,36514120.7952478,3.3123135399286636,1,buy
3,3824400.602371438,3,11571121.051737722,6.0004938801380785,0,sell
2,5138025.189130484,3,40652735.91785602,6.613002434648095,0,buy
10,37866279.7757664,3,65114522.08094308,2.1188422424310036,1,sell
30,35264685.19099268,3,52742930.86996901,-7.697262168124761,1,buy
1,16440418.650839997,3,34107831.66231469,7.012580408060758,0,buy
1,31845555.036028784,1,33355845.050150923,7.598010168422331,0,buy
5,3491985.3321821955,1,6376961.993216254,5.960751666319623,0,buy
20,4441128.234028339,2,5740015.387119519,-1.919803141739438,1,sell
5,11032618.180372223,1,12067162.532411907,5.717132184727049,1,buy
2,11468900.325951075,2,13326547.13209956,6.975215473978478,1,sell
7,6582541.046142443,3,37909721.771740556,4.113348331880014,0,sell
30,4794084.300270523,1,7349954.716500375,-6.626734397958175,1,sell
20,47368623.90149108,1,91858631.71607758,-2.2113907294959745,1,buy
30,24835014.084275268,3,35181181.2732335,-7.702871069995201,1,buy
1,5483000.792961437,3,8012852.435886413,7.027692272888449,1,buy
5,17204739.576536957,3,24196882.925081603,4.89606536859986,0,buy
30,2870630.0789664728,2,5226956.928274004,-6.815763490799146,1,sell
1,1479737.502217416,2,48441194.2626413,7.741920469220821,0,buy
2,3969810.179344894,1,31478999.575945262,7.41114722841326,0,sell
2,4837697.404448818,3,5945797.3029367775,6.532805467027556,1,buy
7,1066832.1094555415,1,41827664.87490919,4.9069360729478575,1,buy
30,24227420.13204354,3,41018088.67431038,-7.612122831009907,1,sell
7,4076231.2713989145,3,5456498.815787006,4.120967067747267,0,buy
10,9685299.469104636,3,23469875.551883575,2.554036214981203,0,buy
20,1335553.3363821646,3,13899007.361922968,-2.206579064713539,1,sell
30,1982961.8680928235,3,4336468.98760343,-7.360988972958163,1,buy
2,32476031.380479015,2,51910747.136285946,6.716946237513601,1,sell
5,10817872.334781766,1,12223661.913008463,5.769696419445269,0,sell
1,41162723.02956233,3,47947767.23795571,6.8310605209778235,1,buy
3,49756102.09261344,2,50795685.24179504,6.075573221367537,0,sell
7,4283306.790931492,2,48527464.9076309,4.417345042673578,0,sell
3,3218529.1220069514,3,22136914.443279363,6.140031600775453,0,buy
30,28729045.077779826,3,30590638.82912635,-7.7170167632250735,1,buy
5,49729129.89807875,2,53535350.408018574,5.050147003512767,1,buy
7,11741986.33045943,3,13616077.281588707,3.870022241412948,0,sell
3,22434698.46642545,2,42500664.66594799,6.3517799967710715,1,sell
20,21289367.8066293,3,22548476.116695177,-2.671700776234525,1,buy
5,4015239.9672523984,2,30796172.736711916,5.605291282166977,1,sell
1,9455144.064959045,3,49335894.137521654,7.17406601392439,1,sell
20,26021885.11249706,2,40133300.59299367,-2.314961529222237,1,buy
5,14759948.267991886,1,17060446.54067035,5.62378067676187,1,buy
10,1086317.273092468,3,5176872.605160428,2.693304619346681,1,buy
7,3732955.6628727154,3,10201644.073515005,4.2141689577043175,1,sell
2,1759786.066968933,2,12407082.65578974,7.1081880330924925,0,sell
1,2487784.7435661275,3,16166286.56505407,7.179011668384602,1,buy
30,34546134.655322336,1,43287800.01650885,-6.969980127123063,1,sell
20,1155262.2736683136,1,5107761.681903106,-1.4232805847918764,1,buy
20,2362842.7324598725,2,34994695.741559476,-1.6605365057273893,1,buy
3,3356982.2406225125,2,4731918.816507261,6.460262713107333,1,buy
7,11170369.377159778,3,17366992.032501422,3.7355539216105553,1,sell
30,8080211.911452137,2,28860970.491194855,-7.117876382495558,1,sell
2,2348731.131533149,1,3617611.9504793766,7.424564788260739,0,sell
5,1901256.2148573857,1,17689847.279759265,6.079099133183227,0,sell
2,2525298.7157066073,3,27223507.59578094,6.666606923213781,0,sell
7,7141390.180610975,1,20407162.955098867,4.921362055103465,1,sell
7,2888836.2410384896,2,3940748.1985132713,4.342276716135342,1,buy
10,40733171.549868315,3,42756411.56490524,2.297156831727574,1,buy
10,6138935.8797218595,3,9951699.306455232,2.6674004555187003,1,buy
2,1258614.319475038,3,3753394.934668766,6.733648128282441,0,buy
5,17338109.789285768,2,60541428.693881676,5.229884886221184,0,sell
2,3619914.2318584425,3,16414861.933661602,6.566596569420147,1,buy
7,12890153.637514422,3,16085697.246785037,3.8616582172713843,0,buy
7,2985536.938835322,1,40963193.54957811,5.050421312208562,1,buy
3,9325593.856682843,1,27449313.285426095,6.672904641793184,0,sell
10,20505196.924029708,3,23549859.127472397,2.4057371357744737,1,buy
30,37727585.85090708,2,42130177.663558304,-7.501368485396085,1,buy
30,2777455.987617946,2,4959299.749400858,-7.074765390208915,1,buy
30,3706055.471720757,2,48356480.26787978,-6.982903279652171,1,buy
3,6148578.499482766,2,13714663.741080003,6.32078755735793,0,sell
1,37604709.50245678,1,70899281.33474842,7.438789234536879,0,sell
30,33996110.48709376,2,37874868.78302371,-7.215457771730679,1,buy
7,1421348.2591835028,2,30431103.334985647,4.699886278701709,1,buy
3,1675501.483246759,3,2910175.0179155795,6.230510304997207,0,sell
2,6947926.718019627,2,53564676.576089464,6.971626524664301,1,sell
10,1517549.7810159791,2,36959615.98752143,3.000831980960097,1,sell
10,3864840.165212254,2,8005512.919228684,2.902761891169905,1,sell
5,1786908.4669838403,2,22499274.88780145,5.638798178227173,0,buy
2,12039639.54917809,1,31009478.882198263,7.0765049041701875,0,sell
5,41035927.87055535,3,75014479.80209789,4.5919139219559035,0,buy
3,49365186.03804686,1,52691911.76372753,6.472131235540038,0,sell
20,4340336.774491417,3,10519142.288566373,-2.4034326790486524,1,buy
30,10416084.697718479,3,39901577.83106193,-7.578611044519833,1,sell
1,28495288.54477221,3,49522570.51756281,6.698247472075325,0,buy
2,1583304.8362280754,3,6244401.964051537,6.64641547141,0,sell
2,14843942.057471206,1,42187926.77354837,7.164713000208531,0,sell
2,4950090.257694049,3,6151727.843905959,6.632180386638369,0,buy
5,2239938.7494480307,2,23554343.606381763,5.730815425376798,1,buy
3,4833551.134528711,2,7078926.704258777,6.467935960796196,1,sell
2,1346028.4801580128,3,4408773.483434004,6.56377469426744,0,buy
20,15187136.147090288,2,22072980.868496288,-2.127139092288183,1,buy
2,2687832.5748992576,2,8496619.246254593,7.116877589381734,0,sell
10,3381184.349689196,3,11044787.313766882,2.5599019238372467,1,sell
30,1605881.4955817102,3,10030638.748090921,-7.291468090907844,1,sell
1,29446243.458978396,3,33104343.705219246,6.9270736440960095,1,buy
30,6892027.938744918,1,8876780.122930737,-6.535523325500526,1,sell
10,9376923.72729329,3,29589727.38819567,2.3790733619066535,1,sell
10,9277886.345012378,3,14059202.700897474,2.6820089169219763,1,buy
1,4982134.968271462,1,12216633.823993975,7.9021005196598875,0,buy
20,2123745.889322606,2,14578076.388785526,-1.6616536119437528,1,sell
3,18448378.016250063,1,53559729.373250455,6.520626026277789,0,buy
10,1643859.8326649715,2,17570018.44273601,3.072897388010929,1,buy
3,1501337.9200074247,1,2695969.1412893506,6.822988736179399,1,sell
10,16088483.802357452,3,42676681.80057784,2.356017879621869,1,buy
7,2263642.470303813,1,50224229.96257195,5.0591260760293615,0,buy
1,3320455.7935883286,3,9669931.788245397,7.30151780433828,0,buy
10,6417963.039065773,2,50809982.08446363,2.8447190650381593,1,sell
7,5800085.672508362,3,14309410.762604497,4.067113823294483,1,buy
30,15990228.84371481,1,22027960.268756036,-6.854122222376564,1,sell
5,11460192.6095998,1,15116534.132987177,5.798432640519556,1,sell
7,12439695.52409289,2,25536520.094151158,4.301185914639615,0,buy
2,16336419.958665336,3,18793718.941352233,6.345446382210102,0,sell
10,3141523.0225696424,2,4649102.058744597,2.850787561371296,0,sell
7,3528861.618222902,3,4641297.581064297,4.136274527670224,1,sell
3,5548109.649761255,3,8686775.205283374,6.184792465626315,0,buy
5,3329423.261361553,2,8032724.250539089,5.389874111764798,1,sell
20,47138949.017091274,2,55807804.18294725,-2.2985781948129818,1,sell
10,24157378.557712004,3,27300586.923992798,2.3207366996117367,1,sell
2,1904335.1183323988,2,48881596.57669856,6.8946446812525535,1,sell
20,1022125.6878963046,3,4153004.731993217,-2.236803444560824,1,sell
7,1182190.5663447774,2,6795305.793829047,4.647700907535913,1,sell
20,2598103.7064766036,2,4095935.7157633277,-1.9018516461900372,1,sell
20,1563786.524489254,2,4335808.242283749,-1.8128037062932618,1,buy
5,8056111.332394613,1,9264244.634387087,5.793962637462742,0,buy
30,28688520.204051036,2,37613112.502198756,-7.245082886394149,1,buy
20,17853218.738723803,1,36734713.305850424,-1.9321100491730379,1,sell
20,2324413.1880729115,3,4474743.139340498,-2.3474543087710193,1,sell
10,4768672.077223421,3,8986313.438582182,2.5458168454011467,0,buy
30,7292845.740153841,2,8360008.031351648,-6.987727085223177,1,sell
5,23796628.771534245,1,50485044.29020325,5.430083537122211,1,sell
2,26646638.71667281,3,47788082.04628403,6.356781048785009,0,buy
7,35122395.1208174,1,36403152.011436306,4.704626975144034,0,sell
5,7331492.68270674,1,11499218.342080107,5.807201188154826,1,buy
5,15120006.190031014,3,57096223.78462403,5.215323695848991,1,buy
1,1548622.1874344328,1,6183541.8316616425,7.984297882926837,0,sell
5,9128701.089222824,1,16963227.659488313,5.74709756946382,1,buy
30,2645574.0659113606,3,6659293.073318681,-7.404727692989512,1,sell
1,5413448.855047625,2,15712787.712881273,7.418796051013853,1,sell
7,11946282.89405714,2,57851198.28264985,4.3821661828269,0,buy
20,2732822.3444026057,1,52246687.850772485,-1.5907586269447211,1,sell
10,1226481.06534609,2,21938265.126894172,3.0864933023865033,1,sell
10,1040847.2882497322,3,5903938.642431274,2.634722635364285,1,buy
7,1090557.041381329,3,8009272.633088617,4.271176376498801,0,sell
7,1033203.7019659565,3,5070362.4417897565,4.293036040148162,1,sell
30,1539890.823405221,1,48796410.44129158,-6.496559603249021,1,buy
3,2552020.404485844,3,18491110.66061873,6.378708499504462,0,sell
20,2376012.4770654966,1,8166579.060981674,-1.4678105464467652,1,sell
7,47482963.24179767,1,48531499.566688046,4.4542328185869415,0,sell
5,3310512.2091335612,3,10971516.556790076,5.187533793193393,0,buy
30,1646205.6535794542,3,48599330.5191357,-7.194229022623471,1,buy
10,8450733.342382668,1,16189376.032135757,3.2721580162502835,1,buy
2,28684281.884024486,3,30725725.863297366,6.244107602620712,1,sell
30,14190713.801781809,2,15280990.207094451,-7.304499197633489,1,buy
10,3184451.1290121013,1,7189714.191551639,3.5596098980048967,0,buy
1,8998476.96877601,1,45309787.51794368,7.746941267702111,0,buy
30,16387732.172369141,3,65718234.45754084,-7.647956841506356,1,buy
10,17259479.4262792,3,57638132.90393202,2.474551782728008,1,sell
3,13565282.494286263,1,30913812.80051001,6.7034176386969335,0,buy
30,30163434.573532466,1,39040465.9261407,-6.67645684100271,1,sell
30,30080363.10115322,1,40162626.62765744,-6.974655195152033,1,buy
20,9629325.088476017,3,17865608.001122203,-2.5844559739569277,0,sell
7,5374190.752438253,1,21269008.79495769,4.771835897851103,1,buy
20,12302933.819535611,2,17451105.814289536,-2.2679798685786503,1,sell
30,24553739.70246159,2,38261216.871481605,-7.250355244806111,1,buy
7,1022357.427666443,3,2631577.1088786433,4.367480814867914,1,sell
10,48458856.609172426,1,51286393.99658878,2.966634581084948,1,buy
2,2045177.6270203164,1,28368705.111073654,7.494433127413226,0,sell
2,6294176.558861963,2,40605883.56941839,6.938977061155917,0,buy
30,30307656.91700553,1,38544462.7360725,-6.79387605699971,1,sell
3,2411775.548148217,3,3543518.9330819855,6.104429828569106,1,buy
1,6457446.007703777,3,44032558.684860736,7.031673266162656,0,sell
10,1679782.8665795845,3,17267629.188598447,2.7636658119495383,1,buy
7,4690539.809543558,1,9742047.557211712,4.903933514086788,0,buy
30,1999621.6231312943,1,12389916.564601371,-6.498785695377638,1,buy
10,4147559.6229074956,2,9520036.467236161,3.084116750441103,0,sell
30,4310270.261341125,2,10484707.607329197,-7.093539794106468,1,buy
3,48681884.39587754,3,80793589.09034592,5.686859581668907,1,buy
5,48995646.96601195,1,50873567.90193395,5.444048629203887,0,buy
5,1566817.610959586,1,3066954.019438423,5.965245629747862,1,sell
3,17115877.918862537,3,18126610.01032235,5.87607307252733,1,sell
7,1224373.772167698,3,4640054.108217105,4.3682409311498755,1,buy
20,1125369.986615012,2,2905499.36438646,-1.8963616568835953,0,buy
3,1509938.0410045097,2,3874489.4333533677,6.728789421745482,0,sell
30,43684882.394716464,3,44729830.43163599,-7.81250566652385,1,sell
7,39673356.61302561,1,42105550.5116682,4.439727046654813,1,sell
2,2135391.6966595002,2,5810473.392916918,7.01739996748858,0,buy
3,1882246.284967924,3,3013688.1116217086,6.2987603668624095,1,buy
7,2562488.33449773,1,13347257.964008505,4.8518588384647705,1,sell
3,7514479.063198934,3,16769443.008596722,6.19128275283363,1,buy
3,9287762.06701949,1,10749470.919053765,6.7720796043464,0,sell
20,2379471.9604984904,2,12633718.723364476,-2.1027358238076834,1,sell
20,19296539.000655845,1,69033935.95987478,-1.9576623063600564,1,sell
30,3356769.724776413,1,43593661.12457509,-6.503356873585331,1,sell
7,36870027.55115285,3,37880531.319961205,3.6008809731001534,0,buy
7,13054257.631492017,1,35509817.78750873,4.772104885376254,1,sell
1,5512487.154725784,2,9500575.383734463,7.321193791301839,0,buy
3,21980461.01225236,3,23263210.260864004,5.862707263532622,0,buy
5,24525191.98537692,3,27708411.59760295,4.9409669388168425,0,sell
3,3115441.026616101,3,6636073.5003327355,6.163584901515772,1,buy
3,3777155.113376087,3,11521349.890284503,6.1813911955080725,0,buy
7,38918826.03939996,3,52197707.40617615,3.8111047531908326,1,buy
3,1904978.5182677954,3,20638655.03204197,6.087070593963194,1,sell
10,1179267.403105045,3,3796135.8656910527,2.653673732152728,1,sell
3,5907808.011531942,2,9428909.534372114,6.251412215077495,0,sell
10,22973733.96736801,2,26315155.522297505,2.750219788658591,0,buy
20,20466376.818922505,3,24599506.752054136,-2.673020796468901,1,buy
5,36496814.196914494,1,86429633.00702783,5.448544731850351,0,sell
30,8051780.648340195,3,29026798.37697086,-7.486514102183556,1,buy
7,1479131.8046951653,3,46818927.10071813,4.400627162237294,0,sell
3,10003797.897522204,3,25055128.66335558,6.015806336356545,0,sell
10,21012164.894048907,1,25912680.0393053,3.2702053258397883,1,sell
10,1440660.5930194615,2,6034371.677697561,3.1053937578747215,1,buy
20,1964896.8005759614,1,8727045.396314114,-1.4860827204739087,0,buy
10,1049256.0079821404,1,6157236.825533205,3.6245682204188805,1,sell
30,10199947.243058499,1,35744684.84442899,-6.671577430415864,1,sell
2,32102224.955735825,1,38268522.429661565,6.914716415654156,0,sell
1,13785955.01130254,3,16964584.666504793,7.047952642431193,0,buy
30,46607590.53614079,2,67331150.1181236,-7.365737771779514,1,sell
5,1279653.1935683338,1,29569763.878236536,6.19279166286041,1,sell
30,34211471.74755807,2,39391071.309141405,-7.236271229948788,1,buy
20,24158924.78746471,3,37791777.17440104,-2.9022167237742806,1,buy
20,3418904.0874463925,3,4677560.344705085,-2.3551806106816002,1,buy
30,45080882.58537054,2,53015845.50916658,-7.334971378280174,1,sell
3,3084591.072163758,3,4276990.0739453,6.105533544871319,0,buy
2,32426647.499339916,2,33547618.46074028,6.667353889330711,0,sell
3,31359231.69035659,1,42357921.04194169,6.483599048282743,0,sell
3,19374814.99190053,3,22650919.26306648,5.829933807641227,0,sell
30,9063990.326085607,3,27325991.48968491,-7.571089319960675,1,buy
7,1599120.062806471,2,34897062.018948905,4.576346898797057,1,sell
7,8013163.793739379,3,9738292.18665076,3.9442022653415654,0,buy
7,4038184.3004723885,1,21057518.6499478,4.64985674803153,1,buy
2,22179562.549805157,3,29663911.773704,6.272791887082542,1,buy
3,19410592.008626666,3,20961147.248389542,5.754145878407633,1,sell
1,35245472.37943794,3,48040354.6289732,6.670346677540693,0,buy
5,1059731.8841063592,2,11910633.283244807,5.552988767102058,1,sell
7,23694202.500335656,1,31211471.05475705,4.591310782589661,1,sell
7,39302382.5431412,1,76803722.5593729,4.448228039349834,0,buy
20,21927937.639167115,3,29606833.424110882,-2.7636567048809244,0,sell
3,1664165.3761931888,3,49842908.93906184,6.234029894870296,1,buy
3,1374329.1594089465,2,8705350.438101668,6.813974885096038,0,buy
2,1084964.2722857795,1,2658328.0155063006,7.600701241730103,0,buy
2,11700900.30504623,3,18000552.077134345,6.529948906959069,1,buy
7,11743429.585373467,1,13784091.684648726,4.712555744237203,1,sell
3,47504723.794166565,3,57844517.641456075,5.955461493769824,1,buy
1,4745297.151581227,3,19797871.282366272,6.948985471532602,1,sell
5,3663522.155256577,2,9913197.933091378,5.301541542177507,1,sell
30,11504803.919894312,1,12970332.902064625,-6.68515082434903,1,buy
3,25274604.586438827,1,31529321.795749772,6.678122027577398,0,sell
20,39043688.66856486,3,40418959.61262199,-2.9428896945503737,1,buy
30,23146422.06842252,3,37564638.40577475,-7.6967457546768365,1,buy
3,5307699.10605917,2,27327424.89572533,6.623539782853724,0,buy
10,11986716.700068345,3,55144120.25935093,2.508306541488066,1,sell
2,28498819.508036207,1,30288643.4639108,6.931947016707898,0,buy
20,6816024.522883669,2,14843263.265585333,-2.2971904559821743,1,sell
5,2334232.480965365,1,11543582.167142877,6.131791586278736,0,buy
7,1942473.1890121729,2,38862325.97022076,4.5132653250712975,0,sell
20,1000617.290863974,1,12634487.029100213,-1.3032736877078577,1,buy
3,16605991.429637814,3,18372909.95150396,5.940142584480174,0,sell
7,1544368.11068765,1,7056858.0615198985,5.030908070731274,0,buy
3,2595824.435319786,1,15550361.439597502,6.878774537610994,1,sell
7,3206881.7952971277,2,18686571.27637161,4.670297262295967,0,buy
5,8955061.51318955,1,38219273.56747663,5.539413704775259,0,sell
2,4743702.855882802,3,6769874.262020736,6.670838088262226,0,buy
5,14003960.436882641,2,55369773.519443944,5.262721486675287,1,sell
10,1243163.965939859,2,2503470.2075547436,3.0903902921154867,1,buy
1,1623936.238947216,1,48546567.51676056,8.01349976931256,0,buy
2,7049289.8862505965,2,35712218.46286583,7.013226198899009,0,buy
5,3736741.601261089,3,16973561.27870406,4.973043745703289,0,sell
10,3181105.189868217,1,20912190.047902014,3.455664511806857,1,sell
1,1299806.473964211,3,2628734.7361268504,7.319604440382125,1,buy
10,33250640.09909933,1,34426818.074797496,3.0425304537728786,1,sell
3,14975420.511428386,1,16464428.527589846,6.574378908365357,0,buy
30,1609257.717025042,2,3016671.191770402,-6.955281357147357,1,buy
3,1289766.614582909,2,9800839.244168697,6.839065972769807,0,buy
7,45318882.51245786,2,47641795.12324635,4.209434849708687,1,sell
2,14364540.263493717,1,43302211.29345702,7.25120938291883,0,buy
3,5119709.780119155,2,10838623.441868788,6.662497564971402,1,sell
20,15567539.966419239,3,30760816.313793156,-2.6999112690493465,1,sell
10,19274584.223412283,2,32133720.58143405,2.7445365538762267,1,buy
2,21141333.947909705,3,24636121.00741383,6.336770669776282,0,sell
30,6484839.1462285835,2,9073853.233112715,-6.963062423694682,1,sell
20,5374745.582587175,1,9192631.583124787,-1.8214753756673385,1,sell
3,1044086.2691852817,2,23612377.67512734,6.701679114820817,0,buy
7,37513945.741284855,3,47423788.86946177,3.743860519176639,1,buy
5,10592585.758233575,3,13288801.143510971,5.020400130411102,0,sell
7,2213871.6839183783,2,26732522.853554074,4.534687921103677,0,sell
20,36507208.44184845,3,37746103.59662791,-2.630358996835681,1,buy
1,35846095.46935671,1,51259251.73963277,7.591479361418372,0,buy
3,47928542.68336951,2,53500645.197276376,6.028471905855741,1,sell
20,30548921.525447935,3,48024856.91415645,-2.6667119383904083,1,buy
1,49568496.444577865,2,87215368.26277871,7.089379594529244,0,buy
1,2604440.8234257833,2,21409964.62710014,7.602130278769909,0,sell
10,26974709.81712211,2,32609605.514736757,2.57612187329857,1,buy
2,25020754.94207337,2,26825862.789636713,6.67913951244929,0,sell
10,2468088.5833177087,2,25908548.084285796,3.1633137257880506,0,sell
3,1469746.528439326,1,7533267.31978955,7.181487708002376,1,sell
1,46132402.694044076,2,47475023.51717167,7.156392463057336,0,sell
30,3183734.42643412,1,19842911.801628783,-6.601220942636591,1,buy
20,30173037.257484365,2,33305224.64036587,-2.377394753486622,1,buy
5,1016276.5673113933,3,2227040.946527399,5.227481490404328,1,buy
1,1085726.6969009524,2,35263746.4014629,7.617160645395767,0,buy
20,6187302.92689697,2,12806026.821613966,-2.1642363553958424,0,sell
30,2544304.50909858,3,5545846.350097368,-7.351694535963032,1,buy
5,14860028.703692244,1,31346179.705167703,5.627539508715587,0,sell
10,9138540.158851182,1,41136446.76358222,3.3159204594836527,0,sell
10,1354085.3693178117,1,2355287.375745609,3.5895568739919343,1,sell
2,1889298.576268522,1,16634144.196214309,7.612174884399635,0,buy
20,4563353.051885477,3,24660289.590447564,-2.376223807817947,1,sell
1,2066977.4437684987,1,4340296.5501727285,8.072453029029365,0,sell
7,22180023.64190335,1,28969811.463910144,4.542855984569857,1,buy
10,5092028.783442258,1,6510087.011287358,3.3993420647620582,1,sell
10,1441245.416726823,1,20006702.716771163,3.568864074573087,1,buy
2,6650955.816902652,1,34180711.39436553,7.111895886404605,0,buy
5,1426695.675600195,2,2953579.1181804594,5.63991639562541,0,sell
2,1656001.0749052647,2,26042052.219933033,7.022099922468627,0,sell
30,2553229.874711843,1,23011766.96978485,-6.695933002154006,1,buy
1,28861027.531991992,3,32746066.018394344,6.753245714955752,0,buy
20,37229650.401112564,3,52115759.77742118,-2.8181442155880987,1,sell
3,25338861.516274698,2,26339049.795778718,6.128913030311098,0,sell
3,3694767.9824492554,3,41985728.889169455,5.955683587505712,0,sell
20,2903209.198652952,2,11514824.240748383,-1.7856649230780786,1,sell
5,8570359.633228157,1,19892723.887722924,5.645913466966091,0,sell
30,16842512.07092092,1,30308443.750215366,-6.8667946594527995,1,sell
10,48720369.14539713,3,57710150.34412949,2.272205050725855,1,sell
5,1673149.2879588846,3,30223808.862600096,5.318905069689304,0,sell
10,1212678.360148591,3,12073561.089466888,2.6602530792031267,1,sell
10,15124806.519017493,1,49979157.18344344,3.161547550035455,1,sell
3,25937412.14430704,1,35695482.80784286,6.656019697677504,0,buy
5,27410767.138209324,3,29363900.336644363,4.82198882987812,1,buy
30,14213113.3289075,3,49867697.80299639,-7.568994630177575,1,buy
2,41768053.3439534,3,56158181.902148634,6.108236721615089,0,buy
10,7382131.299353643,3,22798641.59917104,2.410832152564034,0,sell
7,35689785.01443312,2,82929137.27989236,4.136555431914531,1,buy
7,44084283.902496584,3,45426296.80112086,3.688092820724834,0,sell
2,27497620.15243185,3,32845307.194880538,6.308145423753459,1,sell
7,3359467.991568941,2,5907564.66489383,4.408469117541165,1,sell
1,2154589.3345954553,2,13932700.621535076,7.679923092002363,0,sell
10,8535707.987975594,2,32018452.324286867,2.7519047647608312,1,sell
2,5883807.72900447,2,49709916.19872919,6.951245940369659,0,buy
5,30994532.806914825,3,36914852.37529888,4.692027265030127,0,buy
10,1478940.8630085995,1,23144065.44511135,3.5134639609933496,1,buy
2,2740896.4797311355,1,38885473.54139938,7.298030235365132,0,sell
3,18935808.637577936,1,33421839.73183038,6.63211958130549,0,buy
30,1450038.2571991205,1,4034650.0746398214,-6.390455727939893,1,buy
5,3507269.3332737726,1,14289930.786664795,6.034125364724734,0,sell
30,4547423.497162618,1,49002302.74198174,-6.642082232557176,1,sell
3,11422684.597484902,2,59046516.09235577,6.204626850662358,0,buy
10,1856361.794898645,2,14197353.843246352,3.186659391728756,1,sell
5,28982858.37837552,1,61116917.977592275,5.618335676266436,1,sell
30,5759182.4049328305,3,7948897.234408939,-7.485427570473391,1,buy
7,36140352.30129487,3,38759018.65721141,3.6957043039445754,1,buy
30,6235868.512133975,1,47819984.33595881,-6.692824628152755,1,sell
2,2932818.248794047,3,4630126.984646595,6.63787302783944,0,sell
10,1741658.1873419452,2,3853610.4914505924,3.195860792606089,1,buy
1,1014758.7471128673,2,6196783.167440251,7.612969095007524,0,buy
30,8018988.7569414135,3,18057886.25546674,-7.58694413524112,1,buy
5,1520743.6574898441,1,12134456.73599108,6.012218024004666,0,sell
5,4629496.075501013,2,7763203.746478293,5.329178667661558,0,buy
20,10026631.332706619,3,46678438.939374596,-2.4847897141003044,1,buy
30,2940235.1788441064,3,38809897.97670812,-7.306292231136065,1,buy
10,1984727.1779336117,2,6620390.235299153,3.1246565261348147,0,sell
10,20712322.44694931,2,26180576.573876902,2.97719260372208,1,sell
3,40604091.90237732,1,56218356.32089833,6.599933628168364,0,buy
20,1481307.6209303099,3,14859891.349527417,-2.125749952067098,1,sell
30,1837990.634463031,1,6299801.545261165,-6.4872497587175175,1,buy
7,42759508.883609846,2,47815293.42661902,4.069148027502377,1,buy
3,1159295.792070329,3,5061479.624494358,6.133453255611954,0,buy
20,45810814.671086095,2,48322192.5602188,-2.3559498957357725,1,sell
30,1018335.3911033188,2,7021266.183868035,-6.748685044896783,1,buy
30,30502598.60138595,2,45165874.29358184,-7.231237861045498,1,sell
3,3327639.4480794575,1,21548931.81335774,6.865322883196985,1,sell
7,39321883.88792135,2,60373379.96817698,4.203526852265641,1,buy
20,3455258.4553611707,1,7786959.247351398,-1.719957971455642,1,sell
30,12931437.762163682,2,32842462.802040838,-7.183567482723573,1,buy
30,1367643.5933890624,2,2393463.269369825,-6.7929331606682615,1,buy
20,2580542.88491543,3,9044426.597746339,-2.2809328152001003,1,buy
1,20628041.793664314,2,42954496.32969003,7.317791718364842,1,buy
3,7910818.256329791,3,19671353.33823658,6.036350111375119,1,sell
3,37721729.88909724,3,44110525.99442688,5.7543522192804915,1,buy
5,5351010.240282317,1,17802675.379748996,5.966804145716992,1,buy
7,30045893.181543555,3,64789432.26257239,3.77288540831385,0,buy
2,5791110.097125275,3,14958921.915501928,6.529596157618544,0,buy
1,46101329.74166004,2,68947465.28975475,7.270427936314945,0,sell
20,42729697.97591426,2,89101339.73871787,-2.6553771570677585,1,sell
20,3624043.400868874,1,19427031.437863745,-1.5399307836004148,1,buy
20,32000572.06668615,3,41420840.44018988,-2.6706452570907837,1,sell
1,27546492.00622814,3,28704435.854298033,6.749356793938306,1,buy
30,2280025.3495726655,1,6607422.11798032,-6.52453552157544,1,buy
20,11498750.875317987,2,20632945.130166277,-2.1759108475506013,1,buy
20,1328877.8850552219,3,23945620.339840516,-2.2649544961675154,1,sell
7,26396504.281647522,1,31946937.687697582,4.591650205191988,1,buy
10,1979466.7925911734,2,44746607.247694194,3.133356447612035,1,sell
10,1319204.2856661219,1,4215010.081992882,3.4982487415023407,1,sell
5,4785862.736967578,1,23193469.62022657,5.8594146225612755,0,buy
5,9553739.786737684,3,14705098.68510446,4.818923328541788,0,sell
20,28345117.96760649,2,35039028.056585096,-2.3744209608126683,1,buy
7,45207326.87506622,3,68297483.7725666,3.606836963109059,1,sell
20,5580647.560265608,3,8766758.13757945,-2.448178168213878,1,sell
5,1266769.2394840934,2,2727199.355876695,5.559776056276485,1,sell
1,18738071.79187705,2,26392251.117298696,7.111241277337537,1,sell
1,9124570.048636066,2,17038754.79172205,7.221959781622656,0,buy
30,5767053.2315611765,3,28380363.07679983,-7.5719607163839555,1,buy
2,3353038.5637920517,2,47524857.776692055,7.117590406012366,0,buy
10,7137728.573782312,2,8379249.966459681,3.0521723298050683,1,buy
7,3761893.436186921,2,13883808.012544092,4.462965066330816,1,buy
3,19325932.406132307,1,33696429.38112738,6.496449385835088,0,buy
10,8395741.837280896,2,55694193.611229524,2.843596768059051,1,buy
3,30884321.637001857,3,70826569.32195029,5.912481015446806,1,sell
2,8384261.341656664,1,24618520.6567012,7.296798578902022,0,sell
2,2539806.869004652,3,10240052.132675596,6.51094619574568,0,buy
20,27924125.34880343,1,29805279.126167085,-1.7282754764169246,1,buy
5,8845012.340705475,2,13339750.982853118,5.329829605198144,1,sell
2,2246036.033693578,1,12111222.061119981,7.422501289012651,0,sell
2,11463601.129520414,3,28528107.150475718,6.543072518211349,0,buy
3,4052752.232427815,1,16062248.428362226,6.913063626174826,0,buy
5,27203188.241645068,2,43543984.67296558,5.322262371381416,0,sell
2,5890371.130439697,2,11249784.21878421,6.914296337961005,0,sell
10,17147549.978508007,3,34374839.043565914,2.356659766295336,0,sell
30,1453159.0505045387,1,3207896.247456355,-6.504932323977652,1,sell
2,4707967.816440413,3,6596956.111223275,6.577769914294381,1,sell
30,46827147.96071639,3,48717953.78546928,-7.793855493019887,1,buy
5,23634682.989759058,3,56259857.24070355,4.74451383732659,1,sell
20,1869539.414955049,2,3215956.4348580316,-2.0650541371480404,1,buy
7,2964236.074815783,1,25964810.5586824,4.98088580080489,1,sell
5,3633684.0804086076,2,6127302.226617172,5.534430093955995,0,buy
3,12733611.020462468,2,18983156.28638371,6.283399599863278,0,buy
7,19324639.0053876,2,55314716.43235712,4.3404316870157045,1,buy
10,18768226.060531992,1,28664911.750261083,3.1652206060947172,1,buy
1,7349549.641936984,2,9624561.403684184,7.4377204240064625,0,buy
30,23853920.78433692,2,26892429.532152634,-7.286969784338522,1,sell
30,5528184.795561954,2,42156016.03989436,-7.22094125985167,1,buy
30,1623563.819092607,1,6941029.752993491,-6.343737682499141,1,sell
5,9098499.1356861,1,19035852.393626995,5.799245204383614,0,buy
30,41488858.63890314,3,47534063.26603274,-7.904033447771327,1,sell
20,22247049.818763446,2,26642010.155995224,-2.321075387736151,1,buy
30,9620442.36038314,2,12015657.561587917,-7.089850698739892,1,buy
3,12557506.613845449,1,27206870.8258745,6.863044209763309,1,sell
10,38106316.57423075,1,54712569.89076285,3.070395580102364,1,sell
30,5342463.44581996,2,8273501.9608451435,-6.983186132477417,1,sell
30,3656189.5385913355,3,25559298.086200945,-7.234032855618017,1,sell
7,45740836.84600833,3,74043654.47424388,3.873703223258531,1,sell
10,29306501.98547077,2,65967085.41944633,2.7083101285936984,1,buy
30,3538680.5609931205,3,5417543.308021185,-7.327928104721313,1,buy
5,6136903.913376088,3,9420556.65070619,4.923858991421609,1,buy
2,5072304.1901164735,2,34026701.57200837,6.945799532009928,0,sell
20,1791880.6754452698,3,3966152.5560710025,-2.248814456257339,1,buy
5,42394185.98333338,1,43407847.1481636,5.483372744355098,1,sell
1,4863116.7177318,2,35028543.84408775,7.324739279610372,0,buy
5,30701377.048887253,1,34287521.75069919,5.570845970749527,0,sell
7,2097541.44606272,2,7158337.804653222,4.409553982999458,0,sell
7,8527388.971860189,1,14259414.575377487,4.9222887047254895,1,buy
30,1098271.400679797,3,28716327.152292646,-7.220110150493297,1,sell
5,19878686.229520548,1,23629008.75471724,5.74770610707516,0,buy
7,9704100.557936061,1,42510363.50764425,4.663505278197107,1,buy
2,11557341.265873471,1,22730117.22073032,7.174340986150618,0,sell
10,1224255.9631092497,1,9091893.212215994,3.627727795995048,1,buy
5,2283220.17230452,1,5857670.617778199,6.12266643127167,0,sell
20,1337475.7685617695,2,3932006.7541293167,-1.82601067650908,1,sell
2,3096397.843895755,1,14584719.19728345,7.34396625397563,1,buy
30,11641261.730915071,1,17385861.455275457,-6.689085106412383,1,sell
10,9160791.616805136,2,44392961.33414014,2.7531737329585453,0,sell
20,10965392.587476255,2,17808910.867366064,-2.037095565771633,1,buy
30,8573564.80522415,3,15978550.294966701,-7.4233786796586925,1,sell
20,2909830.784476763,1,8014884.954352615,-1.6396373419518175,1,sell
30,2602620.8449589107,1,24527345.979640163,-6.559173811743822,1,sell
20,1709465.3060744943,3,6979203.678453741,-2.3333320826699353,1,sell
10,27704221.321528316,1,30572385.30873871,3.128583671994332,0,buy
2,11152697.902474158,3,40297734.04602816,6.477049980872378,0,buy
20,2074324.1124497277,2,12401777.555986378,-2.083398690639899,1,buy
20,2000199.990155145,1,12115019.105859535,-1.4544629811204581,1,buy
3,30427151.697228696,1,41335741.4178474,6.566385848562577,0,buy
5,18275844.694549073,2,34920973.879720986,5.132514641386919,1,buy
10,13191654.177448964,1,16594898.45673839,3.2653509105465726,1,sell
30,4911904.501489789,2,6053469.306644117,-6.88570114031024,1,sell
10,2786689.784640127,2,26619401.847358868,3.053851427206718,1,sell
7,46137862.163513444,3,47793654.315997675,3.852062000455228,1,sell
30,22619662.68490881,2,39459972.69406879,-7.196249251092827,1,sell
10,3256220.8141986066,3,4636132.278211652,2.7021656262368445,1,buy
2,27541473.108059477,2,31882942.7246751,6.737963631451779,1,buy
30,19471643.78813466,3,20751259.023180667,-7.677476482891221,1,sell
30,3196913.9235651153,3,10909950.263458543,-7.452444992460314,1,buy
10,5305184.653066807,3,18177541.97315535,2.8515769171231713,1,buy
30,2069804.4957271912,3,4025313.2504585953,-7.294304381730633,1,buy
3,1544097.6851974358,1,5823510.437540809,7.048757306650727,1,buy
5,16902502.703322005,2,54960768.259209886,5.374979161878238,0,buy
30,2847702.532376443,2,8491947.315056942,-7.149864995557138,1,sell
5,24731830.658593133,2,47825739.69531757,5.265538226352379,0,sell
10,49148394.65234679,2,86754561.65435567,2.737416133633356,1,buy
20,1349505.8315914117,3,46575105.124367796,-2.1137615802874894,1,buy
1,6363154.797462273,1,39954095.45461753,7.873498567719487,1,buy
1,23050493.606600773,2,26511976.05192301,7.118146870392705,0,sell
20,21897972.604989205,2,65087898.66771774,-2.1834829562830516,1,buy
20,19552953.857059363,2,43554274.97013006,-2.3670771387869616,1,buy
20,3916804.785483236,3,30361356.236138303,-2.2586730437611733,1,buy
2,5903139.791010429,2,6964293.863119504,7.005818781376627,1,buy
1,10252585.333322847,2,52057101.91868059,7.305173154293716,0,sell
20,45153959.331748284,1,66141036.0935144,-1.8764206154482164,1,sell
2,3601579.356070664,3,23773801.44184471,6.588037645422739,0,buy
7,37016365.514965005,1,38392015.89493753,4.556102004856666,0,sell
30,2868331.381714049,2,5352190.589967303,-6.889484072034526,1,buy
2,47907978.82128729,3,91045352.98234916,6.2013342526825355,0,sell
1,13764419.459300429,2,20854241.46272768,7.2757347215415376,0,buy
10,6130446.43040716,2,10872307.646403505,2.859375152237437,1,sell
7,11018740.06913785,3,37750912.497189365,4.026406600610699,1,buy
1,2904171.6489517703,1,4311478.31154369,7.940819327562007,0,buy
30,2922894.6334277317,3,8032319.051768571,-7.259509261138755,1,buy
2,1559285.9434072557,3,5907434.227681553,6.67462611826534,0,buy
3,1562312.957713267,1,5492262.845277067,6.934170022428237,0,sell
5,3896582.3598745447,3,7229003.589476257,5.201539079164934,1,sell
30,19772818.25945697,1,22047449.76529374,-6.964921416819897,1,sell
1,10787598.575238913,1,12754444.17136476,7.67998497735929,0,sell
20,1493784.988992534,3,13740815.032972034,-2.2025335449784924,1,buy
2,28049446.292944845,3,64526878.36184502,6.469128224003533,0,sell
20,10512489.132244153,1,17832701.52215545,-1.7240014128885637,1,sell
20,42900741.97658886,1,46108856.22771923,-2.0823211704484796,1,sell
20,13760208.244191984,1,15624047.27381844,-1.8926165709860712,1,sell
20,1984343.4361563649,1,27711315.594600365,-1.5054048967616183,1,buy
20,6381807.809482439,1,51105316.03731448,-1.6201222536237365,1,buy
7,12640899.138572846,3,16560163.459715791,3.8162934147459735,1,sell
1,1116916.9437074948,2,4238077.039228844,7.5935625232377815,0,sell
30,1060064.013495454,3,11577708.452980092,-7.214891673856405,1,buy
1,1659020.7444394298,2,22420614.17642878,7.693343177592666,0,buy
30,2676518.9729585047,1,8615551.49019522,-6.680053059849685,1,sell
5,5367735.114550472,3,17129578.2260526,4.805876987176018,1,sell
2,6732040.86872627,2,23228676.164198916,6.8979844406311335,0,sell
3,1715950.5464223393,1,44572527.83569729,7.289168530290741,0,sell
7,13933880.90040743,3,15841068.762758475,3.849625534200475,1,buy
2,10299607.747754956,2,59790232.91395377,6.960292665933669,0,buy
7,3164358.435164401,3,7801628.5558221135,4.02099937898877,0,buy
30,1054891.3525398502,2,17986388.026123166,-6.7958585990195886,1,buy
1,1354944.4147772444,3,10741685.91831714,7.362653190426489,0,buy
20,4628898.676258053,3,11340642.662596785,-2.448128812651859,1,buy
5,1826408.0138454172,2,17172899.834097628,5.488072320852609,1,sell
5,4367221.3847538745,3,9070209.926371854,5.080062504804288,0,buy
10,11675175.09011243,3,13312960.792753655,2.505108473227371,1,sell
3,8506285.895408243,1,15276699.386108037,6.969084837543771,1,buy
5,2470363.6663288814,2,10174419.277941946,5.427783990099922,1,sell
20,3838345.8117112517,3,6041402.652324747,-2.3716770823206055,1,buy
1,11046395.485943405,2,49914129.48609255,7.246992568067682,0,buy
3,29011278.670361493,3,31446140.381678622,5.799720976208036,0,sell
30,19040881.01985924,2,23998411.662763078,-7.3377513903511,1,sell
2,8713849.323011579,2,10547095.933644481,6.801080568657789,0,sell
30,4125959.2743965834,1,12259926.727314355,-6.455347664127689,1,sell
20,4170721.305967785,1,7502430.35482974,-1.6123996665580984,1,buy
20,31196339.029295184,2,37976801.794446975,-2.456647338475192,0,buy
5,1165933.171876111,3,3573716.5029126564,5.259739879043906,1,buy
3,47703789.24967917,2,48937923.284378216,6.1732175959299695,0,buy
1,13450978.999853063,3,34531566.334849805,6.922544801445396,0,buy
30,14362581.94491324,2,26642242.63595538,-7.1620258890962,1,sell
10,1160264.9842074772,1,4952593.438732812,3.767834263671272,1,buy
30,10685038.092774289,1,11889217.686012851,-6.665979900151611,1,buy
7,6662287.696881803,3,36214232.574744895,4.148853923281271,1,sell
7,1512568.981155831,2,3455586.0701488685,4.675276809341515,1,buy
1,2966068.385266487,3,41099256.040491275,7.220856719296812,0,sell
1,32554989.194483876,1,39058070.62862896,7.4968927120459234,0,buy
7,8598324.301288364,2,12385424.62397483,4.444593414715196,0,buy
10,5039440.9479529,1,23245967.618897036,3.5080018835832263,1,buy
3,1328877.0545841728,1,32212187.6753596,7.078364759920223,0,sell
7,16340714.963149216,2,20604852.70341608,4.229778048274611,0,sell
1,15635884.959783526,3,20557014.717060834,7.011786216154837,0,sell
5,11046931.717849085,2,16490990.700028704,5.252517952841073,0,buy
2,7360730.722977666,1,44258423.950808786,7.522943912090559,0,sell
10,5457411.323926854,1,20476564.538209822,3.373257691693044,0,buy
20,10184736.360060763,1,12819510.089399682,-1.9156636532198688,1,buy
10,2491907.2385182534,1,4554003.509421857,3.505052831235197,1,sell
5,39734789.47414027,3,42197354.74347048,4.876575097896558,1,sell
5,10007929.648597773,2,12811988.613752877,5.459305480718654,1,sell
20,3378365.46209112,2,5839157.127964247,-1.9830177973164682,1,buy
30,5807544.927445644,3,18953214.188737035,-7.454668183272808,1,sell
1,23379449.949091572,3,24953315.237451065,6.92891421166008,0,buy
7,1881831.9570611734,1,6432869.885485045,4.808328561399971,0,buy
30,3144263.532655621,2,14677395.768961793,-7.031090669308424,1,sell
3,14271306.989639057,2,17391362.861856267,6.2218178164145215,1,buy
10,3435632.4693658757,2,4726552.149399375,3.095239921869065,1,sell
20,22204274.408822395,3,23581535.85546619,-2.763098760682743,1,buy
10,1665852.5642438803,1,3302721.0012782784,3.451268306960885,1,buy
30,19759726.373725608,1,46066781.059341535,-6.902553398721269,1,buy
5,1306554.4494924895,2,14419201.239976473,5.576538034128968,0,sell
7,1050496.1647898809,1,2337623.8775179535,5.199386948239623,1,buy
10,33577999.29734118,3,38195577.88257791,2.214459696433355,1,buy
3,9720260.228532484,3,12694033.490824081,6.006008954996837,0,buy
5,3960439.1490080245,2,13556054.067092547,5.436748229991343,0,sell
3,2484112.7927304194,1,10215040.756802177,6.959573156995438,0,buy
7,11170444.158823473,3,17738174.06021364,3.9113518129443063,0,buy
10,7324524.600262225,3,10747053.178971617,2.307332673701333,1,sell
2,48383232.12528648,3,50097653.92093787,6.0872853032788665,0,buy
30,46822486.06901199,3,65073004.5306945,-7.9140106143657345,1,sell
10,11991891.484375823,1,43241908.51599693,3.3281986304986346,0,sell
30,5654884.066584393,3,45841744.10651311,-7.336916113339129,1,sell
7,6830205.56273731,3,8087948.45798616,3.956052750509559,1,buy
10,14438147.096894536,1,32513330.26277959,3.235306238837607,0,buy
30,1487894.3816454175,2,18639610.721381176,-6.930649224537604,1,buy
20,3612936.4640101055,2,44267642.51071825,-1.9684986538167708,1,buy
30,1342410.3120146645,3,4032051.270662302,-7.280605447466544,1,buy
10,1332409.528810568,2,19568843.725954454,3.104525864706931,1,buy
1,2151418.989717277,1,3389669.2446351363,8.042654813460953,0,sell
10,6674684.220837625,3,18490604.303219043,2.541000908793661,1,sell
10,21543091.787632663,1,25488390.84889851,3.0541729408870064,1,sell
30,6681022.837957835,2,26927714.724922657,-6.919765634076621,1,buy
3,3715050.301914057,2,33005638.11067263,6.683202311589171,0,sell
2,1380114.9499470699,3,5547081.437313026,6.762458335252305,0,sell
3,8608660.629584495,2,16424128.934821408,6.430493213450136,0,buy
30,2889862.580437457,3,4472808.14516665,-7.1295257550471165,1,buy
3,11085485.619741298,3,16194209.479259737,5.99135639401935,0,sell
5,45731206.301897,1,49833143.866433986,5.377950894800765,1,sell
1,1545680.3763465553,2,3592696.5084721553,7.637523556604606,1,buy
3,2292950.5541895903,2,35382614.22972903,6.538162941862021,0,sell
20,6364633.926138119,3,8149463.670258296,-2.528130568382437,1,sell
7,44222757.361250535,3,56248228.463350035,3.763174075914573,1,buy
20,20477722.759039216,3,53010837.94588013,-2.7112042856261205,1,sell
7,33578744.673807055,3,69011690.65109323,3.84453223116267,1,buy
10,3689534.0061822375,1,25958007.96943875,3.337224769290736,1,buy
5,48466717.81164671,2,50458576.40210728,4.994945439006712,1,sell
1,1495236.4309869262,1,25974110.88017402,8.165112573129655,0,sell
20,1230267.0099881003,2,4180629.1102242675,-1.8589465629086614,1,buy
1,28421251.583856795,1,65329767.33103888,7.666369550339098,0,buy
20,37617956.55599237,3,53639966.694394685,-2.8505135299043305,1,sell
10,1425285.297816187,1,23009986.02550146,3.5273562628347492,0,buy
7,1558510.7266484865,1,2953168.2948366534,5.097118737012879,1,sell
2,1138575.6692791048,3,10913208.377433132,6.702624035085249,1,sell
5,1505064.8535008677,3,26341876.44890616,5.283304975730548,0,buy
20,2268809.26525264,2,31363662.137805622,-1.8061622123708272,1,sell
20,44476548.49755336,2,45595070.18061818,-2.3463974894996085,1,sell
10,13635607.28253261,1,53045328.74581292,3.145463594036742,0,buy
5,21025108.088020187,1,22209870.338208787,5.5709155650487086,0,sell
7,20827520.281695902,1,31895001.760573134,4.558555030827437,1,buy
7,8110997.190745769,3,23178615.521305103,3.8910388981576487,0,buy
20,22641742.759648852,2,24163608.81300489,-2.195610044834438,0,sell
2,10286298.567458184,1,11492919.122995963,7.149323780564373,0,buy
2,3422980.1827492504,2,24977691.288459107,6.9819121594766775,0,buy
1,8980680.456239522,2,13484114.982483083,7.3810278617513525,0,sell
5,8061485.643529298,3,9581966.479187114,4.942673019779417,0,sell
5,25062364.29018137,3,44820671.93621115,4.737367476328947,0,sell
7,46550579.817792885,1,74264795.02020285,4.6304513772468265,0,sell
1,4992855.407901385,1,14945798.457549062,7.792120799875395,0,buy
10,19814260.310931887,1,21693302.369974326,3.1597211092772257,1,buy
5,1477387.2660123035,1,2538746.792696436,5.988282911996169,1,buy
1,20883976.465241626,1,36395069.213104725,7.576332666890844,1,sell
1,4275886.735219466,2,12879300.415913831,7.344181282888693,0,buy
20,1166601.9693095083,2,13921730.013341872,-1.8220686304658997,1,sell
7,4141373.1316998815,3,28216931.191807657,3.9525233303013168,1,sell
1,10900934.175133565,3,16367819.551274601,6.962526628366485,0,sell
30,1594418.9885475056,2,3222020.3581139045,-6.900978093575835,1,buy
2,37145557.90695341,3,76682530.02693301,6.14985263764175,1,buy
30,1355074.2740283597,3,9795881.827979252,-7.360219300899789,1,sell
2,38023625.23267935,1,49124731.29911709,6.811877965710515,0,sell
3,15900304.153048363,3,54433765.35429147,5.941045866019305,1,sell
7,3632211.2238344806,3,41891129.6654414,4.096798314482479,0,sell
20,4611828.193333635,3,13986834.670950025,-2.4187120761229117,1,buy
10,18138981.155316953,2,21342541.311497964,2.8051482222025674,1,buy
30,10516745.367682785,2,59955344.36346142,-7.0027624166237645,1,sell
30,13838887.446776336,1,28183466.69908552,-6.898769079402663,1,buy
3,4583307.654156827,3,9525522.975342706,6.004416416215097,1,sell
2,6741871.541700648,2,15677928.645440226,6.960049380941464,0,sell
20,48056834.85211778,1,53144160.96596841,-1.9203845616558732,1,sell
3,2309130.8325926205,3,34609226.485832356,6.177763883069693,1,sell
7,5127729.735967742,1,11730891.92987246,4.64631639573063,0,buy
20,3131834.7762562595,1,28201585.087603014,-1.797736513142004,1,sell
7,19948098.600708064,3,46704908.20785442,3.8331041997711193,1,buy
1,19862528.526126385,2,45011250.25435377,7.35008341260525,0,sell
5,3139468.0390569144,3,20004096.975183632,5.268159524696682,0,sell
1,1374927.2093838512,3,29715694.120469164,7.080372276169733,0,buy
7,1045740.1311104711,3,5594483.553272896,4.339683651149387,0,buy
30,5323847.837964738,2,6889911.266532078,-7.012104800308878,1,buy
20,4979104.766101025,3,31975415.80618842,-2.499323178475568,1,sell
2,47779847.184219144,2,54800430.46310583,6.621040928860392,0,sell
10,6283181.925054139,1,7929099.408754695,3.29382118505366,1,buy
2,2726761.280497301,2,4296807.784946728,6.93155178864634,0,buy
20,32671726.681818925,1,34536165.132276736,-1.9970857999781364,0,sell
1,6828254.766589403,1,25702997.561434772,8.007101282964388,0,sell
10,10422728.656138679,3,26556064.16921033,2.4694243036913752,1,buy
20,1453912.4965271219,2,3673548.8235740853,-1.9785626717207592,1,buy
7,4472635.33197769,1,31945091.13267328,4.757778141988882,0,sell
30,40198301.23158649,1,43203764.46828474,-6.8108069426056925,1,sell
2,10035799.244010111,2,32282146.901232578,6.797360318707587,0,sell
7,3848560.5017347913,2,10616657.514565494,4.455926182981413,1,sell
10,11560850.166699575,1,29054453.244305946,3.3038527264294895,0,sell
10,35217711.61111833,1,39663678.25018571,3.0197333003107154,0,buy
2,2920799.9443895873,2,6809294.200301497,6.982420440306926,1,sell
7,7214033.477382691,2,34094990.18886792,4.419134571593766,0,buy
3,42538940.061876915,1,43687034.12585349,6.45396630581013,0,sell
7,1962889.6105331732,3,47257740.62605283,4.149733270780951,0,sell
10,16698883.035950774,2,29324064.438568763,2.927554395614517,0,sell
7,11065850.565886974,1,16495556.431600109,4.6489943159220175,0,sell
30,14280639.648771103,1,25949966.638568416,-6.8327082343717045,1,buy
20,3951041.7374001564,3,5567383.470517125,-2.197056655753814,1,sell
1,3414063.8616031236,2,10884736.430623628,7.1609324362162745,0,sell
30,14536227.35621783,1,61704258.17026604,-6.620601889143768,1,sell
3,2323815.1354883183,3,4834057.864692908,6.223333399785567,0,buy
5,5163935.6736977445,2,22034469.502746075,5.494850017805167,0,sell
20,2087868.1978590998,3,7570679.764283407,-2.2678033350184377,1,sell
1,1033022.250433001,1,13871301.660659919,8.051933176550557,0,buy
5,44473197.709466636,3,46702131.94993682,4.617476992309785,1,sell
2,5413154.360396487,1,11712651.652115181,7.338365368666766,0,buy
5,44350234.30866158,1,90604109.30114242,5.50711163700921,0,buy
20,1731432.0445886534,3,3878209.4305711966,-2.261532543192393,1,sell
7,9952187.277155565,3,22010901.741664246,3.917207143087795,1,sell
20,2195072.421369374,1,11699441.872106375,-1.4365086364595783,1,buy
30,21994406.272194754,3,31114634.28175256,-7.5923399483536915,1,sell
5,21452991.9706019,2,32546681.771818593,5.084998604766097,1,sell
10,1553517.5667145757,2,8686764.401117995,2.962928551907,0,buy
1,35446237.859505266,3,36514714.02017927,6.674948462343615,1,buy
1,2141262.6050216667,3,35966237.55759764,7.050014938178761,0,sell
5,11000948.123217784,2,36411390.28107382,5.438726855612609,0,sell
1,47267426.30844512,1,49243966.57176294,7.443962903387735,0,sell
10,31562052.979706813,1,36598667.71768102,3.122601749065996,1,sell
20,42186492.830232486,2,62563462.78362738,-2.38754477557229,1,buy
1,3820014.714737914,1,50068389.545570016,7.985265465972754,0,sell
5,1511366.7005535078,3,42811676.74198443,5.193066053290517,0,sell
3,2089275.3874862953,3,35816787.224012986,6.030223923516106,0,sell
3,7084770.949169675,2,8942885.571428055,6.330374035211174,1,buy
2,22267600.9537192,2,58049696.81135438,6.4485867720925345,0,buy
30,1799312.2533104492,2,32877204.571378503,-7.040978679290504,1,sell
1,13208821.893273333,2,17578270.063845653,7.3381524928901625,0,buy
30,3546080.9326711567,1,8226471.055279578,-6.57473315909275,1,buy
20,3799199.38622063,1,9843853.616206916,-1.6618268029373189,1,sell
5,13322274.224037299,1,26348623.375246495,5.685712112139296,0,buy
1,6214669.046220501,3,8988959.245288938,6.86047778767459,0,buy
7,23967360.450170744,3,25061288.335966703,3.8803579036072784,1,sell
10,1840351.8879238036,2,3577931.5555382776,3.0859404924330356,0,buy
1,21983579.854311865,2,27577853.74725908,7.27877377711142,1,buy
1,1285682.5802354985,1,4299478.958202299,8.108395328208767,0,sell
30,2136445.0236728746,1,22038169.295536757,-6.48809250269291,1,sell
30,13025028.531320624,1,14542998.674779726,-6.888457115424214,1,buy
3,28346082.47159822,2,64549194.00324215,6.214827178507427,0,sell
10,2687169.789064261,1,35886859.35070328,3.49215480312302,1,sell
5,3596571.7108263834,2,38587105.93533442,5.436420024054038,0,buy
1,8176210.048464515,2,26230283.396688327,7.409546237414054,0,buy
3,2287999.1140673426,3,3807810.6688017948,6.0279162723208515,0,sell
30,23885270.12858835,3,29436415.383684177,-7.631791560113574,1,sell
2,20624596.184686497,2,22296663.605896644,6.76652515363374,0,sell
10,1765412.7570104129,1,49416334.05121806,3.6619165799503692,1,buy
3,6138083.632481236,2,9817867.335232422,6.614012010063074,1,buy
3,20720924.775083218,2,30594149.75393775,6.209732271222964,1,buy
20,3742077.3039136603,2,24836391.99962884,-1.9513298923882765,1,sell
3,11902261.872382397,2,48554382.95447787,6.354710341812891,0,buy
20,1217056.0712941338,3,20432610.646745946,-2.257607650452683,1,buy
1,10817924.500219038,3,24812563.109401595,6.757241946944122,0,sell
1,1816991.2424363322,2,8006968.740262076,7.494846948157375,1,buy
30,25771289.849344086,3,36450931.19094799,-7.751712211654043,1,sell
2,4016964.342923466,3,5462342.49824416,6.613672293125796,1,sell
7,3008510.748130911,1,34759545.61910757,5.0692500838643335,0,sell
7,26831512.113495015,3,35223432.14581519,3.785237032885777,1,sell
7,1216727.1278825784,3,2386733.5533247655,4.373946043450809,1,sell
30,4718744.399488794,2,41268638.116921216,-6.893082525765454,1,buy
20,4252309.99204779,3,11033554.07548093,-2.4792777288598504,1,sell
30,3046963.789713525,3,32949422.37807617,-7.511227160228289,1,sell
10,35403260.559137866,3,63967780.606875636,2.2566886861537103,0,sell
10,18871430.23954314,2,43189969.131726146,2.615605732722649,0,sell
2,1284113.8748313596,2,2555630.046133306,7.343383802228247,0,buy
10,16376931.747562986,3,19005739.45645825,2.4877938433675078,1,buy
7,7868019.190196151,2,38595685.12932836,4.524522133943963,0,buy
7,33927161.83873384,2,67606134.73482868,3.986490099837705,1,buy
30,3401615.4614949776,1,9402914.352641951,-6.624118523152372,1,sell
3,9451136.050982194,3,15043781.068755558,5.960832233830889,0,sell
10,7091991.253188379,1,9076068.988000242,3.3397215333270225,1,sell
30,6788116.621208531,3,50975764.22572511,-7.529838069602097,1,buy
1,5955378.827488277,3,8257434.786673276,6.76663849273354,0,sell
1,2235415.77283023,1,4345966.861735886,8.022864566512098,1,buy
3,19227751.04109887,1,32488214.444012016,6.823262272256011,0,sell
3,5845294.2934016865,3,8431036.27448399,6.230194516521573,0,sell
3,42509930.98578455,1,81859937.4497199,6.498328186816617,1,buy
30,2773995.132452693,1,3817586.9322130615,-6.548631858580647,1,sell
1,14453109.871670159,2,15475871.957309993,7.189739034390261,0,sell
7,39650630.799505,3,46857896.64311253,3.743516854017848,0,sell
3,13402807.80618285,2,20151249.184243556,6.259039485912615,0,sell
2,30218056.969682563,3,32112801.111552127,6.2254049974462395,0,sell
20,25460406.29376673,2,32381486.848545577,-2.446137627520521,1,buy
30,4090997.3355650897,3,9095948.79279488,-7.261975150598267,1,sell
3,10461466.600190545,2,43018374.993190765,6.3155844316943615,1,sell
20,1842821.7490776994,3,2879686.5533457743,-2.3415957651195063,1,buy
5,8125356.247553995,2,53692637.23594838,5.401122198896316,1,sell
3,2463088.5108632874,1,13966444.964843236,6.903867077387278,0,sell
1,18347907.404169112,3,20159153.48813319,6.6440369812455025,0,sell
10,7891424.745398938,1,9092150.596398678,3.413715930037773,1,sell
3,4996466.2025736105,2,13204239.88820352,6.456710921375237,1,sell
30,2862056.5046323673,3,5368577.497432722,-7.282541816144032,1,sell
10,49746068.55437009,2,52994481.35882452,2.620142075096801,0,buy
5,1323835.503111385,2,3932824.185420286,5.751848002578841,1,buy
2,1185791.381921844,1,13909779.603335878,7.644064275998751,0,sell
10,2339450.210138343,3,11057695.888172736,2.4478528350312696,1,sell
20,44650155.86302726,2,46006832.064198874,-2.337812891197389,1,sell
7,46099506.37575952,1,53943780.93951196,4.423147194839107,0,sell
3,12962912.107316174,1,35053520.631377585,6.617286306382131,0,sell
5,31280582.24086125,1,32654457.093579803,5.402949610543371,0,buy
5,2309481.8992304853,1,34791262.779226065,6.152463905957102,0,sell
10,44819846.10141445,2,54425471.60525013,2.603141778498352,1,buy
2,1748184.1463599375,2,42965761.2171889,7.072707892133064,0,sell
1,1485281.122761319,2,3270483.6184889004,7.56277065265809,0,buy
3,1551115.1486769342,3,50308132.60265941,6.467395580889744,0,buy
5,9412980.311135087,3,21846677.14406145,5.0574527926037725,1,buy
2,21225214.162647907,1,30433008.75653393,6.89117789238122,1,buy
7,4197169.775565273,2,11703793.1225206,4.616409566757536,1,sell
5,45858088.764958866,1,46955041.891640104,5.421383237030925,1,sell
2,5471000.871303263,2,44954787.957890354,7.0050957713118365,0,sell
30,1801389.2842069715,3,14221552.194302669,-7.334605118041005,1,sell
1,6189613.458777448,1,7620715.656852908,7.646904322406863,0,sell
1,14245043.372151269,2,15330461.595691223,7.241056658663676,0,buy
5,25937411.83995186,2,27157187.266246814,5.224781702849699,0,sell
20,6017741.991383283,2,16865628.248088863,-2.0495221368567016,1,buy
5,10198121.734768204,1,21243835.17515739,5.70880796598752,0,sell
10,2845841.0971079483,3,9907711.461183459,2.644924410613542,1,buy
3,12513903.558833396,2,15834269.325933725,6.325679047642945,1,sell
2,47330027.61811842,1,55336015.91716022,7.099673840122605,0,buy
5,1211547.786364008,2,8748249.147330971,5.801635217203961,0,buy
3,32076650.888673365,1,33155563.957819115,6.568268508209191,0,sell
10,9021964.339623595,3,12041267.6938457,2.3302705341553356,1,buy
30,2681069.429660782,2,3912359.2807792802,-6.887237593049841,1,buy
30,41911091.82277327,1,75743734.49946856,-6.904638001825009,1,sell
3,6625283.433280453,2,23691309.318504013,6.499153348711282,0,buy
5,3660427.321925861,1,52906295.13623838,5.805066112669739,0,buy
1,2034037.8319378372,3,5295256.446343175,7.271757196865314,1,sell
2,2602057.9996466497,3,33684927.464697495,6.684965493825213,1,buy
2,26000729.90130375,1,36582811.64959655,7.158263282026478,0,buy
30,11062777.460714743,3,16949132.787714474,-7.645169835170086,1,buy
30,35610405.09294272,2,37999013.9582449,-7.535507176482001,1,buy
1,2478035.0346276327,3,20446299.87827297,7.024536079266033,0,sell
20,1606241.3553146902,2,35970581.73526728,-1.7843603393620509,1,sell
5,1024100.3923568605,3,3534725.7451245133,5.467504905377547,0,sell
30,7291927.940235732,3,9277944.741317747,-7.426687278786435,1,sell
30,49669927.929549485,2,64905548.55430636,-7.5215280545637615,1,sell
30,15160905.676020116,3,60853740.03767148,-7.621358919454388,1,sell
2,3341589.9896388375,2,22141303.079791225,7.044161887436406,0,buy
5,30885627.594445262,2,33929974.50253599,5.178330177784054,0,buy
10,21287402.98055613,3,26457416.381214194,2.3468471505469095,1,buy
5,1062159.9083551464,3,5559379.9227899695,5.184328482797509,0,sell
3,24424262.233811274,2,52458185.257315576,6.060795042599381,0,sell
1,3240305.411154242,1,23682890.56679707,7.821504291854122,0,buy
20,1795935.4652636936,3,11810950.300507504,-2.4142616886558397,1,buy
30,2423981.5381160495,3,5355868.8969456125,-7.324383266899923,1,sell
30,6253210.266971996,1,45482854.80770606,-6.65800659932827,1,buy
5,5270330.662849408,1,18151727.811834253,5.707453258402798,0,sell
20,3096070.6063250527,3,47642275.69576672,-2.3817451814719997,1,buy
30,1961524.620437009,3,11635421.154661512,-7.118784583238536,1,sell
20,19724556.54346943,3,44566288.08953522,-2.643110101912244,1,buy
10,48102408.65620264,1,72170499.93837331,2.962851706708898,1,sell
7,20962571.878037352,3,24704638.140141603,3.9200888174708446,1,buy
1,3182643.770260686,1,46617890.40385006,8.160151522505439,0,sell
20,2605692.0157814207,1,3695319.1140360837,-1.5261201569208076,1,buy
2,2343191.5601256825,2,22574164.817319017,7.010074569039641,0,buy
3,1707028.733007828,1,45404119.74100389,7.029724531084064,1,buy
2,8643588.169430206,2,12408847.310957815,7.007526295309759,1,sell
30,10679651.293484792,1,23301426.703878555,-6.770673262590621,1,buy
10,15798936.67795999,1,24818809.979443252,3.180048337029324,0,buy
10,14310740.735164959,2,33979550.379277945,2.9336627997953415,1,sell
2,3138090.95525258,2,32759813.332196575,7.035908158920392,0,buy
1,3640730.1495128367,2,14222410.40774687,7.673838603079269,0,buy
2,14383770.77056092,2,38716869.52386394,6.6513673812323315,0,buy
5,3923747.5702739595,2,7316591.059340594,5.5361090993891855,1,buy
30,2297420.126573653,2,4742891.346629556,-6.730079771220805,1,buy
30,4324997.857574105,2,9716272.873933244,-6.778647265035508,1,buy
2,2899097.506368225,1,17071848.389678486,7.395626537981586,1,buy
3,1412669.8111263704,1,3492974.5081626484,7.020491030637645,1,sell
3,25726523.008480597,2,40045037.6140602,6.396167686522847,1,buy
30,28145609.673998658,3,32818152.47036723,-7.746307492817354,1,sell
7,2362376.7972235493,2,24835246.1257363,4.516542409054585,0,buy
3,1288386.0804333289,3,2443388.644487791,6.21152455454201,0,sell
2,17998887.167538397,1,31641026.00537046,7.068436754131848,0,sell
3,2287603.7004825226,1,14994183.203499565,6.866361573628863,0,buy
30,4660527.717519767,3,44345049.38451247,-7.4548568360202605,1,sell
1,1285179.737634856,1,17577767.744161304,7.898717184137717,1,buy
20,2423400.7468638504,2,24960241.52436434,-1.995972568943599,1,sell
3,22239098.95352316,3,56664023.90388595,5.9818015534652265,0,sell
5,23261913.41667283,3,37286593.40920443,4.906373326283312,0,sell
1,2248179.098559778,1,5359625.488016294,7.919828713756851,0,sell
7,3721410.2276411033,3,33762770.667713046,4.124779370053117,1,buy
5,1690701.926293795,3,20316410.38781601,5.210393290041095,1,buy
2,1336648.0649372458,3,6598113.939072387,6.68051533499327,0,sell
20,48491987.21619767,1,64604666.0847788,-2.225321018225446,1,sell
2,12996740.814979345,3,42794072.51059348,6.317724415472932,1,buy
20,8336921.430128174,3,53794228.68102015,-2.5552989378009565,1,sell
20,19978321.17083388,2,61475315.24817001,-2.0090243375773946,1,sell
2,26746434.50787916,2,30316878.453612316,6.758841733338053,1,buy
5,23473842.85927126,3,28679133.34407671,4.806415891505155,0,sell
5,1066841.8116913391,1,2601810.095187134,6.141079451475837,0,sell
20,2076734.6810759834,3,4710459.02726609,-2.2864992675147278,1,sell
5,12961774.5701785,1,44526874.19765321,5.637693666022423,0,buy
20,4349144.73494635,2,8451877.226638814,-2.030888313071796,1,sell
30,46688353.01138999,2,58020190.90301452,-7.4243728859791265,1,sell
20,13505254.83471029,3,27040172.225105394,-2.7504181362656945,1,buy
30,42184014.11213964,1,63480330.3393258,-7.029640019043453,1,buy
1,2199133.1732476056,1,4243560.927805366,7.969765483638069,1,buy
10,29365478.087023705,1,32660576.368500113,3.1266505117171985,0,buy
1,3515344.7959975945,3,9292446.270787861,7.1109033387958505,1,buy
2,47999965.645476274,1,52167258.481058724,7.103294481712956,0,sell
10,1853140.3988685939,2,48618740.08042377,3.0856506213588935,0,sell
3,7537821.766618731,1,33752189.05735586,6.920351175023457,0,sell
2,22234075.75775607,1,28764981.376044136,7.144893272913157,0,sell
7,5433086.220650712,3,36611284.99072979,4.0877127202832355,1,sell
1,6241094.776398223,3,10137390.661835872,7.048351526435252,1,buy
5,47401153.48615286,3,69033256.92013702,4.660968037482611,0,buy
1,5279414.853490159,3,7678347.926372745,7.110633768958513,1,buy
5,10624301.319470586,3,31143102.74479778,4.879481228658516,1,buy
10,1237830.6940406994,1,7201322.686085764,3.4726051203974047,1,sell
7,26970541.348200273,1,28493324.706011042,4.62232580331341,0,buy
10,12624612.971786536,3,15537104.78723436,2.4050027331639976,1,sell
7,4857558.459321436,3,9682060.780880276,3.9803881916542827,1,sell
1,1065299.1079759526,1,19816374.560425468,8.100608810590039,0,buy
5,10121096.803269051,3,11451537.261520501,5.014694161504798,1,sell
10,1050764.2076290492,2,14250053.913238596,3.1735320453429177,1,buy
7,1004719.6680144409,1,17466837.22323374,5.259473017174999,0,buy
20,11136096.272777751,2,24048074.727355257,-2.0538708870711773,1,buy
2,2094760.2670653928,1,21699220.90756485,7.444933047286224,0,buy
2,2118415.7232296155,1,4126135.6727378713,7.370985689930991,0,buy
10,12879197.261673896,1,22821133.870671608,3.1964049776260066,1,sell
5,1233757.8007545804,1,40950812.502238184,6.113599715356773,0,sell
20,3407741.538733466,1,14314712.415799422,-1.7563465675434111,1,sell
10,1794239.1117999149,1,12724791.649790283,3.3403510428949663,0,buy
1,9676142.365022723,1,27507682.768492717,7.627941965107954,0,sell
7,13314324.81637725,3,16996496.176121294,4.017777144503734,1,sell
30,16795316.189916745,3,32286604.79913156,-7.490514614947014,1,sell
1,2714127.101974055,3,38743259.132179275,7.041515602414918,0,buy
2,1417857.7158319375,2,2461402.4762583273,7.0070813617569705,0,buy
7,1360445.576825778,1,31441700.993606478,5.0759998812084195,0,sell
10,5296862.4851797465,3,7648801.125255644,2.558196214567503,1,sell
1,40453982.26812688,3,46405119.51621373,6.613428467216571,0,sell
3,2343770.578654629,3,30405429.851386204,6.06879748926757,0,sell
30,2730211.4240321466,1,27837625.827092085,-6.619776647230012,1,buy
5,1483908.2472397618,1,34244974.75387776,5.996429516306101,0,sell
20,10686751.993235162,2,50290831.36801279,-2.1328124681143317,1,sell
20,14291691.060131535,2,20042199.65355784,-2.442198765157375,1,sell
5,12368608.339833668,1,25404550.548880134,5.904866903787075,0,buy
3,29042530.409128807,2,33649455.5759692,6.220675805196302,1,buy
2,6705372.4082070915,3,10648648.47645713,6.516817368702192,0,sell
7,1692148.5227294008,2,7103025.459779152,4.556131842953969,0,buy
5,3102348.884342863,3,21402895.590498567,5.0420564709321045,1,buy
3,13348997.594989479,2,20460032.138714615,6.223368381463424,0,buy
10,11007174.268267732,3,35165285.05832185,2.383213904103546,0,sell
30,7982857.734988525,2,26437423.870042734,-7.077706039045411,1,buy
20,14465586.992509987,2,15548995.623767639,-2.095933704665484,1,sell
30,12103415.313743448,1,23872853.288779553,-6.923791068647728,1,buy
3,31430012.32162574,1,36947244.28103496,6.52710222086977,0,buy
30,9899750.454956068,3,15867340.15475672,-7.537666578092241,1,sell
2,21029083.902252413,1,45598298.343813226,7.1538694151190505,0,sell
2,2645732.899947904,3,11164358.723517444,6.592916555767146,0,buy
1,14197499.716386514,1,46160306.77723034,7.656773408644886,0,buy
5,34103640.784871854,1,50360450.42597865,5.5353206973368545,1,sell
1,4522178.020289938,3,13216957.907410529,6.949644898869959,1,buy
30,21070490.44531522,2,40210290.149086446,-7.3602801845420425,1,sell
20,17037084.687752713,3,18198944.92037227,-2.823207683814551,1,sell
3,1262214.6686418257,3,2373983.046410728,6.3745110117877175,1,sell
7,9726692.254355138,3,11112196.963789076,4.007963579635102,1,buy
30,1664132.1047727184,1,7202864.24134525,-6.613770632419519,1,buy
7,43999349.748143844,1,46511367.678155586,4.407154021734477,0,sell
2,23908757.569974344,1,70923105.3531747,6.9772108793415,0,buy
7,1536092.7771961277,3,9879331.686671322,4.139769596927328,1,sell
7,1610100.526318904,2,14958355.16771904,4.651288393331078,1,buy
20,10232770.828791527,2,13209278.78725589,-1.8694513403238,1,buy
7,3854396.2643564045,3,7375860.606768372,4.049047856048428,1,buy
30,1146315.0849251323,3,4861151.804587518,-7.173596140220073,1,buy
3,8322095.110825214,2,23708282.024554852,6.363056180763541,0,sell
7,4559709.669425055,1,10939591.544423038,4.891648399390354,0,buy
10,1484998.2049502768,3,9062551.46194353,2.710839968528031,0,sell
7,23037677.39015694,2,33172013.626002282,4.334239531130055,0,buy
7,35866415.54506658,2,56105363.9348961,4.2105015361554585,0,sell
1,19294360.972551752,2,20718444.595399544,7.245491934106642,0,buy
3,24961508.9639674,1,45848961.40308972,6.671136293412536,0,sell
30,2332442.681531777,2,11388089.734819638,-6.834907246097689,1,buy
2,2804158.36998938,2,16505815.351841332,6.9699240413543375,0,sell
1,2260903.551459857,2,5862546.224749178,7.621874873870776,0,buy
30,19944346.98658892,3,24904966.94105251,-7.572104396113267,1,buy
5,40783330.02211134,3,43253596.43564776,4.777826826090962,1,buy
3,16515240.873809839,3,62625899.00164889,5.940473211716645,0,sell
10,31447461.44533375,2,38436109.05298375,2.6795991879706182,1,sell
3,12165517.954071144,2,61404016.57333203,6.371661272931514,1,buy
5,4556407.341388721,1,11350503.43758244,6.01996770837702,1,sell
5,5288788.657643016,2,7651174.365862725,5.343527278262378,1,buy
5,1342668.6662378146,1,8622920.471127955,6.054519042896551,0,buy
20,1130953.7140423316,2,2298493.4998864336,-1.8960121951277333,1,buy
2,15191203.804980446,1,49640214.42620017,7.122522691918199,0,sell
7,5557475.241036396,3,30143726.96673741,4.0866547840999905,0,sell
3,8673549.005018383,2,25779502.7437734,6.200271613488853,0,buy
30,8860326.632735187,1,19726516.702537507,-6.846620062973695,1,sell
20,2959737.443582079,3,12622937.493292736,-2.245419432498405,1,sell
30,6434682.179516889,3,55798795.225537956,-7.61811333515545,1,buy
7,6306777.300753328,2,9273720.975840978,4.561730213787596,1,buy
7,4570105.204767014,1,25688473.018031787,4.865729362096074,1,sell
10,24791503.157632593,1,34514256.42713413,3.1004851745260704,1,buy
5,5841361.8412323175,1,51339305.823566616,5.761098961306552,0,buy
2,10606545.03781781,3,36099065.57899864,6.405250228432438,1,sell
10,33224757.72930879,1,82937098.79766712,3.0854499566943208,1,sell
1,29628177.784782294,3,39617741.43455888,6.758204737271546,0,sell
20,32568714.37152449,1,34794657.41933909,-2.022512706798203,1,buy
20,2875612.68034302,3,10049411.036841296,-2.3002037749730784,1,buy
2,1146658.7734201218,2,17296062.302810673,7.303010076047282,0,sell
7,2776800.3931354666,3,23459873.57835223,3.982763116322954,1,sell
30,2975194.8952195984,1,3977191.975496267,-6.348112246854715,1,buy
20,35073242.51937295,3,42284746.95115794,-2.7165907271453484,1,sell
2,12677800.94564385,1,15187701.38940629,7.258885884322145,0,sell
20,1376615.2509077648,2,32027919.651688717,-1.6985506142073703,0,buy
20,1698259.973764445,3,3517046.6453030934,-2.492642562841908,1,buy
5,1838607.670781347,2,15399528.398048986,5.447936847913244,1,sell
1,11777893.968286486,3,14609492.514282376,6.719110772540286,0,sell
5,17760139.39406099,3,21794311.355555866,4.735259120548244,0,buy
1,28874150.676486958,2,68500309.08479775,7.242627034116156,1,buy
20,39638141.60298262,2,42199758.34296054,-2.487113468242419,1,buy
10,2201354.535369826,3,3651484.219595936,2.586269862314691,0,buy
30,3359650.9568499457,3,4670983.892954083,-7.461107101959002,1,sell
7,2560361.957651593,3,9760253.192204066,4.140558339833152,0,buy
20,4069350.9109258116,2,16379081.833850287,-2.0354673940817545,1,buy
1,35808702.215179,1,39406709.87047676,7.469392018295583,0,sell
1,9486346.863090932,2,24370721.633995645,7.249296714472626,0,sell
1,17954193.067933485,3,19223873.58970626,6.825733741911916,1,sell
20,6802959.425450142,3,35417438.592201605,-2.4940102760703846,0,buy
2,1119511.9381909976,2,25515768.720712822,7.322307346315501,0,sell
10,1285482.6077452311,3,48527518.417855285,2.661222658781968,1,buy
2,8201911.800265138,3,47204539.859208845,6.463107039590099,1,buy
7,16641827.253395047,3,20670558.501910254,3.6639624590972657,0,sell
20,2321881.7997123515,3,7090108.56168208,-2.220220285382556,1,buy
1,16846229.4677271,3,35354758.31419237,6.8518297349264135,0,sell
10,23839482.99666999,1,25529155.776050366,3.1913587523944127,0,sell
10,5009581.663096187,2,8425453.547032936,3.073111095169115,1,buy
3,18541458.236547917,2,20131459.598068047,6.296343083208467,0,buy
7,4857745.593138278,2,10784793.429109508,4.469186573481679,1,buy
30,14206836.155659385,1,22873235.829429574,-6.999425950789296,1,sell
30,19861318.23933712,1,22145629.62580519,-6.8762564819750045,1,sell
10,48445514.327836655,2,49555318.71485329,2.5041555156029256,1,sell
20,3862056.014794575,2,20540824.50857728,-2.1191164546260444,1,buy
1,4992820.546109906,2,6074225.050687501,7.259910285185925,0,sell
1,1911540.540322119,3,46970570.16868421,7.177696899327811,1,sell
10,2221846.2607803917,1,4601446.927578809,3.388948274971998,0,sell
2,15068058.948903318,1,28494049.66010472,7.104105577099977,1,buy
7,36143728.414465554,3,41621830.765604325,3.6463885779313188,0,buy
1,4681898.307530245,1,5944842.3213617625,7.994143645088032,0,buy
10,2020925.5780405595,2,8362918.955879281,2.9825638606832277,1,sell
1,3050531.3861841485,1,10600772.434410822,7.886391615164783,0,sell
30,5930880.81782452,3,34250090.802425295,-7.493853866736268,1,buy
10,3117498.0560539695,2,20665961.7709325,3.000725490915765,1,buy
7,2493697.9936441923,1,3857440.9668824454,5.132713963768616,1,sell
10,17799818.3404981,2,20066346.53154851,2.55474104078318,0,sell
3,1031165.2901098834,1,4418731.71812118,7.117766757414067,0,sell
10,8243971.683073175,2,9820759.18004903,2.9637207203965428,0,buy
10,22314440.16750835,3,28288338.352193534,2.3489821081646935,1,buy
20,2833439.035472522,3,49856596.81646718,-2.1453429944454205,1,buy
30,10591907.524819305,1,18078974.121689744,-6.630279461624056,1,buy
7,13691190.564462185,1,31906457.950541366,4.627880830131033,1,sell
20,12967830.081758356,2,27431910.678666353,-2.2144565822059814,1,sell
10,5721173.982035389,3,33516644.784722,2.6087243759230216,1,sell
7,3879945.323851513,2,6205399.251108227,4.479224476835126,0,buy
3,26315396.982407287,3,45401980.94361852,5.787505161079746,1,buy
7,19434659.265714798,2,50868403.594436765,4.446525530296867,1,sell
1,3514009.2743125954,2,5470104.732459921,7.607182781471711,1,buy
20,1496327.0300826947,2,5379677.336728857,-1.6554357591023372,1,buy
7,1324338.0765497927,1,45805261.923697405,5.047354872679248,1,sell
30,1446012.5378334865,3,22655742.053837713,-7.2422878765317655,1,buy
3,9778619.80781469,1,12799359.818466628,6.783649459223653,0,buy
5,1223974.8302451295,1,10304692.03290615,6.13782436501427,0,sell
10,3736187.423531121,2,8599564.626352819,2.9660243049009516,0,sell
7,19039857.81374965,3,25838718.42960055,3.755610372874177,1,sell
10,3162923.629307237,1,7175438.969182691,3.341914492285811,0,buy
2,19807858.6041789,2,22790321.310129836,6.729570731331714,0,sell
1,18472519.64687597,3,32481359.397747688,6.688711763929641,1,sell
20,2616091.4690571027,3,23640277.511308286,-2.3105562438306535,1,buy
1,17308005.417863138,1,47845045.32385733,7.434659306310718,0,buy
2,18640178.99303881,2,20476298.54510191,6.59538846642666,1,sell
2,4734371.111457911,1,29738219.251981318,7.4822235061517555,0,sell
20,2277708.225533124,3,4987269.382706281,-2.318696173299484,1,buy
7,7684638.902848968,1,13006110.006574536,4.829084057526602,1,buy
2,36764347.63860525,2,70768016.86239643,6.678659680419979,0,buy
5,12209268.44521667,3,18127445.923465505,5.109473298854272,0,sell
10,1966935.5807565106,2,4128683.4186918335,3.2169722480946406,1,buy
10,14453849.734281404,2,16322861.562586315,2.959109921681782,0,sell
3,5318695.522320135,3,11680571.992630657,5.989671012359512,0,sell
30,10115554.24645772,2,29874218.03907056,-7.16704628761828,1,sell
2,17666591.89413867,2,67122892.53654303,6.615328894519802,0,buy
2,7496872.141163824,2,29263123.536007322,6.9853196003546145,1,buy
5,24150957.674729206,3,55055122.51883753,4.884281409941519,0,sell
1,16862449.720333498,2,35506692.49793775,7.1951951102791325,0,sell
1,11091522.260372132,1,44305231.31501746,7.674355502337085,0,buy
10,1803816.980764479,1,3151601.431392965,3.5536787649486334,1,sell
10,26317974.669603318,2,64330427.37019608,2.6762074234347573,1,buy
7,38911279.91426965,1,43626284.99130249,4.468787681360713,1,sell
20,1708833.0579093683,1,38504351.03302437,-1.5215119244378945,1,buy
30,6753159.912576097,3,8097991.245833772,-7.533518985653596,1,sell
5,2753240.865755995,2,19165800.98648544,5.584505014462152,0,sell
20,19138701.409519397,3,36917938.300236836,-2.675410743644413,1,sell
20,16827790.858218092,2,66227193.57141061,-2.520726870195703,1,buy
3,1735240.1742724942,1,21977642.04302217,7.006387167842316,1,buy
20,30906016.125268187,3,35372659.20859474,-2.7964082106306956,1,buy
3,2029868.0473686012,3,10875901.43424477,6.258275187989833,0,sell
20,22621383.909789197,1,26816645.530101724,-1.8622048835620104,1,sell
5,5975798.206215979,1,8128727.656884475,5.7560784680559,1,buy
3,3611809.0345968725,2,6255422.774683233,6.437247827464272,1,buy
1,1857136.222581099,2,4240493.983992527,7.622234719494743,0,buy
3,1926511.4453690802,1,10485467.250493187,6.995504083747929,1,sell
3,13320857.994849905,1,47957815.53127059,6.669619259326506,0,buy
5,8613203.706136364,3,44151381.83731587,4.957804573817469,0,buy
5,1612202.0511383195,3,2851118.4894750984,5.267929842272941,0,sell
3,1554068.9536780526,2,2921000.2457497325,6.466824257033165,1,buy
30,1326946.757444822,3,3935801.660829248,-7.101788318186602,1,buy
2,18350099.073954202,1,21062403.04037905,7.108580603220192,0,buy
30,16198183.309629697,1,17647668.767046686,-6.712192093214912,1,buy
5,1256818.314843635,1,5827569.330507843,6.272308888710727,0,buy
30,8951216.322321761,1,18917375.353278965,-6.680019781287467,1,sell
30,1392714.9830865946,2,10992914.004096175,-7.042479349748185,1,buy
7,34311282.83405995,1,42691798.223445386,4.441342285102747,0,buy
7,34766845.337151475,1,38528625.7577781,4.597675136020565,1,buy
1,15355957.650656458,1,31213906.72156229,7.614020057720817,0,buy
20,37459950.216737,1,62821245.16096321,-1.8080243400970746,1,sell
3,23913016.22949193,2,27788354.275374245,6.138969533938217,0,buy
2,25565964.876570325,2,26963368.965677317,6.758624384428669,0,sell
1,9287879.009792352,3,12475423.153757147,6.947210448884166,0,buy
3,3311199.8774597296,2,5022732.66657722,6.519991969208177,1,buy
30,2344413.230136391,2,8567823.88149096,-6.86690759347164,1,buy
5,3596690.127767316,2,5437161.831155892,5.191196521818913,1,sell
7,11689471.692101404,3,17803949.314616468,3.9195682743337477,0,buy
10,1964890.1495346855,1,4338871.401781032,3.586609285880576,0,buy
2,2750565.579636365,3,20742671.098298762,6.527277105201914,0,buy
30,6240528.430659677,1,7354406.399606403,-6.615486842758687,1,buy
10,2488542.8710754956,2,11248406.19703111,3.0372378702755523,1,buy
7,10002025.05436294,1,11942712.047644317,4.681382433086061,1,sell
30,37021020.071855515,3,38024907.806187995,-7.778679173193472,1,buy
20,18662997.285388242,1,48637009.32315558,-1.709670433158128,1,sell
20,13559348.640269179,1,27392004.3801952,-1.7828060104656487,1,sell
10,9772964.215726513,2,11245618.776760388,2.7249065902670226,1,sell
5,6745417.911592337,1,20180460.065058194,5.836512517623899,1,buy
30,2074753.000870436,1,13018611.56150712,-6.507244907386842,1,sell
3,33119687.193342123,2,39490851.60773161,6.276255610172034,1,buy
30,2643962.0206984705,3,7799891.080690568,-7.356276514727038,1,sell
5,1429325.178417037,2,33573695.218207724,5.751278528352917,0,buy
30,18804132.04969367,1,21413282.56051212,-6.843127696687654,1,buy
10,1987767.2231623332,2,6738021.299302526,3.1343455744725555,1,buy
5,4283908.123092265,2,7907649.663210694,5.403254665545388,1,buy
7,1117005.3282078565,1,21546019.779598743,5.139874339016525,0,buy
2,1709520.5387875612,3,37771292.71076378,6.9198834354105845,0,sell
5,1969100.005094989,2,29750467.307487324,5.768253872531777,1,buy
30,1237203.5998343655,3,23897993.796211295,-7.343741922653465,1,sell
7,13050900.314201362,2,60532628.56323677,4.135250562517806,1,buy
2,26427199.210350215,1,41717910.20229843,7.135413991011638,0,buy
20,4307761.768544591,1,23188451.822952274,-1.6483442276506786,1,buy
3,30611118.63137869,2,77357934.56854182,6.0903006822644015,0,buy
10,2303930.80034129,2,3331656.3057656162,3.283439731181744,0,buy
30,3571318.3835022887,2,15517501.646861088,-6.686429538108007,1,buy
30,1803423.1060722424,1,19812459.13167085,-6.672089947870007,1,buy
20,11332127.67542637,2,47586520.28160778,-2.2506337743439637,0,buy
3,5168277.695904488,1,36909596.07870239,6.7188547960126135,0,buy
20,11014125.239267021,2,37958365.4890102,-2.2504781531505094,1,sell
1,19681709.49744881,1,60127283.32301261,7.755269265837837,0,sell
20,8455378.543067072,2,16639859.097982239,-2.1017803139934568,1,sell
7,11649979.114703922,3,12677420.452025771,4.006640630888025,0,buy
2,38811661.11766407,3,39855854.873387165,6.370752104897715,0,sell
30,3221820.1353803747,1,11642078.52369535,-6.545654931672387,1,buy
20,4075761.460285692,2,9565030.002414202,-2.109907917761624,1,buy
30,16571296.332436653,3,22414510.577432524,-7.578893552513717,1,buy
5,10929234.313400516,2,15718573.971322533,5.322625721310876,0,sell
3,2010583.2010971932,2,38250619.32026544,6.576132012024041,0,sell
20,4355750.517768348,2,8431614.223838434,-2.108479436303278,1,buy
2,6235090.35219976,3,34725840.946372196,6.615377299266006,0,buy
7,5158586.9463053355,1,39351822.85650914,4.898614511503814,0,sell
1,2008554.1832860003,3,9065853.28976736,7.27730055332092,1,sell
30,37203088.64671987,1,42948674.51074248,-7.0480304927764115,1,sell
3,19731345.891980283,3,39362741.6936356,5.948039397542296,1,sell
10,6573688.4902448375,2,22525953.48476295,2.946133901071647,1,sell
2,14302214.534544673,2,17917739.031746216,6.887187548126947,0,sell
10,33454638.806093547,2,34948210.897744335,2.5831618022915643,1,sell
2,1703553.5240341015,3,4521782.549608428,6.734337156269499,0,sell
2,2663031.4967472036,3,4332635.59115193,6.765211146810609,0,sell
7,8356667.843623457,1,11524347.794623578,4.83337598162517,1,buy
7,22776902.046090987,3,25561913.50496936,3.8092567443869396,0,buy
7,1152380.709905538,1,13270984.329139587,5.13281703148662,1,buy
20,46969649.66560899,3,88816244.25913835,-2.8858533934399624,1,buy
5,5927515.155686577,2,20551240.84116819,5.495493442658807,0,sell
2,4076833.10139693,3,41604325.77463279,6.675661480316089,1,buy
3,3142896.211256899,2,24631944.74796029,6.569565766165616,1,buy
10,1978002.4097600963,3,19222170.467048574,2.687639459017758,1,buy
7,22123830.754227035,1,27176010.766754378,4.660291947249979,1,sell
20,41997168.199911356,3,45560170.624941275,-2.7773261503609863,1,sell
7,5043941.383649437,2,32447052.46565403,4.4347546833494675,0,sell
10,41508227.83713845,3,76041357.94309238,2.305359627429537,1,buy
10,25096169.46157123,1,30953973.002232466,3.2639134784951658,1,buy
30,6565857.246174106,1,7601948.31951795,-6.669713744289438,1,buy
2,13968515.706753135,1,36175342.05904764,7.142233063480787,0,buy
7,5483086.190642297,1,8533251.723023076,4.743936370603224,1,sell
10,8897219.628146026,3,9936659.055236395,2.39928402635269,1,sell
5,1254928.5087192447,1,24570787.25237261,6.283599873314938,0,buy
5,15238097.906966904,3,22807667.508210003,5.045110359544173,1,buy
7,1229553.6587656892,3,15822819.860235998,4.364222971690214,1,sell
20,24445719.028668966,3,60257883.41960029,-2.5625695340421064,1,buy
10,25209259.469828587,1,33516142.679039326,3.051763252217705,1,sell
30,2528058.9705848987,1,9688036.1098257,-6.437677085143523,1,sell
2,3547262.734677381,3,6664904.6058186125,6.71890866173481,0,sell
2,6572519.691564664,3,9872529.040383821,6.502509049381873,0,buy
20,10320776.695419544,3,32878801.89004682,-2.676422728159057,1,sell
30,3077550.9525958053,2,8870333.410574354,-7.117051118501699,1,buy
2,10153520.019562606,2,12049466.71660885,6.885303644401531,0,buy
30,3205762.2101961956,1,4653205.4244080745,-6.627157851692309,1,sell
1,1242444.7080285028,2,7602737.271838216,7.699791193391099,0,buy
7,1009936.8792314653,3,7175100.94603222,4.271020248067614,1,buy
2,1485431.4452812101,3,14374039.406586384,6.628373010654194,0,sell
5,22182483.92614126,1,28496846.48587588,5.801623619054163,1,buy
10,42997475.82311786,1,44750391.06648438,2.917592020283309,0,buy
30,5313770.157416671,2,12604010.88837414,-7.12255566359188,1,buy
30,7430784.364683784,3,42153045.37999604,-7.508330973520906,1,buy
3,1776194.9642634029,1,3642085.559880815,7.02617875381736,0,buy
20,8633477.065367505,1,23488469.85610726,-1.887606846694891,1,buy
3,1761020.2075648399,2,11969218.039800655,6.695300633756891,0,buy
2,10925336.319453951,1,29624608.166311983,7.299772792013503,0,buy
3,38510440.16275416,2,40312898.965457186,6.3591642512069075,0,buy
3,2150235.1062002955,3,41938886.867625974,6.21162408550458,0,buy
1,19905396.067714248,2,31255591.369936936,7.231552545195627,0,sell
30,1096301.2553192803,1,28584637.492792863,-6.506453879223358,1,buy
5,4344687.552758671,2,6968770.109635355,5.347422935292315,0,sell
20,1542262.8336433724,2,19582420.12870514,-1.8849052962703352,1,buy
5,3970500.0199227477,3,25200389.78523581,4.956912228971044,0,buy
1,1971669.058607773,2,6705694.7058562515,7.678095063644736,0,buy
1,4307586.236935326,1,8798403.66617275,7.833221725781491,0,sell
3,5121046.551654068,1,18230244.55738145,6.972382747987805,0,buy
7,3241121.421111735,3,4682230.484315404,4.148801007098646,0,buy
30,13049113.13176913,3,30823857.587943494,-7.560928063562833,1,buy
10,36400057.820244744,3,37582727.10692406,2.1508316344199274,1,buy
30,4792912.7643135935,1,6900605.043897,-6.575631877931552,1,sell
10,2122194.8358651693,2,15560989.61953151,3.128153427512072,1,buy
3,2883698.4610707364,1,4352790.3505557375,6.744382711075388,0,sell
10,28243712.54866897,1,73028504.6380784,3.2155039279112794,1,buy
1,9358338.352143327,3,39238236.43094801,7.044492521620116,1,buy
5,5929937.220008155,3,17519548.676138192,4.947696158343264,1,sell
10,1795677.3364948938,2,26430761.42451601,3.2039131271069037,0,sell
30,5808623.224920136,2,38017225.53123086,-7.111731144696912,1,buy
20,2972689.575386744,2,5732259.133809729,-2.0317672532688364,1,sell
3,40031868.68522206,2,67773040.95379889,6.169230731357163,1,buy
7,31769369.63113349,1,33912007.59418167,4.668275513012613,0,buy
3,1388506.451098581,2,6426482.614036845,6.802357992502738,1,buy
2,7547076.998826135,1,16428168.98132912,7.465700821891335,0,sell
3,2411944.877631032,1,18737927.602833524,6.805920206282194,1,sell
1,4987672.780495702,2,6112819.594348634,7.27843600281307,0,buy
5,30884348.712494444,2,34000128.66234079,5.130931483639331,0,buy
5,7874651.560927469,1,18685398.339254174,5.69323409075589,1,buy
20,3696764.273774003,3,7744001.549690641,-2.1535505612017563,1,sell
10,2255257.199366523,2,22992180.536687672,3.1032970403179165,0,sell
1,22894329.545886874,3,35692193.0846286,6.798772347782254,0,buy
2,11508994.30791815,1,14010727.777621174,7.171076404109783,1,buy
1,6240640.674046392,3,8010460.105623936,7.0390386224369665,0,sell
3,2341528.2058582436,1,14056249.842586003,6.75770213178672,0,sell
1,3697213.7860532063,3,9522677.181620857,7.189644279647391,0,sell
1,42731210.01767439,3,44667868.065267295,6.864174419568078,0,sell
20,7649220.909874276,3,11234310.269021006,-2.683491264101786,1,buy
2,4794861.417616209,1,8067268.585767493,7.4178424427100715,1,sell
3,7689186.761572677,1,9215743.594563223,6.83189728833943,1,sell
7,21060957.184800092,1,29556321.714071922,4.685790721196395,1,buy
20,3782987.2827103883,2,23617252.805533256,-1.9519805795269205,1,sell
7,2011946.0872944584,1,11511451.23994423,4.886550631675224,0,sell
20,9858002.39909255,2,35200198.304782666,-2.1647494350815233,1,buy
5,13494656.012153737,1,15141813.539228253,5.78794228802484,1,buy
30,16251240.169010941,2,21747806.58472678,-7.396529111719152,1,buy
20,31511600.427557383,3,42360307.459969796,-2.717938672386121,0,buy
10,4271827.403995909,3,18348706.317882515,2.6343807025547887,0,sell
1,1342844.449423599,1,16552523.998163205,8.018825236337879,0,buy
5,42482053.08464966,2,59799760.37730116,5.172362764739528,1,buy
2,5483681.422147032,3,18270417.781265244,6.542985786150478,0,sell
7,11452381.689052524,3,12898123.352358717,3.9043287237792046,0,buy
30,13552916.346849058,2,28734025.052829266,-7.24255662503053,1,buy
30,8482236.906998184,1,25518878.753383327,-6.6004152640297065,1,buy
20,2232165.472879052,3,50972960.44569123,-2.33491961400875,1,sell
1,19185158.48303993,1,34251297.90551898,7.561330023010268,0,sell
2,23203339.543088984,1,37889363.77468526,6.991216214611357,0,sell
10,8699392.659234228,2,16192334.08900389,2.7170254998357306,1,sell
2,6761619.9557219185,2,36586244.6802214,6.761779769071884,1,buy
1,1561627.885610051,3,50946321.05965465,7.186003651671575,1,sell
10,1388773.2883653347,2,22454374.89317895,3.1366821409984524,1,sell
2,3774943.7717114333,3,14755384.440145137,6.565307673519267,0,buy
10,3373791.9230948966,3,4735681.457959275,2.5299822121900024,0,sell
20,41709377.158998184,3,58876913.91050883,-2.8266796202647315,1,sell
20,21446258.387627766,1,37435389.038302734,-1.8031019246180957,1,sell
1,13218786.33373868,1,33999813.94753354,7.806805594081714,0,sell
1,7576499.101114295,2,9204354.66694735,7.559281793410102,1,sell
10,1924652.8822374407,2,14827094.677240213,3.1035593658912246,0,buy
3,45958784.76100511,3,49138776.8829907,5.84488420055791,0,buy
5,4336934.835478554,3,23910865.14342711,5.089717924234898,0,buy
30,1519369.455134066,1,4080243.0238860045,-6.320366347498642,1,sell
2,6901595.661067452,1,21424693.246051803,7.362547431538196,0,buy
2,30541924.946115687,3,33712836.79190534,6.280001321481571,0,buy
3,32172202.76211048,3,33208014.99022809,5.568600821504651,1,sell
3,1043832.3746492589,2,12957791.189239932,6.678539379596877,0,buy
3,32047184.8424734,3,33604730.45833228,5.687148798013095,0,buy
7,2892301.3626027545,3,16078403.529959276,4.100487058725657,0,sell
7,1164696.7869394606,3,38539824.77048865,4.4020441684336,0,buy
10,27565777.051654782,1,71898026.58114015,3.1338031326368134,1,buy
7,29355109.598104116,1,31871779.46230963,4.682109273177964,0,sell
20,10303356.345015574,2,34011467.76957609,-2.100532920994395,1,sell
20,9461189.10755918,2,13448466.151368465,-2.2410121529992573,1,sell
1,24069493.59370922,2,57942173.39795712,7.4051001611525145,0,sell
30,21672865.9178919,3,43446010.46806932,-7.689008056632219,1,sell
10,32528384.88916633,3,33863721.570910215,2.369869309119424,1,sell
30,8691632.064960785,1,13608783.009240184,-6.5686241046752425,1,sell
2,44055829.76557605,3,47797735.7214628,6.083381309627315,0,buy
5,49251967.66434574,3,70829362.18047757,4.693100304108677,1,sell
1,1577632.326312902,1,6555726.5852778405,8.099869941966439,0,sell
2,27755519.782508396,2,42313299.81529403,6.662270763644068,0,buy
2,7066152.782707702,3,17622640.064294696,6.773825218742257,0,sell
10,4554739.920781342,1,50009662.12564134,3.394180852139185,0,sell
3,11005035.934396071,1,50203451.43797306,6.794100836428459,1,sell
3,1244754.7810695628,2,6573790.686679869,6.849949241257793,0,buy
30,7252074.37021488,1,24208631.49717154,-6.841924206640521,1,buy
1,30172893.199865784,2,55831189.703168616,7.133405987158273,0,buy
3,2304967.0052228463,2,35970068.88789046,6.476046263718716,1,buy
2,5301803.669266803,2,6607247.139983597,6.987399484133938,1,sell
3,39459342.811254464,2,42719381.98636025,6.299963421032502,0,buy
7,5347085.214876251,2,8847030.331115976,4.338249766861228,1,buy
3,4063084.5319176274,1,9534637.900701495,6.743882948869611,1,buy
2,5603489.35158332,3,7542480.088122656,6.553619676704214,1,sell
30,7630177.991310091,2,14597067.229049128,-6.975722289691661,1,buy
10,11850436.20525586,2,25240456.909131296,2.7419326781832933,1,sell
1,22927307.272611573,3,29925830.070816487,6.718175469655041,0,sell
5,5862840.597590456,3,19388626.159649044,5.187018227833508,0,sell
3,24483617.60165748,2,25780445.484130453,6.190171039935227,0,buy
20,8068176.574869902,3,38848714.17357279,-2.4567253570554293,1,sell
20,3758964.5861261706,2,43154806.80076399,-1.8649731857368144,1,sell
30,13117126.936586145,1,24332305.14889223,-6.74303580441786,1,buy
2,16572521.161950683,3,48010662.98345161,6.372826260678961,0,buy
5,8873776.181565095,3,10546109.48858542,4.868291065692282,0,sell
5,1247921.1381363268,1,23886116.069861397,6.012871884304285,0,sell
7,1943685.11659318,3,3537468.1776787443,4.233063602518179,0,sell
5,3052897.8292973917,1,7986875.103154597,6.053177832605251,0,sell
20,3021150.963144124,2,6570575.743926377,-2.0174915034130017,1,sell
10,13935473.82544717,3,23818795.84511244,2.3368961555596703,1,buy
2,1074419.3612483477,3,4327270.217339596,6.837427579076705,0,sell
2,19225634.07419614,1,31325393.629354484,7.070241737666123,0,sell
3,2823637.269571407,2,7032647.5280782,6.584821445716082,0,buy
3,3362929.9219461675,2,32366872.55015026,6.428373327308857,1,sell
3,7886838.770013098,1,19825335.114162978,6.809255145914696,0,sell
20,2327293.2996329255,3,4648882.362608563,-2.3615419590421762,1,sell
20,31819271.43977217,3,35543821.41224888,-2.719286237685525,1,buy
30,1396493.746860908,1,28922466.086506024,-6.370617923332954,1,sell
20,5688428.504711318,1,10223848.417605644,-1.67613565077209,1,buy
20,27742331.493619077,1,35876375.93217935,-1.8692258255693552,1,buy
20,11125007.283273235,3,23787898.72591798,-2.6387062904969856,1,buy
20,3138044.361689909,1,7036729.493852878,-1.6301647396604437,1,sell
10,5186315.969132148,2,8344670.477043636,2.8379026141842774,1,buy
20,15872763.829240805,1,22291415.73705065,-1.830262980972388,1,sell
30,45034029.645090595,2,47351831.60673272,-7.354692358078362,1,sell
5,32916669.899933767,2,35956611.65103809,5.202735103448271,0,buy
5,3817535.37347993,1,5092415.884887234,6.064228421555899,0,sell
7,49648742.74150552,2,52932994.04600145,4.1486772855192,1,buy
10,1013804.7418615527,3,4520246.542083217,2.7546501301267767,1,buy
3,1114146.0536944193,1,44179269.72252583,7.316087296062782,1,sell
1,25100381.57349555,3,35144957.01969154,6.727072924250248,0,sell
20,2182132.5216944087,3,23946152.842157893,-2.2996651337308256,1,sell
7,1268367.6718222823,2,2462615.860757641,4.774654284941903,1,sell
1,2528759.1255022683,3,4045818.7386324257,7.213493944685181,0,sell
30,5295797.624402294,3,29499057.4993252,-7.664444698638735,1,buy
5,17426500.36194675,1,28891973.48681461,5.729416348683386,0,sell
7,11500780.963976286,1,13611705.66221389,4.670488276291271,1,sell
30,2533444.0704136225,3,7405757.8851392865,-7.418709969098015,1,sell
7,7162116.736862946,2,15388111.328363242,4.230079916450722,0,buy
2,37463640.96135573,2,64582274.04254651,6.6597514750250335,0,buy
30,24247879.570371598,1,25514475.715116095,-6.934267105888174,1,buy
5,3540705.0478757406,1,13863879.594490204,5.940248210721627,1,sell
5,46648536.80590098,1,63176621.24086235,5.42285602175337,0,buy
10,15992810.997589298,2,61850158.87751844,3.13225784586385,0,buy
7,1276731.5249189644,1,24791502.958941113,5.021769453560948,0,sell
20,1147458.52587655,3,4093927.8237985983,-2.1050165297711896,1,sell
5,1932502.4530103179,2,17985412.277585294,5.713075449411633,1,sell
7,17242700.602562733,3,37048219.78348002,3.960716795105779,1,buy
10,2051950.7065856415,1,19421906.991654668,3.403996894465631,1,buy
20,7396064.305483432,2,32136091.386614736,-1.9149012289795788,1,buy
30,1440277.4024658955,1,35749440.275180385,-6.427895310374149,1,sell
10,36690865.7637766,2,38160568.135252744,2.6872637843349656,1,sell
2,3840420.375137889,1,5346995.01170495,7.385693014283449,0,buy
20,34905119.089417145,2,57450609.80292474,-2.3442093118288962,1,buy
7,40300958.32403915,2,42984901.19565194,4.137979386422035,1,buy
5,1024265.1301672619,2,2281626.5191148324,5.54259156217668,0,sell
5,6145422.7102363035,3,10950234.088968936,5.04729344053615,0,sell
7,1101260.086263042,1,25815444.3545588,5.165148386368304,0,buy
7,34981767.83077188,1,36622471.61226841,4.497585373796953,0,sell
7,7599042.413948511,2,21448710.254461054,4.378563267652483,0,sell
3,1340687.7141097335,3,2354933.5671850694,6.084826048153164,0,sell
20,1539419.0392063432,2,3075593.82033937,-1.7552241857489985,1,buy
5,4483016.414227906,1,8428354.396109128,6.025811149716414,0,buy
20,39575798.918159455,1,40962675.349372275,-1.9422685366183554,1,sell
10,15039446.885359406,2,42402311.36983228,2.8195429605761775,1,sell
5,29789171.782491017,2,59167688.59622639,5.208852690925183,0,buy
3,4193714.392010448,2,23410996.28445693,6.5549935939622,1,buy
7,1184182.883310518,1,3766238.6652937448,5.099182807276172,1,buy
2,45220612.48590605,2,52964893.17914594,6.717748884074153,0,buy
7,1069489.1820652797,2,3125052.1261954773,4.758409838627046,0,sell
30,40741004.546165615,1,43746275.60827847,-6.891613923906809,1,buy
7,4230306.984868491,2,11758270.636937678,4.517188993454453,1,buy
3,1040263.3440992363,3,18772618.184886027,6.365649820837634,1,buy
20,14820316.039803214,1,16268470.722991632,-1.8899503209217645,1,buy
5,46334935.690841444,2,49527052.60690306,4.920365651354577,1,buy
7,43708825.68099979,2,81232199.21068548,4.1126016954600555,0,sell
5,1876839.5846286544,1,7235640.773787796,6.1894090300152556,1,sell
1,2032050.9170673364,1,41397155.89561728,8.05754594563516,1,sell
10,9137631.758044517,3,57483546.56095974,2.5343389439445545,0,buy
20,12099342.865093846,2,19947708.85348913,-2.2831301614186943,1,buy
5,18040511.87876943,2,21126385.475444194,5.301182952961435,1,sell
2,2030481.9431765561,2,24085431.960826427,6.981976671890166,0,buy
10,42591631.307286754,1,44456568.28867688,3.022977199143449,1,buy
30,12167429.457274884,1,14847955.64373697,-6.80946134121289,1,buy
30,27485731.98988275,1,49037724.29132748,-6.861717443460747,1,buy
2,8270951.051745827,2,13725406.74887415,6.8792399447803625,1,buy
7,5056429.28042602,2,7256349.390192233,4.540826048858273,1,buy
10,45730341.76172503,1,58501877.10984215,3.1166436196461342,1,sell
5,9750047.868608408,3,27326872.626699407,5.073586320206034,1,buy
10,29702445.981835183,2,31333589.911554784,2.982031147140561,1,sell
7,41650017.362714194,3,44605178.40932298,3.65234319413614,1,buy
3,14041297.904706702,1,16417823.904972713,6.65411822221284,0,buy
20,8563086.854010332,2,12982469.645643635,-2.1674657731198934,1,buy
2,1013829.2814759951,3,20832292.616542593,6.604105984052313,0,buy
7,1169478.3038686533,2,17483786.32128316,4.7042689307328835,1,sell
3,2194018.0259937313,3,15547922.059574766,6.1698281155769195,0,buy
10,2070249.775776607,2,3095143.783392635,3.203790359202494,1,sell
10,2709115.689106979,3,4452917.907222491,2.7385259483403877,1,sell
7,3296664.8892977783,3,5692052.714975867,4.161716499866229,0,sell
5,4090161.6570768617,1,6987804.304318621,5.911075499054549,0,sell
10,5181803.274592711,1,6955070.968942133,3.291725107707128,0,buy
5,1472214.0004823238,3,6450889.426022807,5.260388604116348,1,sell
5,1180243.5935134636,2,2522172.6567140077,5.712797006211683,1,buy
20,13964050.269254321,3,32768698.082288183,-2.6070180876323974,1,sell
5,8183060.266859676,2,29975908.249068793,5.375655619343528,0,sell
1,5683131.133883088,2,15138138.687101305,7.447692291609582,1,sell
20,11964496.571882194,2,13384880.976828733,-2.1595798363297423,1,buy
3,25480179.67018873,2,58005726.472489655,6.293477928840928,0,sell
3,5328898.19792229,1,49039451.91518959,6.581751321993503,0,buy
10,12281254.758268012,3,14488291.783573827,2.443344422444767,1,sell
10,41695636.24726637,2,57441334.23291632,2.65408533202658,1,sell
5,26699112.99601765,1,53641029.07062478,5.681136807928442,1,sell
20,5293739.897407795,2,13557504.770954499,-2.06577151675764,1,buy
20,12455310.791051572,2,15997862.904983334,-2.396366646772943,1,buy
1,1999116.8741703858,1,8501265.647879275,7.812056555358934,0,buy
5,8960048.880298723,1,16378773.349863485,5.555668279332255,1,sell
1,46477989.238164574,2,51271683.379590765,7.212660638808186,0,sell
30,7596295.199842409,3,45595499.746315315,-7.654746666070229,1,sell
5,37672951.38849336,1,56031362.54913923,5.675397113953961,0,sell
2,4920959.736735417,3,7491143.952820989,6.518486023344363,1,buy
2,49774556.64852935,2,59656539.52665069,6.579309642212005,1,sell
7,9640009.585949937,2,24433212.341993384,4.526805960809639,1,buy
5,1179814.5650517757,2,2910115.157120319,5.702823613365576,1,buy
20,9928389.337129533,2,13992397.626286246,-2.2885520798227743,1,buy
10,2927458.6805942357,2,37481541.34795407,3.0473712521079426,1,sell
3,1135493.86432832,2,10331729.368476372,6.776494264958022,1,buy
7,24808764.84860973,3,27145839.91228581,3.7541858202404867,0,buy
10,2940738.331976009,1,4557357.370206536,3.6168691757958173,0,buy
2,22558597.753248267,2,30152271.730808936,6.597195322219814,0,sell
5,3087969.6850357666,1,11609186.490909345,5.716262181803576,0,buy
7,2138723.5239165616,3,5838369.108259806,4.35770681909366,1,buy
5,45153074.45117476,2,56930704.88269434,5.030665746704899,0,buy
2,4115518.5549903684,2,5423776.020331864,6.885582420467061,1,buy
7,10512842.174658323,1,12277205.351678066,4.688999631374112,0,buy
2,10872771.46020541,1,19347051.978440072,7.1366838301496465,0,buy
1,8958341.91914246,1,10231912.474243142,7.853642416383904,0,sell
2,35812994.11374402,2,67191883.50179851,6.604696355707882,0,buy
20,13991205.966407917,1,15735029.039392924,-1.9236217637530748,1,sell
20,4852105.818554354,1,18814813.677585848,-1.669619354211891,1,sell
5,29184913.175722383,3,33804923.14890798,4.691907362958826,1,sell
3,2030581.5437293572,2,6808375.218711138,6.58739974865667,0,sell
2,8407017.015940035,2,28337800.246711448,6.7780197871358245,1,buy
10,41205631.04485798,2,48261835.95774381,2.6101976370640516,1,sell
20,11548665.805641683,1,28643577.675984003,-1.7922807663226354,1,buy
30,24434580.753843013,3,31650717.327034965,-7.503682015897252,1,buy
3,12893774.445795406,1,23063948.614213172,6.825663598366399,0,buy
1,26672634.860844202,2,46280546.20476724,7.213649510967301,0,sell
7,40239870.769896805,1,50999550.33080748,4.502761603184614,1,buy
7,2908612.248221204,2,14023666.96752251,4.504407696251454,0,buy
20,1941999.3846443144,1,23863001.938926734,-1.488960914785939,1,sell
3,6641799.592368526,1,47612183.32226455,6.725659139498722,0,buy
20,15575543.510142041,2,19940997.805529,-2.258689728786904,1,buy
7,2432154.303078791,1,11993185.584732365,4.9386751059662926,1,buy
30,1016174.3801537302,2,2417617.6011877754,-6.8045431526707585,1,sell
2,3825044.352064894,1,7895068.917713964,7.410092651261486,0,buy
3,44265252.856159896,1,49277809.289285004,6.5913995986804075,0,buy
5,15161035.67106422,1,41405828.433580846,5.775293157058249,0,buy
2,4806621.129354109,2,12258028.235964533,7.013503630473566,0,buy
2,2124129.609875128,1,19584756.79179537,7.658884994823472,0,sell
2,4027037.5070673684,1,5104229.217203429,7.452113723497188,0,sell
5,1943354.8240157855,3,8097377.794102773,5.192572345315803,0,sell
30,1515690.0572402673,3,35502599.74571933,-7.27202930686309,1,buy
1,34715873.13818941,2,37120804.043734044,7.247011357252017,0,buy
30,49542509.31591296,2,50673750.6031391,-7.423134018977522,1,buy
30,1900314.6224400483,2,7349711.495406883,-6.857786445319686,1,sell
30,1237747.8826908737,2,16970638.867077928,-6.78214851314889,1,sell
10,3632480.240339766,1,9549729.529965645,3.155061119311349,1,buy
20,6086184.313229284,1,12132479.656036224,-1.8262713543943905,1,buy
7,2228358.9786459827,2,15968104.017200207,4.664395768286376,1,buy
20,3251710.577333717,2,5956907.9359996095,-1.9362482506362504,1,sell
3,2194185.570421678,3,21136725.115329802,5.903509917331952,0,buy
30,20674998.242498256,2,22495266.082952186,-7.535604324660767,1,sell
1,16242338.280265195,3,20945267.12125306,7.017708026356801,0,sell
3,11988464.993975705,2,25006280.09979426,6.383917060291408,0,buy
20,4548534.826753623,2,30097545.974492237,-1.8944072685895899,1,buy
7,35029447.86457229,1,57149571.366512,4.457889249861985,0,buy
5,44381983.363962196,2,61213458.729178324,5.05701197685773,1,sell
20,1972458.995897862,3,6047143.46809958,-2.1221888859889013,1,buy
2,2392719.4964859043,1,4006302.701169772,7.507419678032595,1,sell
20,7816842.291005807,3,10152422.743404271,-2.50695103963002,1,sell
2,1428999.1816731347,2,30895374.0567043,7.129245073528067,0,buy
5,5514583.766521137,1,34128696.35396387,5.665332528705785,0,buy
20,9737464.954514984,3,51106305.19277878,-2.436026889586528,1,sell
1,7708809.924137123,2,9054987.7736381,7.189101478320553,0,sell
1,3649251.177490254,3,11815498.596591642,7.167116345269143,1,buy
3,8348321.26524666,2,20998394.378954068,6.382851249389457,1,sell
5,42557299.468701825,3,58678061.49497923,4.75433290228797,0,buy
30,2238810.784485395,2,14652598.751684502,-6.982571499584097,1,buy
1,12958025.665746065,3,33292186.506013446,7.053074511230818,0,buy
20,1185030.9186067784,1,5265700.45186384,-1.4838784365247966,1,buy
5,1296699.9049473458,2,3314373.440328612,5.657857691980951,0,sell
7,8660432.886399714,2,10886719.18071245,4.370251095674803,0,buy
2,1507608.2996666895,3,2555584.5343178664,6.703871427718847,1,buy
20,1091356.2080752074,2,5028546.019446642,-1.7727488899320143,1,sell
2,1956119.7517780608,1,3387880.2971736696,7.569270309371856,0,sell
2,9113008.985726465,3,12630229.890820883,6.4500908469495055,0,buy
30,15665894.032288525,3,27342323.963650893,-7.559167285605126,1,buy
5,2208030.1893343152,3,35297620.18601884,5.242733673896457,0,sell
5,13656919.16796002,1,40354043.04806569,5.738792617343197,1,sell
3,2041840.4963470069,1,4728953.353853931,7.141258114475089,0,buy
2,11021628.458733467,2,12711303.685436625,6.99370360707088,0,sell
3,5010800.812116857,3,7139057.4757229565,6.012998015307646,1,sell
30,12905824.50459333,1,57540994.81329751,-6.822280657707401,1,sell
2,49041616.76194519,2,57622671.23945743,6.672268838026275,0,sell
3,39203324.14704293,1,41245371.471303865,6.530890484769659,0,buy
3,1016891.4085975528,1,27833416.325146683,7.128486274620121,0,buy
7,31939925.6851717,1,36632574.67354827,4.4515405881376875,1,buy
3,1297077.3230098353,2,35006511.5482116,6.632865769046602,1,buy
5,41609985.32445609,1,44382555.96012499,5.536463582691682,1,sell
3,3011711.555237203,1,7668344.144897325,6.839504513483716,0,sell
2,4457236.902439101,1,11666503.778444465,7.205533019721602,0,sell
3,1431167.8178422097,3,34280510.06965265,6.372611423747458,0,sell
1,1551486.670436968,1,31473638.159431543,7.8783436943932585,0,buy
10,17167633.02533133,3,26625910.187488645,2.520123712200501,1,buy
2,40215376.84280438,1,42596544.30156254,7.1463862367498585,0,sell
1,10905444.531083161,3,15750417.919972757,6.964428902001644,1,buy
30,16451583.421036601,1,61905500.286401935,-6.784374317340588,1,buy
2,19704423.82747097,3,30483672.14714738,6.417510174114533,1,sell
5,2795848.080208536,3,24031307.265905827,5.100665513854238,1,buy
10,1193558.709577849,3,7005304.683511321,2.7356895737146125,1,buy
10,1007353.1196824389,1,9021631.117881367,3.5795347130275808,1,sell
5,3942235.9476756197,2,9297491.12714703,5.524145029146876,1,sell
10,2571819.475927014,3,18211997.464828163,2.5883116054197517,1,sell
5,1276074.251472004,3,29241646.60320124,5.211848482223106,1,buy
1,2018427.6361537795,3,9296149.287234686,7.392529577333689,0,sell
30,1627495.8646483219,3,8188637.127018076,-7.2436391332130246,1,sell
7,35838590.94359518,3,39624206.43779569,3.634839696852958,1,buy
2,1731050.7013265865,2,3730369.140891704,7.201531472973795,1,buy
5,8193106.745598304,1,47616473.27688168,5.749145229536621,0,sell
2,10178158.909220463,2,13621737.198154755,6.783787407968109,0,buy
30,8382475.375651079,1,31309662.699452557,-6.48193542188891,1,buy
1,1473309.232842685,2,17892552.290208377,7.6480246121808575,0,sell
7,3480397.5482373578,1,25547498.34578184,4.828459480982943,0,sell
30,1222100.0362108082,3,40264900.35710866,-7.288873128951937,1,buy
1,4701444.521525163,1,16158901.183547366,7.877452634941887,0,sell
10,2091336.5473664103,1,35633471.25677759,3.5010166602284922,0,buy
2,8999053.371009655,3,10926190.95553012,6.509711825753756,0,buy
20,15033520.007163923,3,26641746.357851095,-2.786599208255166,1,buy
7,8017808.536821497,1,28532883.17789088,4.669146027155095,1,buy
10,5467076.139614364,1,8361153.481299977,3.3207047081055383,0,sell
30,4550591.630369767,3,22685630.42621147,-7.485645325711718,1,buy
7,26915909.964755196,2,47934751.77882895,4.08726924594038,0,sell
10,2358846.94541652,3,28191166.54903874,2.705345176592362,1,buy
1,17677259.424083587,1,21078040.563361015,7.7051186939599425,1,buy
5,19361533.348327316,1,33750484.93818058,5.8175355777900215,1,sell
2,5154757.487955454,1,8442646.904452253,7.418944495200673,0,sell
3,3199667.1337699853,3,21213554.80733569,6.169694284967586,0,buy
3,6301382.907401278,3,12418944.771683589,6.000314388452496,1,buy
1,1440017.1489621778,2,11796444.633015662,7.915531966449344,0,sell
30,1196833.528201908,1,6284277.683857719,-6.461033981585375,1,sell
2,1547428.132919222,1,3431962.8135241233,7.498726329313653,0,sell
30,2079475.4375713712,3,4086103.2651975276,-7.215424240892873,1,buy
2,7187556.880968532,1,8542082.572247162,7.1373449949933665,0,sell
1,27711349.413959425,2,38933780.40055285,7.182567978777787,0,buy
2,2513907.2694702414,3,30171296.561009724,6.668813150178356,1,sell
5,38798256.103918485,1,39883184.66629522,5.498512429720277,0,sell
30,41914075.77308904,3,43209878.612195164,-7.668030791493338,1,sell
1,42574559.24956136,3,48561744.5271467,6.77396951059824,0,buy
5,26484633.226251308,2,44405763.7258372,5.227038907601873,1,sell
2,4150761.9904787745,3,6004039.937125626,6.588421187437859,0,sell
1,1328886.1789954987,1,4223078.877544745,8.020562782603346,0,buy
2,9255629.53321518,2,11734030.539782736,6.6510106263876,0,sell
30,8895759.13409776,3,13659806.280269176,-7.480973202219373,1,buy
1,27802466.92278254,1,30213848.859010745,7.68592123650715,0,buy
2,49221961.92560063,3,53194376.6080296,6.201708752914742,1,buy
30,7300355.704708964,3,24589441.203819465,-7.654403957548173,1,sell
5,3859146.754535295,2,14775721.318427064,5.443418710632413,1,sell
20,2069385.6428999961,2,3443191.2429523356,-1.9591437271617913,1,buy
5,1018954.4220328038,2,13139181.520529479,5.651220702004759,1,buy
2,7327720.4423021395,2,13792292.850226004,6.944591024214219,0,buy
1,8786371.291304898,1,47494206.05946861,7.635773076493117,0,sell
3,25208426.18652681,3,28309551.791858025,5.785676605415379,0,buy
5,7198816.99596144,2,24327933.5783304,5.381315347024584,0,buy
5,36062201.38426398,1,53508793.81696326,5.701314742977271,1,sell
30,11670648.442639189,2,14049258.12764552,-7.137224514031451,1,sell
10,26773556.32776275,3,61014824.89734493,2.2517754200912106,1,buy
3,1786323.8594828304,2,8617657.932314964,6.749944425972396,0,buy
2,28391636.691828944,3,42628111.92058175,6.1661588155229845,1,buy
20,14029724.964796718,3,15799036.135634903,-2.6722596736349997,1,buy
1,1946349.4462163914,1,4687930.700820249,7.816015196779452,1,sell
10,2100886.5137603935,2,12004151.793692619,3.2443384114660265,0,buy
2,37505655.54897866,2,40989171.147246666,6.665516317030024,1,sell
7,1134313.0565795305,3,8196891.4269398665,4.259603228744509,0,sell
20,6107071.359161991,2,10426473.261326268,-1.9535976693665598,1,buy
5,3408671.227008156,3,15662778.748761754,5.05392830720361,1,sell
7,13487970.92537418,1,20212244.265831858,4.656258737731559,1,buy
5,26699623.927734762,2,27717821.70103,5.305555999392187,1,sell
5,4095167.017478198,3,16794714.788228113,5.026077413327532,0,buy
7,5312437.591356852,2,10526447.637473099,4.395252531016555,1,sell
20,46585296.35170802,2,50391878.71441146,-2.382451895636315,1,sell
30,21470919.114073124,1,22916200.828752767,-6.83628270367008,1,buy
7,33444361.280176885,3,35812469.22122366,3.8353228503368983,0,sell
2,5564726.856327069,1,7964567.538305923,7.315448643528053,0,sell
10,2498552.327150704,1,41328313.775915615,3.2920359083942596,1,sell
10,5008915.134793118,1,10439249.488696508,3.388259786998758,1,sell
7,16467159.373702593,3,17646036.693927348,3.8907040269254125,1,sell
2,1534330.7020224647,3,3255586.3536052536,6.75197474806362,1,sell
30,2880838.4015412745,2,4243142.757989944,-7.037859150690734,1,sell
10,1200142.9989483876,3,11211003.979616443,2.5842750318802805,1,sell
2,5426825.273179729,1,7502046.095294586,7.337414351562515,0,sell
30,25456898.187536318,3,32488179.539314233,-7.79122896949636,1,buy
2,1101292.9691379664,2,5354576.59888261,7.240903517652934,0,sell
5,14039589.678274874,1,37254224.26396811,5.769656820903997,0,sell
10,38395693.83394702,2,41899195.11326768,2.4865015406099333,1,buy
30,2526581.6050162935,3,8532498.363446975,-7.412303377005009,1,sell
10,15082203.223968094,2,31887357.804135308,2.9542883419137276,1,sell
5,45359565.01425574,2,50807735.659704514,5.07048558239303,1,buy
7,43140140.98063713,3,65406510.016818956,3.7423489283577402,1,sell
5,2506903.7044709423,2,15817020.720152812,5.646925321136349,0,buy
10,1480673.9982359083,3,6463510.652484252,2.7620897781501133,0,buy
10,1786189.7138118928,1,8968268.657361533,3.619984691064411,1,sell
20,15586103.028661754,2,59565539.43110846,-2.1276279915022522,1,buy
30,17101829.0053639,1,30408152.79320789,-6.702395783215835,1,buy
7,13980016.823327128,3,48459420.25590344,3.9128137621810746,1,sell
5,3723806.4503534026,3,5736164.871297977,5.05810176800184,0,sell
30,1942879.7781262058,2,8565101.75897254,-7.033518370496333,1,buy
1,9698301.357343487,2,44675813.9128442,7.393537257500042,0,sell
30,6633741.879767898,3,10166453.732303225,-7.365637287365481,1,buy
1,17308815.71620857,3,61367593.65432118,6.788644998927517,0,buy
7,5621568.859794513,1,7083516.2502538385,4.772251050512091,1,sell
5,3761306.145359483,1,37928651.86563733,5.860857743315156,1,buy
5,3152182.1096434765,2,8859105.478060352,5.433675798551325,1,sell
2,2287081.972029739,2,3621491.470223954,7.088050728088153,0,sell
10,2828102.3449577135,2,34037170.66810949,2.9901549099366966,1,sell
3,1449152.4356224781,2,4128560.5222679367,6.52403807597352,0,sell
20,3884182.7694886993,2,4975126.361839378,-2.0910169012815336,1,buy
30,1153801.2742890741,2,2854910.495388397,-6.677784109857099,1,sell
7,2073535.7846489016,2,15250524.557396205,4.599427300454777,0,sell
3,18566950.754805256,2,64409883.145110056,6.396907389381542,1,sell
30,3572416.191685292,1,5118990.643753442,-6.649385456906303,1,buy
3,13655721.393156152,3,19748787.321663734,5.754242986935489,0,sell
7,16518275.717047373,3,18545473.309430942,3.8425439295328516,0,buy
5,9714410.78714967,2,28155846.270917073,5.5157160018883875,1,buy
7,42540119.52486331,3,44127125.381411135,3.49234558332649,1,buy
30,1087491.0471737757,2,3643038.4227321637,-6.98713013346956,1,buy
3,17986584.278026532,1,20142778.35004504,6.627140099677798,0,sell
10,42554917.08009714,2,51238811.48098645,2.7303575400831672,0,sell
20,29172510.428029507,1,59617342.336163074,-2.0215236831950394,1,buy
20,1928611.0348835262,1,9313210.105177302,-1.4836047051749253,1,buy
10,3591351.365849755,1,4847247.949951606,3.398096913300915,1,sell
10,1963317.3438738666,2,11024416.72780862,3.2160302162602674,1,buy
5,10510052.210768301,1,33154631.462332577,5.970658152089682,1,buy
30,16217578.87543255,2,17894564.790910937,-7.306032776127979,1,buy
1,3456995.5723692393,1,4786023.699008273,7.874133586354496,0,sell
7,8252879.1637246525,1,10337753.006595042,4.769574487389156,0,buy
20,14922903.270811073,3,33440229.725765985,-2.6964384538209325,1,buy
10,5198088.987745966,2,15319645.049382336,3.124368968662143,1,buy
7,28245337.568108466,3,36533420.75843668,3.676030295351913,0,sell
20,20456917.650019478,1,23110660.625966344,-1.7372705958637331,1,buy
10,1287848.6270612862,3,4956107.778422495,2.7183920226755713,1,sell
30,11357251.735092912,1,55110435.90722948,-6.778840070591013,1,sell
20,2510793.8276033807,3,5074185.933210306,-2.3290261316918874,1,sell
5,8855371.971739098,3,42885887.53014746,4.9173416920483,0,sell
1,42240082.86695545,2,51929677.59032625,7.203740867739473,1,buy
1,31153007.359082885,2,32772865.556464016,7.215368061529254,0,buy
10,4866998.755061097,3,11089281.088378329,2.710451885547803,0,sell
20,3128047.2255278234,3,44012276.815110154,-2.3110860187102826,1,buy
5,2501775.462293596,2,7643755.61601386,5.439500897917887,1,buy
2,8030207.925581044,1,37330225.15429497,7.265234081874935,0,sell
7,1563524.5151910386,1,4290395.937079774,5.189568375740135,0,sell
7,8574360.972386686,1,17906465.845921174,4.713481614582432,1,buy
3,1005230.8618041218,1,28149573.893070858,7.247780279990406,1,buy
5,3549856.5910256137,3,40212353.96540627,5.177873929577384,0,buy
20,2364078.0034631337,1,9053665.341736648,-1.4516063489422013,0,buy
30,44675723.230896726,3,56888400.97929857,-7.996554278780783,1,sell
30,17201364.0288632,3,18213090.59235649,-7.594280065346618,1,sell
3,3926906.9025290688,1,6619798.082411556,7.098110819973725,0,sell
10,1437940.8349227335,1,4413191.110635937,3.4572059959774672,1,buy
20,7551421.43931787,1,8993011.64305488,-1.550981514211708,1,sell
3,2304844.0622489294,2,5291556.689401945,6.590393413193443,0,buy
1,8154131.443121018,3,11666310.928819997,6.8976924928678836,0,sell
7,26257633.51714447,1,70506733.57928073,4.570245410121268,1,buy
20,11122773.023953475,2,24798026.641897686,-2.3402616420454816,1,buy
3,11934040.679902112,3,17227868.983978294,5.923692250946021,0,sell
1,8302219.904763395,3,56019413.26998351,7.016586811844414,0,sell
5,37618068.75629997,3,39439182.68378602,4.980125904372124,1,buy
3,38306697.113992184,1,44745375.00374371,6.5794746889067115,1,buy
10,7431925.357119705,1,20002041.219326302,3.4354557456606476,1,sell
10,3307319.8481144817,3,4550201.654663361,2.516651759608603,0,buy
10,6037046.727659186,3,22562734.87519622,2.5060530969955783,0,buy
20,2074704.7291532012,2,3552695.21026678,-1.8801077018431736,1,buy
30,12053964.390571017,2,13785117.317851404,-7.26794617430074,1,sell
30,7073622.482260569,3,8941324.946019698,-7.521808446532054,1,buy
7,1497974.4751696645,2,39355825.05752984,4.735218572599273,0,buy
3,2166694.3535465053,3,16647632.452621117,6.424635234924918,0,buy
5,6529505.720580567,2,19517786.37435653,5.494322247267465,0,sell
3,32209729.041401714,3,40995235.21164465,5.696684245411008,0,sell
7,9168131.737749102,1,12312030.906430569,4.756518109767211,0,sell
1,14384922.361724885,3,25731711.495771274,6.786269567102294,0,buy
7,3767032.235808015,1,8742478.857941158,4.922327439502854,1,buy
10,9349982.90683362,3,11116255.284491234,2.605963061562443,1,buy
20,5755524.3973370865,1,20601375.87198045,-1.6382722148624378,1,buy
1,13177770.826768583,2,14837954.797608841,7.303569309469006,1,buy
20,1218782.9489661641,1,3327120.7718350193,-1.4371226115454423,1,buy
10,6888144.838144162,2,31392687.606288053,2.9233780409526737,1,sell
2,3183336.813278005,3,16412097.06413753,6.789073903586097,0,buy
7,3582437.604233946,2,15386596.421331923,4.5813202016705,0,sell
7,42911124.23821707,2,48045811.37169708,4.020246061778876,1,buy
5,2043586.4138343437,2,6756274.6875369735,5.5310715562878965,0,buy
3,3379063.460532596,3,18263605.19494113,6.235553018762337,0,sell
1,7350082.124444874,1,25432113.277364723,7.8348445977773515,0,sell
30,29258826.10865568,2,36618133.21627352,-7.500854930485284,1,buy
20,5103991.859812938,3,49440284.22232621,-2.344443962034287,1,buy
1,18357130.677069437,2,60401213.57980688,7.2113940662602785,1,buy
5,28507156.854998976,1,33527175.52613692,5.515833424318848,0,sell
5,3362857.6918680063,2,28149208.661121707,5.6183374153071535,1,buy
20,4648049.891155844,2,13023261.083942123,-1.9375125960692197,1,buy
30,4034394.1824682006,2,11438249.143791413,-7.024773651493027,1,sell
3,26001418.22158193,1,27241305.749963436,6.644037852349264,0,sell
20,1189443.9680430247,1,10633657.902212858,-1.4872918178327836,1,buy
20,3341936.384578701,3,37230634.9293575,-2.4590970125435403,1,buy
10,14265754.96274115,2,35421289.79312655,2.756707512416303,0,sell
30,9134221.62829836,2,30807731.240637496,-7.174172970741431,1,buy
3,5511153.845456184,2,7380607.225776831,6.378461912440997,0,sell
7,8267150.463742553,2,12331535.64025212,4.464125509876954,1,sell
10,2166158.766469736,1,4656209.285192974,3.4918332864232653,0,buy
2,5392307.131355761,1,8833670.95347003,7.24549526067564,0,sell
30,7118333.335928035,2,16770392.179867025,-7.16395056004309,1,sell
3,33969823.19189244,2,38136182.84600409,6.037232683394097,1,buy
5,2774285.2806812194,2,11740492.534679852,5.53591165860223,1,sell
10,29813611.925232552,2,35372660.48435346,2.8240210379367747,0,sell
3,12432166.43395718,3,15500843.846014833,5.943045445618388,1,buy
1,1082825.4681106377,3,2535229.925314326,7.298085830145763,1,buy
20,17026559.703922186,2,49776219.111492544,-2.3825519406510027,1,sell
2,1149215.7610816208,2,2194713.282802908,7.315543833104412,0,buy
7,49490360.50189851,2,50496846.01396861,4.106180557497041,1,sell
20,30379705.329432942,3,55772152.61362836,-2.7132166116886864,1,sell
1,3200207.274204446,1,52580298.46433072,7.806758262621337,1,sell
1,2737372.87137821,3,19929352.7565346,7.13348981643645,1,buy
2,4446895.838622994,3,5508468.663971929,6.479621449573467,1,sell
7,4028255.331843926,2,6455647.2149785785,4.4185382329057905,0,sell
5,4291318.85591059,2,49072713.75007314,5.306379974850424,1,buy
10,3473300.0688600526,1,27121297.515473824,3.214597017200948,1,buy
30,11357611.967093807,2,20540429.041771717,-6.956805144925512,1,buy
7,1901424.2895670054,2,4427342.2476429865,4.621448572533943,1,buy
30,27371389.20393021,1,28429215.962936446,-6.7930678504297815,1,sell
3,24002001.127811436,2,25087034.30099162,6.183777261209034,0,buy
1,6449568.767560337,2,17407715.97717935,7.396385392542004,0,buy
3,28103643.829700537,2,29192803.879366748,6.082538064774932,0,sell
5,2629614.347843538,3,51399058.586473055,5.212633718459552,0,sell
3,1071132.4644900507,2,3120234.724833955,6.764118962340856,1,buy
7,11272381.825895397,3,27396296.44155748,3.980840301910222,1,buy
3,5997556.489016516,2,7831735.906176021,6.425511718019579,0,buy
5,9195927.775559232,2,17467775.329369,5.3895529779271785,1,buy
5,33724900.70276286,3,35095644.095318325,4.717087557676177,0,sell
5,44450275.385633945,3,64528880.71776061,4.821915279717792,1,buy
7,11965114.352799814,2,21822537.38725935,4.182944512307376,0,sell
5,19865867.23865839,1,21266726.89285439,5.561872705742185,0,sell
1,1387995.3609870544,2,29039736.433185156,7.6273898591016325,0,buy
20,1875214.523528722,3,10374222.13767919,-2.422608843660793,1,sell
5,17607308.379132066,2,54399672.18611877,5.10666250003479,0,buy
3,5406011.57578623,2,41490089.92677604,6.4191891187140975,0,buy
10,5723762.66355246,3,42360359.30789336,2.4887984495824704,1,buy
3,3344376.73949765,1,4700049.0381699335,6.898863566172002,0,buy
10,10761685.039518977,1,12366790.636081874,3.236888428858566,1,sell
3,2063430.5587370507,3,49715585.3454403,6.2494868283609275,1,buy
7,11617480.542752907,3,18353745.63541762,3.933794908114834,1,sell
3,1973690.4742604387,2,4513016.8891783515,6.770040193445634,1,buy
7,1283626.0392146618,3,21590210.385034632,4.281218422900171,0,sell
7,3641395.1027684333,3,6453377.925520587,4.256451568220485,1,sell
5,2470020.216502099,2,19669592.244852375,5.666320401257658,1,buy
1,32386955.75781356,2,58842909.44362531,7.281123444658329,0,buy
10,1239836.0780554158,2,22739910.020128928,3.011936959062228,0,sell
5,1995544.2665017152,1,4916997.953045454,6.013352733961169,1,sell
5,8555751.275135519,1,13367887.471545413,5.80855126239321,1,sell
20,6566269.8594297385,3,11602447.711341243,-2.517726913711857,1,buy
7,1196468.3199241727,2,8030200.458858325,4.68835191538821,1,buy
7,1028777.974388305,3,2953470.918971052,4.194079973448603,1,buy
10,47719709.98966028,3,53590993.386183076,2.3508393786699395,1,buy
3,13162560.904582093,1,20538290.383115873,6.705919798006242,0,sell
3,4176515.0988998814,1,12181446.89954836,6.921491902357639,1,sell
30,6298690.6304114275,3,31015148.79665502,-7.561557984746498,1,sell
5,2837008.645742585,2,10404218.79818182,5.697205725284201,0,sell
30,3854164.2061923207,1,6320742.820879538,-6.524253838493271,1,sell
2,12667971.608797941,1,26053509.73140891,7.315089977418355,0,buy
2,31613367.921609823,1,54239630.08416157,7.272880994430275,1,buy
30,2055092.5558635383,3,5543304.633902432,-7.331657624469663,1,sell
3,26776202.910222486,1,39260250.542360194,6.655437190046308,0,buy
2,1608870.4213901903,2,3385689.6587555297,7.179316593333698,0,buy
20,2318810.9312721416,1,6128789.521158488,-1.5847668619828825,1,buy
3,1156537.4473757392,3,36211070.26636983,6.316208540084739,0,buy
7,1734742.9450419156,3,37076263.74401264,4.136157499864255,1,buy
5,36180163.824851535,3,45674381.880819574,4.747073101548686,0,sell
1,6033546.2941651335,3,21638916.091442954,6.862706195229643,0,sell
5,1355039.5444656692,2,29600364.37791893,5.574793620007025,1,buy
30,42711724.856048524,3,85227794.46321948,-7.958928711015669,1,sell
3,31144514.479399577,1,37941281.25179815,6.724179001606273,0,sell
30,19150625.598665394,2,28147679.6936173,-7.1863093107649165,1,buy
20,38542712.311473094,3,43626209.1088967,-2.806921444151236,1,buy
3,2365883.105748008,3,3691124.9857729813,6.0926685145925354,0,buy
5,26361270.731689177,2,31589208.598494988,5.313434063009226,0,buy
20,14868746.113484759,1,36910803.77802637,-1.6361206847078664,1,sell
20,30039650.534600105,2,53346110.75636998,-2.2430489603597863,1,buy
20,22590656.203783307,1,55409399.75170119,-1.7453079495710053,1,buy
10,3878686.8608039743,1,5101726.092774554,3.3911679872909715,0,sell
3,20686160.301105853,3,28549731.717012353,5.627547158392391,0,buy
2,2791935.5342917545,2,4314273.16460184,7.032011608828824,1,sell
2,3616331.4528294303,2,5809413.843782939,7.015731856615857,1,sell
3,1525206.252100812,3,35366022.90375718,6.341589794850853,0,buy
3,38785297.07913714,3,45768158.87302937,5.700601618365939,1,sell
10,3121806.5362340454,1,22563991.36830555,3.310052054908877,1,buy
2,7665172.83673501,3,8951604.33351103,6.309162632848196,0,sell
3,4622349.192269939,2,9729465.249962928,6.531201182215986,0,buy
3,42745370.25032425,3,56725590.4697657,5.694179073128049,0,buy
30,3708843.35797121,3,5394051.738004395,-7.511869825882503,1,sell
10,21024515.554395948,3,24601810.949401706,2.395041070502238,1,buy
10,28400526.284279294,3,29687781.868715573,2.3662344325618414,1,sell
5,5496451.155145097,3,18278692.760333773,5.018542184465511,0,sell
10,4390384.62939015,1,49008901.13721895,3.473688754455852,1,buy
1,18637931.90316706,3,44055001.70848271,6.91648777269182,0,sell
2,35561730.60063108,3,80836415.97686642,6.238130548647778,1,buy
5,19169305.104864173,2,46500409.586739555,5.225455995393104,1,sell
1,2431536.999135495,3,30807592.34705787,7.130193954549138,0,buy
3,32300423.573599588,2,41863700.72419798,6.167014954588587,0,sell
30,4555013.067326078,2,12149442.163649615,-6.882754246259709,1,sell
30,9527884.552082542,2,14428084.629059047,-7.027043310181449,1,sell
3,25857359.747636702,2,50399853.40237707,6.252787484039503,0,sell
5,2089666.8767811735,1,4128245.2473964556,6.169042545205949,0,sell
10,21520838.510178905,1,22766856.881110616,3.2435227543279126,1,buy
20,10300604.475002015,2,51080224.23995083,-2.1729970303773882,1,buy
30,32942810.883110095,1,33957701.00002359,-6.8788083168032745,1,sell
20,1959623.1184828423,1,47626752.956874214,-1.3670950556427295,1,buy
3,5184734.263103426,3,22494851.648529455,6.056457416262431,0,buy
20,26000124.83112308,1,29615137.395097177,-1.9204628721861017,1,buy
7,1078137.3393393508,2,16409296.130527912,4.870784421413419,1,sell
5,1551053.4233054537,2,26072458.935479872,5.687483836995788,0,buy
1,48188186.645812556,2,50799522.75003984,7.2102437554087535,0,buy
5,2994892.917684509,2,23399519.079414614,5.460556477568309,1,sell
2,45437938.98940283,3,68697411.71000431,6.3056530938806885,0,sell
10,2042281.6255533418,1,4694724.486158023,3.4715543657458277,1,sell
10,4106658.858831772,2,5284893.042155534,2.9795837632574376,0,sell
5,19015274.68509943,3,21237548.856582314,4.751923530178928,0,sell
3,13108282.228149535,2,15300543.088264018,6.282855696580918,1,buy
3,9712019.066373724,1,11002767.404974895,6.609177650927916,1,buy
7,7948456.559084798,3,25066919.59736038,4.095297083088137,1,buy
7,27100669.14626697,1,31522132.186808746,4.539362971626991,1,sell
10,2507093.6725968984,3,34315768.08211545,2.6933811069068865,1,buy
7,5646051.4680440035,2,8327880.849477581,4.318704131172682,0,sell
30,1836998.414540376,2,7725812.635471102,-6.844397772143961,1,buy
30,10291694.722920783,1,22472372.200051777,-7.010422674486841,1,buy
1,2664817.437798939,1,33623796.42019204,7.859359111412303,0,sell
7,3691370.638720781,3,11477390.6447161,4.235201040364579,0,buy
1,6318890.536686315,1,10630179.561552579,7.751232171458222,0,buy
7,1110407.591130105,1,30829299.447678626,5.063198337208142,0,sell
10,1432846.9230047187,2,4798732.665943187,2.9283448476300027,1,buy
10,14634341.020720998,2,15998730.881324451,2.9237851959486605,0,buy
1,5355587.632669258,2,11058716.583461799,7.4169448034822905,0,buy
5,29461350.25045375,2,51031341.96815192,5.313131470679036,1,sell
10,15143522.14734144,2,16271487.370363053,2.714480010099301,0,sell
5,1032198.5790305538,2,10926755.706717413,5.547046965893921,1,buy
3,11162867.023336682,2,21395245.30186379,6.471247948561893,1,buy
30,1442898.3477148134,3,39249235.57271864,-7.216798304048276,1,sell
1,21221791.71963789,2,24288660.05549462,7.241898245940806,0,sell
20,48366183.74640379,2,51342883.57158229,-2.4551251180105798,1,sell
10,7988970.504894776,2,13591298.235502563,3.0007226809331473,1,buy
2,14455126.292814994,2,18495185.33204344,6.60607832105256,1,buy
3,2530402.6921568518,2,20355402.487028923,6.637800065869625,1,sell
5,5539434.616059261,1,17851120.57767528,5.717946195677705,0,sell
10,28476085.63619597,1,47946898.335018635,3.132281364673789,1,buy
1,1925070.1780785294,2,26655200.531450238,7.7987788753877165,0,sell
20,2825771.424444771,2,39818576.07512331,-1.963331288620151,1,buy
7,5711871.824581262,2,11108824.142237822,4.42410438742837,1,sell
20,16221443.673394727,3,63316067.04313858,-2.678891217022744,1,sell
2,4351265.309414796,2,6676149.118967062,6.9587379931471895,0,buy
5,37686804.55528595,3,54043101.34270097,4.699062924926933,1,sell
3,1447037.202759665,3,9524329.740508348,6.245528214120179,0,sell
20,4265649.909102375,2,28693745.280947156,-2.051092899976756,1,buy
1,16013703.759669065,1,22470525.75088462,7.657725828772488,0,buy
2,2420720.991553258,2,23893498.6268367,7.0081743788913125,1,buy
1,13038457.793981578,2,51086187.27833828,7.293562566448597,0,buy
10,1901076.9064355572,1,19445778.764116313,3.4975844683413526,0,buy
7,1244826.4993197452,1,22068671.035728298,5.232647488973972,1,sell
3,1605469.5493990798,2,2906025.506702722,6.786617861304924,1,sell
1,38020362.30413658,2,40249910.78448583,7.174691617994547,0,buy
5,8657812.974544974,3,53875967.1442507,4.924512440179402,0,buy
10,22540709.690742105,1,37596512.805275545,3.156943831436791,1,sell
10,3674261.1337112947,3,12666856.234470157,2.5186196140655346,1,buy
3,10160363.965592753,3,14362613.625395983,5.8889976449304955,0,buy
10,6932802.507151668,3,8122442.570872495,2.508610866022347,1,buy
5,40437139.381087966,3,44675040.65480363,4.666203429704772,1,sell
1,18625454.646504197,1,25666514.019818623,7.587069919978672,0,buy
3,17424888.90228389,1,19711874.15209032,6.615118517116624,0,sell
30,1198816.783249557,1,3167401.9800951956,-6.199224254193865,1,sell
10,8587609.34516228,2,15895372.619017933,2.887506262369782,0,buy
10,6214475.389378423,3,16109883.76146889,2.3468284833303104,1,buy
5,37703023.58275182,2,40259332.574433915,5.1628139623356795,0,buy
7,2736631.482291554,1,12689702.387269497,4.9913062393810375,0,sell
7,2873683.559132477,1,36730848.73839077,4.9320552473509975,1,buy
20,4998790.528240292,2,11365384.771610677,-1.9858517851493733,1,sell
10,2591062.2264369847,3,31211757.527007278,2.5969935693439687,0,sell
30,1657599.4783801148,1,39276523.53987329,-6.4920223589651265,1,sell
1,28623458.396887,3,30058864.153932307,6.776771493632177,0,buy
3,8881678.921402944,3,10336404.247959899,5.896231294322098,0,sell
10,29068955.18499471,1,35507456.48122482,2.98823303635117,1,sell
2,25826944.898837607,2,35807815.20671521,6.709054132264663,0,buy
3,3014265.4855292235,3,8305575.794300345,6.1537208793150535,0,buy
20,8522941.119831925,2,12109104.46165655,-2.4089086175765138,1,buy
7,1384791.4733946815,3,13660025.375122346,4.1985410650916695,1,sell
30,35890994.917977154,3,36899171.08595598,-7.777541517134755,1,sell
10,4862170.978531688,1,48991514.43483082,3.37561794399965,1,buy
5,4664918.147525791,2,7144025.934352837,5.545875827382661,1,sell
2,3268679.15402167,3,39419927.5197312,6.587137249519776,0,sell
10,6062529.771866909,2,7594367.568052952,2.9817124428104,0,buy
30,2677513.3571664565,3,5215579.762682723,-7.48874368955753,1,sell
20,4333739.151775044,2,6840098.702235477,-1.890813519817594,1,sell
1,22860516.614902396,2,72113654.45889857,7.214952779151771,0,buy
2,26144183.106750295,1,27162343.477376413,6.948867863644214,0,buy
20,3286978.817485873,3,15497273.104297526,-2.3229285140364926,1,sell
10,6263851.441679472,3,36294963.49199717,2.4920767643268675,0,sell
1,30520636.684036933,3,44393712.92178388,6.959344253909752,0,buy
2,1228826.0538824655,3,5361906.673718467,6.928043987915105,0,buy
1,32406387.437085196,1,74881922.86557409,7.655317127565494,1,buy
1,2357152.2168345572,1,35323053.99381741,7.6806181316553435,0,buy
2,14217322.755138554,3,19678375.771684054,6.370175260796291,0,buy
2,9766475.346893288,2,19186844.280637197,6.977393080462938,0,buy
1,8698207.131241638,1,52731998.32674818,7.8523008790193245,0,buy
20,28842124.33937194,2,75544673.08025491,-2.407851357091169,1,buy
30,1487880.408647716,2,7298684.754948107,-6.871385520350573,1,sell
7,3886782.20478963,2,31405125.294206657,4.551212708554634,1,buy
2,8212497.886307056,3,11471280.176647276,6.317661962401101,0,buy
10,23897662.736042414,1,28180177.98777772,2.9624972498169884,0,buy
3,2332009.452044278,3,4237590.545607335,6.413822339230608,1,sell
5,23128832.773021452,2,25395555.236210257,5.187466053113706,1,sell
1,4775004.600418554,3,17836955.207991872,6.869238861774545,1,buy
1,2093914.65022494,2,9469604.526475573,7.517389862446942,1,buy
5,19475795.06491632,3,21945733.32906262,4.877117436563699,1,sell
7,1427034.612649926,3,6263536.40058121,4.324985322796941,1,buy
5,7491595.632049422,1,11797134.403586935,5.725270693516955,0,sell
2,1283875.882604835,1,48871647.75447377,7.4419865949205715,0,buy
5,4032210.9523134013,2,32227902.71269904,5.573259193645722,1,buy
1,10500535.603735814,2,15062408.315068185,7.244881188244102,0,sell
5,8806911.332898315,2,44510909.70324282,5.341026301920598,0,sell
3,4869646.290231576,3,8690208.299046004,6.124349597959204,0,sell
10,5357222.352004063,2,18995032.363448206,2.893983701711944,1,sell
2,2428145.2872269265,1,46312462.84450722,7.664575317873254,1,sell
5,5950190.130121221,2,10553519.853073088,5.341249903888138,1,sell
1,41643901.09576266,2,55936268.181550734,7.0912498943511855,0,sell
20,27854412.152358238,3,31036892.119479883,-2.7498069020176885,1,sell
10,1765006.4150554712,1,4599377.02440439,3.4491862863624343,1,sell
2,1123561.0217238446,2,10574499.890842812,7.290614300218494,0,buy
1,38550481.39476681,1,84654754.41299437,7.505043320465644,0,buy
7,7851127.402515095,2,13737677.127140753,4.669440081495785,1,buy
3,8199178.262426775,1,47374907.33070348,6.787442692492128,0,buy
30,21203934.62456642,2,56970414.0730102,-7.246495376946209,1,buy
7,3424893.94180781,2,6123472.507983429,4.354575551628425,1,sell
30,6587892.507517983,3,11403810.908481184,-7.546996628741735,1,buy
3,44231252.118372925,3,56617837.900874,5.787213900635655,0,buy
5,13866295.70707858,1,21454594.41922164,5.751229411466951,0,buy
2,1824770.2745233928,1,3280332.1232174393,7.40159329710491,1,sell
5,1684023.8914699033,1,50466422.04928071,5.9739684863448534,0,sell
3,2223513.1249775128,1,21222768.124876775,6.656260979000232,0,sell
3,20073362.93105768,3,25614884.67949429,5.760891335179052,1,buy
3,3175679.5289124805,1,14402320.226315863,7.095568107690925,0,buy
30,1087274.0151788825,2,2495860.735617753,-6.789506007900883,1,buy
10,40190547.500384435,2,47132835.92162877,2.745734112665497,1,buy
1,1942397.023048293,2,40089042.53214785,7.429748216947976,0,buy
2,1038099.7144024784,3,34403637.83761713,6.803847590912071,1,buy
5,2528596.191784452,1,6271424.767053345,5.946016617600496,1,sell
5,2507880.620469628,2,10502136.810892008,5.496765280436413,1,sell
7,5211638.250018274,2,20516650.760943353,4.423733271657304,1,sell
30,36619694.42729301,3,40401206.973909326,-7.804947896204296,1,sell
3,31167990.553515404,3,32456916.141436346,5.6558975761778605,0,buy
20,5973792.648162582,3,13197002.189803977,-2.460683798210016,1,buy
3,4990069.718235902,2,15513590.637201399,6.540869432956664,0,buy
3,8768873.198669372,3,9791988.790997012,5.888812442678227,0,buy
20,2591916.8424760904,2,4045298.5600322643,-2.019653554945603,1,buy
5,1226480.7494904215,1,3476470.7377641974,6.149299150657258,1,buy
7,39419729.03694012,2,43322116.570044294,4.14134588979851,1,buy
1,2075850.0323244503,1,10378749.861786801,7.95310272017749,0,buy
20,2173085.869592295,2,5329764.02541041,-1.9091835157133854,1,sell
30,6348862.580178795,1,9294830.520934528,-6.477316915099739,1,buy
10,6842839.073832904,2,36834357.80557855,3.02000369781019,1,sell
2,1074778.9928921242,2,2838527.6164310966,7.361324760385273,1,buy
30,1783900.6476821164,2,8730494.451322839,-6.815195445328876,1,buy
20,4390092.729790603,2,45963978.02401624,-2.1031430078440714,1,sell
1,14509015.321468882,3,26040328.3744997,6.845564333641795,0,buy
5,2443858.781649854,2,18982910.19636232,5.4873291001726665,1,buy
10,5232254.444475292,2,10635549.868328929,3.0084631123835335,1,sell
10,8849373.938743709,3,9930469.673816722,2.435209769592026,1,buy
10,32336424.2755442,3,44860800.778870046,2.1834790660714636,1,sell
3,3580832.468548988,3,15428160.109717313,6.092984892370074,0,buy
2,1686209.3282808086,3,3226537.4415251175,6.579920227759056,0,buy
5,6780454.964628742,3,12878568.286740093,5.107311979612974,0,sell
5,18563403.419418547,3,54465219.77460292,4.755327676026133,1,buy
10,1536909.984241869,3,3767567.920725922,2.825332533365317,1,sell
5,5266529.409532646,3,11339384.989160787,5.091784947291982,1,buy
2,1072053.40743236,3,7145014.245606745,6.846930604242329,0,buy
2,1140291.9095616722,3,24988701.11929445,6.665311200722947,0,sell
7,6614899.91505021,3,31787592.37571148,4.0168650140566555,1,buy
20,3210910.9775934713,1,22708278.09904985,-1.6307949762705745,1,sell
20,27277963.972870734,2,31455263.86157168,-2.482277351641228,1,buy
7,10544891.22312398,2,11870418.212124024,4.482313321022337,1,sell
1,5904980.747436628,3,9829270.762168875,7.018114954578239,0,sell
20,4932532.54167256,3,19219658.058920737,-2.4898173829949775,0,sell
2,6995280.852994444,1,22624790.421825305,7.4390505150058654,0,sell
2,1171397.6845462916,3,44773397.63455017,6.872440747616011,0,buy
20,32872227.403691817,1,38770472.90258476,-1.6053136126362242,1,sell
2,49669194.48348066,2,61540243.14093827,6.5058561434965645,1,buy
7,2033954.255874472,2,10276647.08828237,4.534153017772403,1,buy
10,1601500.3805050459,3,3404088.132000927,2.9217559194879854,0,buy
10,1753613.191155531,1,7828933.302970527,3.4282368758801756,1,sell
5,13275935.812893763,1,21702656.23090042,5.63029764170546,0,sell
30,13297443.208025007,2,54535202.785888426,-7.204985190147661,1,buy
30,27580219.463934593,2,31775286.053025994,-7.1439109188273076,1,buy
10,18937841.71780721,1,65192872.835157536,3.0958678902101853,1,buy
3,5807768.091200727,1,14151331.27528686,7.057950156153433,0,sell
7,10995699.847829705,2,13577650.701181948,4.3309604185586945,1,sell
2,14769813.429786101,1,16886380.54580237,7.321168517498295,0,sell
20,7432311.15437479,2,9173057.187616952,-2.141737896721625,1,buy
10,6428605.19803803,1,12310528.55293731,3.2171057707764104,1,sell
7,12473869.89677194,3,13563432.896053039,3.9702910058003127,1,sell
10,8853857.683926541,2,14557057.489811052,2.7201839994058394,1,sell
1,12417628.455270724,1,60200244.600839645,7.549450047161994,0,sell
2,10995674.571907531,2,24751648.550934352,6.902966289661365,0,buy
1,16668379.644592397,1,36205197.594428964,7.611224856135676,0,buy
2,12362430.985049348,3,13955323.931610346,6.27651675472411,0,buy
7,7638830.868925967,3,14003622.240551755,3.9281545658135864,0,buy
5,14399663.104278687,3,17463632.783143643,4.947094330752341,1,sell
10,5803050.852619643,2,38843419.24858332,2.836248316947441,1,buy
10,2573902.927489729,3,4606308.94440242,2.3760363713230968,0,buy
3,1005563.529054496,2,7022482.497922936,6.683104481122237,1,buy
20,8940509.922318753,3,18919243.661757257,-2.5001190470959864,1,buy
1,10081044.06109853,2,17551384.527895972,7.426757134678,1,buy
10,44821050.782814726,3,70558105.76403183,2.3190082468770155,0,sell
7,4112830.8345236117,1,6585875.700943496,4.867234876412107,1,buy
5,4673266.5995912915,1,9050262.869569486,6.053553866194009,0,sell
20,2202173.010000131,2,24370221.40002585,-1.9333903823895557,1,sell
7,1317757.9709448006,3,9209583.741680672,4.2350245291378705,1,sell
1,20557564.0759864,3,25379099.661531776,6.80736128867321,0,buy
3,2655832.2419825327,1,3777907.4049450527,6.9644468996451465,0,buy
10,10827073.733612772,3,29880769.966090366,2.4855186797523694,1,sell
7,14740280.811553536,3,59584677.87013938,4.026922510523281,0,buy
20,6318543.746097115,2,17638611.420793973,-2.1368522879317293,1,sell
2,30824493.79500569,1,59350294.35134849,6.993934077883267,1,sell
5,5675369.2515491955,3,13229011.004312744,5.047827193607905,1,buy
20,3048254.3660908686,3,5523504.033505206,-2.414742653448643,1,buy
7,33289210.61889135,2,34347334.952388585,4.050323651139141,1,sell
5,29091885.911546167,2,41977468.46090691,5.303472175362672,0,buy
10,1899760.9201826686,2,8782750.975019433,3.2188256974456744,0,sell
2,1106896.442025587,2,22425624.62708437,7.037532564593656,0,sell
3,1421944.8775440257,3,16566083.969255228,6.232376288306107,1,buy
20,3067859.279537905,3,50765998.767640024,-2.314226498219795,1,sell
3,44858034.39335714,3,52220203.21560098,5.908837872976261,0,buy
2,8890008.805927759,2,14208116.824745959,6.858677311775449,0,buy
5,4306857.340191076,3,7377025.27395821,5.162355266803035,1,sell
10,32352063.55819535,1,38811178.76734212,3.0298736780964552,0,buy
7,5886606.898651513,1,36294228.97553671,4.873505538721233,1,sell
2,3432266.2816332555,3,4612869.114860489,6.701010541287899,0,buy
1,39728644.42697419,2,85587461.46349476,7.170155986245391,0,sell
5,27752686.70387109,1,76460555.5794147,5.592953565407328,1,sell
3,27124844.892435316,3,37492501.16329554,5.890562515773014,0,sell
20,7419188.615151529,1,11077525.174695969,-1.5706430653875652,1,buy
2,21939774.51691879,1,24332834.07102211,7.141407983981671,0,sell
3,2017046.8122322808,1,4966550.128174666,7.095660621782006,0,sell
5,9416480.484765815,1,10633023.912088357,5.699950984037266,1,sell
3,46938014.17740373,3,53353052.678106055,5.669866927704095,0,buy
2,3121257.8380856225,1,4372646.502716523,7.582250443064002,0,sell
5,22365611.68099504,3,38986955.754570395,4.533184649455517,1,sell
1,6812524.883889458,1,11096993.72417897,7.78187770376779,0,sell
2,1168499.8522020706,1,3349796.335347113,7.597781284676113,1,buy
7,19785501.81342623,1,28212828.922659606,4.525861321508436,1,sell
30,1933721.473457211,3,47055670.90236708,-7.193510682678831,1,buy
10,11826456.782684194,1,26997198.04017073,3.2163101881289387,1,buy
2,1398108.5645653412,1,8244522.420144893,7.619931148178294,0,buy
5,40616201.636561014,2,61506954.44971161,5.282828200321093,0,buy
20,3130618.403006038,1,21034632.23315772,-1.451950810686565,1,buy
10,2425251.1444755145,2,35161717.59143968,3.029373121673242,1,sell
2,1657291.4009528814,3,3884323.120805351,6.6087821968971525,0,sell
1,40478960.42819747,1,69266678.4086557,7.492010311859624,0,buy
20,16199555.734739352,1,19446196.911130026,-1.811472555185567,1,buy
1,18199506.146218695,2,57893879.706818536,7.077167987977954,0,sell
7,7054615.8504031105,2,10057380.243372805,4.5591228013216245,1,sell
20,6405429.674271733,1,43962168.445751026,-1.6727026484221925,1,sell
3,1537881.2134431785,3,44934062.454668626,6.210610796820102,1,buy
30,8936207.17053076,2,10702999.284829805,-7.329148056860025,1,sell
20,2627264.023041323,1,47880128.07509747,-1.5468390019193494,1,sell
10,45723620.37342027,2,47122050.437483296,2.6232938804916497,1,buy
20,22561455.988052264,3,24912929.62099691,-2.7618380924044788,1,buy
5,5031078.831480171,2,10714756.437507637,5.481968723166668,0,sell
30,1807691.2628159998,1,50570882.62069818,-6.503734065413855,1,sell
5,21590116.54529354,2,28351786.510104775,5.0682790801799635,0,buy
3,1612002.4190284014,3,10224500.419028334,6.295115654598558,0,sell
20,2097357.039325381,1,17226250.324533056,-1.2665261333650681,1,sell
1,2287531.14079115,1,46454918.57860186,8.152115661722721,0,sell
1,8833656.145517675,1,30257161.464032747,7.815032327627245,0,sell
2,21736301.36872021,1,24139728.336387735,7.15548619095477,0,sell
7,3419885.382142047,3,6691578.065646267,3.960676283433055,0,buy
10,1392680.4358128041,1,2857781.050866116,3.574358162293552,1,sell
30,6155125.542213922,3,18597556.396502707,-7.508080589043633,1,sell
7,18664521.46628536,3,20692542.053552017,3.597203550522655,1,buy
20,2380127.4903662424,2,5117432.451256232,-1.970660627255616,1,sell
7,2363987.6879526204,2,34639895.07256354,4.510587866473446,1,sell
2,40673383.98338093,1,44263827.435191974,6.877148775146624,0,buy
7,41790595.71005642,1,50967913.64644237,4.517359716606685,1,buy
30,48169436.8608753,3,52905884.31550648,-7.942063892381334,1,sell
3,23560767.671098396,2,24896676.858701773,6.2558869606806295,0,buy
2,2087945.9820966711,1,6223129.257289211,7.5429145091498295,0,sell
3,2291660.3215267267,1,7226756.679205258,6.76656472433911,1,sell
20,3784708.8878204115,3,37032998.20480935,-2.4453285128400024,1,buy
2,3471343.800387993,2,7029556.688824247,6.962274336999104,0,buy
20,42180522.38873964,1,46589311.10895677,-1.9975187756098505,1,sell
20,21908519.38122719,1,43293956.24365858,-2.1188835430088426,1,sell
7,16985143.51461134,1,36458669.07739123,4.704177408914987,1,sell
3,2069883.6763100924,1,24782268.601930127,7.140303616993828,0,buy
20,35095920.97745888,1,76823950.63678747,-1.7940749730924876,1,buy
3,25499222.720242284,1,47970529.38118343,6.694242513167282,1,sell
3,1896804.5374476889,2,6823028.027705373,6.4004539696948655,0,sell
2,30205933.550910052,3,55078369.92164247,6.214377347583199,1,sell
5,2900951.0324417353,3,10216096.079660472,5.187009270989472,0,sell
7,1372130.039979406,3,4335786.16689393,4.2975566923655855,0,sell
20,13059345.053683704,1,16330092.511842646,-1.6779660444277136,1,sell
3,12906084.522367233,3,15306583.381316576,5.8814692828408734,1,sell
10,1449728.366408836,2,3213079.032360442,3.0210364041913613,1,sell
5,3481125.328883546,1,5539117.298666634,5.961721594201204,0,sell
20,48614071.0347495,2,49894447.2909041,-2.44333515441451,1,buy
10,14211062.759103449,1,46529575.72280763,3.332416943755673,1,buy
7,17393052.54464531,1,55565881.154220946,4.729172427247418,1,sell
7,2300064.8530995008,3,12229059.951041842,4.135320019672898,1,sell
3,1360969.4465914974,2,28150588.970178854,6.6695675461322335,0,buy
3,2954252.8625854026,3,5004856.84784234,6.245482134172207,0,buy
30,2647712.895083467,1,36682009.76580908,-6.496313782788005,1,buy
30,2503129.9227487217,2,9752380.322178386,-6.926914464237809,1,buy
20,2125611.108742679,2,3426113.957264467,-1.890454844176884,1,sell
2,9473112.136839736,1,11211257.57976984,7.2246505143144395,0,sell
5,3609424.5155217834,3,6958629.577458448,5.144374741423972,1,buy
20,24759483.101716496,1,25945260.102302007,-1.889942834391877,1,sell
5,2053625.0126579404,2,5406984.952205837,5.485935188557815,0,sell
3,6157259.487635889,2,7421471.77828636,6.464005642786066,1,sell
7,1054882.9050594962,2,3572581.9863071535,4.746920969458531,1,buy
3,6582090.0175720835,1,9409344.79276625,6.9116933316418905,1,buy
7,1244134.8697659506,2,50154743.16133321,4.508039337050397,0,sell
30,45827157.38491852,2,48340124.08299907,-7.359879908480695,1,buy
20,22039021.686084043,3,24588026.186195623,-2.7131422883510545,1,buy
30,6802752.92267838,3,21486397.257858284,-7.436877355359189,1,buy
7,1403166.877210988,2,30244981.357503522,4.524799792723497,0,sell
3,10151893.033213863,3,14697538.245599356,6.074136115562158,0,sell
30,19458835.77558046,1,50194935.11293247,-6.962632703346593,1,sell
1,2108739.3010912375,3,5892216.233637277,7.135058124125795,1,buy
5,9233554.719111461,3,11394899.590285225,5.230292253617779,0,buy
10,24172406.751583245,3,27803575.85779994,2.3207854673530766,1,sell
7,20194352.377051745,3,31040567.18303437,3.948129771628442,1,buy
7,23134459.219044376,1,27339451.616787564,4.642984918215589,1,buy
1,31184883.28487124,3,45091657.0326117,6.89924797627083,0,buy
20,39182646.420573585,2,41709307.27623178,-2.282172141426231,1,buy
20,4886166.691217796,3,20408817.93807676,-2.523156443150963,1,sell
20,9253832.72029838,3,13146859.198113978,-2.718991654110451,1,sell
10,22044833.264186647,2,27994692.47455032,2.597970720587816,1,buy
2,15290427.67056576,1,24153662.656823084,7.1312018351156805,1,sell
1,49131384.95289066,2,63782669.285327435,7.159163394176447,0,sell
10,1054964.6779818179,2,3599259.3124895375,3.2919401565129265,1,sell
30,4011997.7460885234,2,30329604.503052853,-7.017760800093284,1,buy
1,3002327.1743629617,2,19844153.310851645,7.547979063776485,0,sell
7,2790401.9136667135,3,5289166.5011925725,3.9111064370108264,0,buy
5,2388204.0227147317,3,47725178.74551931,5.13808591532762,0,sell
1,16024339.401580418,3,29497520.480952695,6.865120309488269,1,sell
2,1393169.001465587,3,7263461.0664251605,6.794029874376654,0,sell
3,18195800.38564937,1,20047771.467496928,6.622430319009801,1,sell
30,15069876.937189203,3,23122298.23069667,-7.666138617020693,1,buy
10,2667526.227005428,3,4572764.464873062,2.8383475135842167,0,sell
30,2688790.801261987,1,8055319.784553546,-6.68953557566569,1,sell
30,11706181.985298194,2,16653733.405274212,-7.040665638104902,1,sell
1,19719951.677190315,3,36436856.14794157,6.905052911911735,0,sell
1,30840596.2548957,3,32963123.40524746,6.761498745013806,0,sell
2,28038808.75902263,2,52946574.89260543,6.908960183052799,0,buy
5,43582010.87984046,3,47163709.511859626,4.714623142335499,0,buy
1,9721997.345326606,2,15401670.69858535,7.26547830824508,1,buy
1,34976676.72148058,2,55496997.740900606,7.176209881401843,0,buy
5,23639582.347555336,2,35188011.86375387,5.302466888280748,1,sell
2,33114138.246031344,3,36450904.87353898,6.318463119379049,0,buy
10,1046533.769843402,2,5577044.719654423,3.1390026848749883,0,buy
30,43756261.61499128,3,47063935.04524761,-7.7130288115313865,1,sell
10,6375489.617367076,1,16620128.955044515,3.14407860844911,0,buy
1,22703298.39685978,2,26377128.806296166,7.35721404403021,1,buy
5,1644810.9296598064,3,18742547.269825555,5.3036885672928875,1,sell
1,4706434.785369027,2,14367855.435393794,7.245522863569885,0,buy
20,2892034.8618541276,3,4660315.382581604,-2.4360448773717236,1,buy
3,3129821.017264775,3,6495999.010562461,6.249632982029771,1,buy
10,1619599.3774587382,1,3997712.7845505155,3.5030251690460714,0,buy
20,23386680.475430414,2,27990628.800260235,-2.28700275721867,1,sell
7,1036817.7301041775,3,8564156.90160659,4.435056757393308,1,buy
3,3395763.2004179624,1,10656403.031757794,6.853186982637007,0,sell
1,1978419.0327481811,3,21117148.08001301,6.980881165798515,0,sell
2,10017503.23790383,3,12113532.405897748,6.584799016381053,1,sell
10,2703754.1906220033,1,43257310.649002224,3.40373363218129,1,sell
7,2754422.8049896834,2,6578120.530625746,4.5419507649311655,1,buy
3,6755723.37983938,1,9992507.872555021,6.787542677647972,0,buy
10,12849880.829026425,2,27441310.691845857,2.759880647405948,1,buy
5,1607285.6024057148,3,24971360.518841308,5.140903407583939,1,sell
2,1986958.0274357204,3,6382497.413696112,6.6766938095478015,0,sell
3,2629919.6311235037,1,21202429.94398673,6.856085334453589,1,sell
5,45119991.333993375,1,76847858.6906342,5.652852177390197,0,buy
20,4728791.705275856,1,24809379.738869064,-1.5167151132323253,1,buy
1,10415166.014955971,3,11558304.387418916,6.995926899224349,0,buy
5,2572610.2376261125,2,28021858.767331477,5.607187175247499,0,buy
3,6812021.681588367,1,27504852.991074163,6.63577828307467,0,buy
30,1336368.5733742875,2,15048470.688503847,-6.731366913089903,1,buy
3,1145581.162918706,1,20700467.351302978,7.0342401055614845,1,sell
30,6256971.864366505,1,52390255.65420106,-6.546215748963533,1,sell
20,4756748.297850823,1,10157421.079921339,-1.4694542600702158,1,buy
1,1708266.2369012358,1,3009065.432786311,7.993703700480848,0,sell
30,14730388.553486465,3,20798286.0213447,-7.83681673853094,1,buy
30,48631005.394411586,3,49830199.230910756,-7.772605960419445,1,sell
5,4701019.812425342,1,7862734.065947463,5.7468987908972675,1,buy
5,11510823.330697468,3,21444068.675813578,4.8653119851756434,1,buy
1,43258080.14990712,3,46615765.59216745,6.7011195742664675,0,buy
5,25867411.72816743,3,40471214.66335188,4.895834818690245,0,sell
10,6131423.623798668,3,31050395.19997668,2.566852662674145,1,buy
1,17904925.265010968,2,23084731.979266226,7.411410469499913,1,sell
2,1650811.8963105713,2,35481231.07711983,7.043687724087652,0,buy
30,7413940.384371641,3,8780548.355508966,-7.394564950166715,1,sell
3,2979305.513598326,2,29729507.534993645,6.610054898922578,1,sell
2,1878504.637378908,1,27447927.20516518,7.570648553149949,0,buy
30,5299543.644515768,2,8823722.745667353,-6.9446103723748225,1,buy
10,1669512.9730481463,1,4886935.8299513925,3.60430279309415,1,buy
30,15401206.086070744,2,18699939.5141088,-7.381085261672499,1,sell
30,5958516.54549923,2,29865984.316047847,-7.131500194742708,1,buy
30,7987277.967351726,1,33866685.48887691,-6.621219587518054,1,buy
20,1772916.6929759206,1,5405274.039793445,-1.439452314929901,1,sell
10,1727698.1159546422,3,11885347.66712306,2.8200728785384235,1,sell
7,9799531.755259704,2,11521572.367014544,4.370364653844324,1,sell
7,47152205.96436701,1,53410284.586394355,4.455895057650778,0,buy
7,1457225.8068901857,3,51221662.6945173,4.160191250051341,0,buy
1,3058081.999584468,1,4919581.600588372,7.763920150526086,0,buy
5,30004400.85815972,3,70731220.98541379,4.831064263829074,0,buy
10,1326746.5927315347,3,26467833.45607914,2.611976634839321,1,sell
2,30768304.705231436,1,75618416.48104747,7.074527708202339,0,sell
20,7775819.297403982,1,9794645.475980574,-1.7260648072393012,1,sell
2,4938931.498489145,2,7244412.3030546885,7.066482739744216,1,buy
2,3358443.0616561323,2,4426653.545086435,7.243544584284978,0,sell
2,3197371.7937963526,3,20228626.432050414,6.582970181839613,0,buy
20,3307877.475603973,1,15732910.854340935,-1.530984000595625,1,sell
7,31860595.899340272,2,33867505.629287675,4.168936506284534,1,sell
2,16970959.04281154,3,39057696.334481925,6.276162317024899,0,buy
20,13735336.43405546,2,16958810.573113043,-2.083666916154457,1,sell
20,22753638.0356341,3,24449355.226594508,-2.6392604494613154,1,sell
5,2734198.874027594,2,7957214.111298649,5.604664122781596,1,buy
20,11221119.80187723,1,12648550.537400793,-1.6810724043417489,1,sell
7,6048375.422787396,3,8848923.778615609,4.114436278203292,0,buy
2,21347394.12751454,3,25621883.459942553,6.314066215812115,1,sell
20,3352871.0838418286,2,31361489.074493304,-1.880504939383056,1,sell
1,12380585.322137384,2,34588947.86043219,7.297847820733795,0,buy
20,31539327.23275574,2,37191640.85277127,-2.4497500959350056,1,buy
3,4822159.778457237,1,21844971.23708289,6.908551203035909,0,buy
3,1297743.696487911,2,10547252.601460405,6.795565588615774,0,sell
3,7529304.615221183,2,11323154.022077844,6.323519951339566,0,sell
20,3870765.6565631297,1,20980321.536337692,-1.765696018259903,1,buy
7,13870456.596909478,2,28366335.804600835,4.309304982705387,0,buy
2,41283490.758084685,1,52550869.349301346,6.924695577611736,0,buy
10,6683961.907309345,1,17901250.52431399,3.2518472806153063,1,buy
10,6195027.19730648,2,20661608.71108062,2.92973533243364,0,sell
10,12945533.13978819,1,17446764.03702256,2.911035257902271,1,sell
7,1499129.513111619,2,31458572.962058242,4.592196211226325,0,buy
5,2695872.8867126727,1,4582804.501481519,5.909522195678271,0,buy
30,36418185.91293501,3,68164615.5409691,-7.566456904371721,1,sell
1,13747141.557800243,2,17562423.037148334,7.282399062142981,0,sell
1,1054001.0110288435,3,2684892.1177326324,7.505140304219196,0,sell
3,2226652.988889965,3,12684169.499557864,6.300777878465172,1,sell
3,14458393.24979997,3,18811407.338601373,5.9351212022831135,1,sell
20,19892589.307304032,3,44187179.34457836,-2.6228617832823424,1,sell
10,26723677.485133912,2,32117437.126142055,2.728594253972118,1,buy
20,3136170.2078667525,1,16809291.83301291,-1.5617666933572885,1,buy
30,38175932.8650355,2,41515737.61287754,-7.506683495404152,1,sell
10,8698416.246498233,2,10967514.505045444,2.9030097413190736,1,buy
3,15254532.61823421,1,19817881.401551116,6.6916175550348695,0,buy
2,10323843.877230313,3,21062459.79262413,6.462958627036582,0,sell
5,1616336.0942262043,1,14682039.77007806,6.200543630974481,0,sell
20,43281561.13085219,3,52883430.22219576,-2.798614065721357,1,buy
5,1617193.266909798,2,49334621.45119305,5.519764285368585,1,sell
5,2710421.2812593607,1,17643229.831265952,5.891002590814986,0,sell
5,24117337.622904964,1,62366674.10187304,5.695358509511227,0,buy
3,11245471.839629587,3,12831697.461513333,5.95728412198952,1,buy
1,26545462.176286228,1,27816828.68528056,7.601715491275137,1,buy
3,7520042.831705808,2,10895795.893438242,6.253210377996326,0,sell
5,4370188.790427049,1,6076508.900424883,5.9935928168782615,1,buy
3,36828824.08196616,1,44652932.4257684,6.485725149763338,0,sell
5,1152369.0883099108,2,8768485.657260409,5.714299319093317,1,sell
7,28479972.40629981,3,37963892.51467071,3.776284068787635,0,buy
10,2466905.387848081,1,20922150.427871823,3.3026748437348807,0,buy
1,27667986.967760514,3,72363098.46165112,6.827797181878074,0,sell
7,1723815.8551257194,1,32779076.08518768,4.896660589390584,0,sell
2,9677754.818446636,2,11266676.127957454,6.885514053603107,0,sell
3,32275183.120577678,3,36034635.63195337,5.714743780427476,1,sell
2,6375726.1640949445,1,9096144.20309128,7.2966802616555935,0,buy
20,18552155.894068494,3,20549290.7299892,-2.5769841514268004,1,buy
3,23286967.768833272,1,31710053.597730324,6.491011095112974,0,buy
30,17835347.23395439,2,26544574.499370977,-6.932040046797299,1,buy
30,37334253.074969284,2,39766917.175700665,-7.439755500636308,1,sell
10,5743253.085370071,1,21942397.39906136,3.4017108973063253,0,sell
7,1968497.7744885536,1,19555807.424561244,5.086302990881132,0,buy
10,1205673.0769918214,3,2291209.454994497,2.9240565863214485,0,buy
20,2622575.0534794587,1,7325634.493069576,-1.614728838612562,1,sell
5,1751008.538239448,3,34283868.89553268,5.139268849221491,1,sell
10,8870297.292078331,1,16526363.987242267,3.3749320360807147,0,sell
10,2061657.7948034578,2,5957570.411524637,3.1434833908148523,0,buy
30,1164520.6680326078,3,3862186.630940642,-7.16668527011548,1,buy
5,1151186.3720652747,3,3742094.5974010313,5.418162460946971,1,sell
30,25870905.776755434,2,27348322.113223124,-7.289391239259419,1,buy
3,10112433.823808225,3,34571685.894350305,5.96321621616265,0,sell
5,4058599.400755251,2,5462150.835303128,5.61807666762004,0,buy
7,33057242.345890135,2,36194860.14227512,4.181084015095956,1,sell
10,1316018.3265158709,2,2511661.833558076,3.0564590450733675,1,buy
30,46295395.23785395,1,67554860.85274029,-7.078041400074501,1,sell
5,11144517.372816166,2,12310633.489671418,5.303477418916495,1,buy
20,2049747.0231619151,3,5390115.124613326,-2.2744456471029135,1,sell
20,14246823.042505156,1,23666045.097009644,-1.7116078983313514,1,sell
10,19813530.248027954,2,24777538.171869103,2.98172948053674,1,sell
7,5363403.987267267,2,8380367.628618648,4.417752810772294,1,sell
2,29099662.549107023,2,32034188.669685286,6.542901653223002,0,buy
30,1803390.7538542813,3,24471839.410074323,-7.449925350351437,1,sell
7,2976711.1250432576,1,48137297.1016537,4.91126633962531,1,sell
1,1441586.5376472913,1,5343802.840198288,8.042920356925194,1,sell
1,2281787.127514521,1,3447273.106988278,8.034929036643732,0,buy
1,2544445.1340677408,3,3698228.198197761,7.401497170282601,0,sell
10,36226907.84795671,2,55720003.74537048,2.711217257341018,1,buy
20,1357394.290860681,1,10036195.847595101,-1.4382445828541846,1,sell
3,5323110.340820338,2,26766844.795748767,6.543702166306917,0,sell
30,8026558.955293219,3,23338367.79773711,-7.677781540450137,1,sell
20,33639733.10761571,1,68459516.58214885,-1.9142487494214215,1,sell
3,49551402.23803298,3,81539535.72013539,5.538658504037616,1,buy
3,19053896.80949264,1,40898522.06339012,6.788738982278236,0,buy
20,44601018.209213816,1,51018019.53911516,-2.117512880185056,1,sell
30,21740083.837989457,2,25078169.858979154,-7.172783845636633,1,sell
10,43296460.601791725,3,50564600.92146426,2.3033077908280952,1,sell
7,15908592.164290637,1,23037197.9847755,4.823014102438674,1,buy
3,1366204.3609730059,1,12251490.55553769,6.960052130819665,1,sell
2,4817817.467113339,3,6888789.268584842,6.553021937836439,1,buy
20,12547274.234056387,2,25545333.44846095,-2.0896720371437407,1,buy
20,3943303.711488612,3,9910238.261333972,-2.3756969953177043,1,sell
1,2913876.0678906143,1,14230305.146958854,7.985059862139099,0,buy
7,9571588.855974287,3,12124768.698726328,4.027335247951323,1,sell
1,38547097.95964722,2,44017558.56318476,7.106671546192669,1,buy
20,1146656.0156172495,2,3422411.2915035416,-1.9172776416534063,1,sell
20,20272193.4194906,2,50970696.997029126,-2.3406083212200945,1,sell
3,16900204.76894165,2,23645969.319542937,6.257434750340201,0,sell
7,43423812.95707181,2,45835032.065011635,4.047068089090092,1,sell
5,38128564.024762176,2,39303494.95814011,5.11300820731731,0,sell
2,19724693.30765727,2,33787102.20850831,6.740297535563062,0,sell
30,7658767.420666484,1,9974428.150153983,-6.560385751713502,1,buy
3,2223537.4363694717,3,50226767.522895515,6.06765945624549,0,buy
20,8439935.559689062,2,16507471.814000294,-2.2030063018720396,1,buy
30,19966874.141591482,3,23064031.33806105,-7.663453469056961,1,sell
3,33244141.79933889,3,46347247.14166191,5.659574405234894,1,sell
2,21963270.76948225,1,24898151.078989014,6.821890177228401,0,sell
20,2146607.615295023,3,26899241.638606843,-2.3787284740238475,1,sell
2,10443571.872282166,3,13783089.99632115,6.414008086874171,0,sell
30,3667353.245885803,2,51420638.42844956,-6.981101856051028,1,sell
5,1036669.0977456127,2,11705647.568445943,5.597617824149117,1,buy
3,2188614.963446776,3,29392392.419051316,6.347159065843067,0,sell
10,1557250.532699595,2,2886820.8125132695,3.2097378786536117,0,sell
3,27024303.706477042,1,30930465.813283905,6.483569273136696,1,sell
1,2749124.24734336,3,20653881.52590346,7.0837598118161225,0,sell
7,3045743.3835246717,3,16015314.698661737,4.060492763367645,1,sell
7,42746783.49328999,1,44884810.74674677,4.416787246641337,0,buy
1,4406126.600471283,1,8434948.734304097,7.987309400625776,0,sell
20,1038211.2129897721,1,3840948.860367444,-1.5124167303137135,1,sell
7,3035610.8182439166,1,14053477.676447487,4.940181708696799,1,buy
2,1594727.226673781,3,5444287.167113675,6.676541332252421,0,buy
30,1495094.5644660264,2,4845318.883934417,-6.881624554312525,1,sell
30,1354093.276412825,2,3604852.136011903,-6.743576929528162,1,buy
7,10184273.283761175,2,15137917.479427326,4.375802626586804,1,buy
7,2097471.6661256966,2,4246059.1252555065,4.622744316701798,0,sell
1,4109042.860924365,1,47298411.56483035,7.914856949778199,0,buy
20,29143535.94031427,2,30973716.522820346,-2.2688645133837033,1,sell
5,5259419.003095187,2,40878057.56230073,5.340577310174615,1,buy
7,35952751.82999438,3,41297939.296962835,3.682542314438387,1,sell
10,7014259.301457297,3,11399394.476139333,2.5382851885154043,1,sell
7,4760049.23967903,2,7231804.136111183,4.388407927648585,1,buy
5,18831645.872832216,1,30857915.65842374,5.614578915725194,0,buy
1,1331442.1389714829,2,15942832.197942687,7.6835188839070305,0,sell
5,1419126.43078123,1,7647706.328359174,6.156714191326846,1,sell
1,12813972.380531987,3,14057468.243728152,6.994252909819858,1,buy
2,6718892.0838733455,1,43070296.538086936,7.467709863476708,0,sell
1,22023777.013628025,2,68320450.92312221,7.2404121057827915,0,buy
2,36034348.00714484,3,41433553.202257335,6.262044676830348,1,buy
2,4569026.488471664,2,15599427.577993825,6.900815010619297,0,buy
1,10310571.67068913,2,16132191.7385211,7.39761615462858,0,sell
10,7090364.33703326,1,10612968.725947693,3.4250549648964324,1,sell
3,46529357.95510853,2,47882558.95442986,6.054793616410686,0,buy
1,25821857.44433819,2,31776358.737189613,7.245942947359178,1,buy
7,35400958.275309555,3,59971278.30734882,3.8648466851568672,1,sell
10,2704681.8065947336,1,3773579.011739744,3.363951535448115,1,sell
10,20535213.407085203,1,30284739.210087575,3.191381667337012,1,sell
7,2825081.923130055,3,34187200.56327352,4.2013038363441755,0,buy
3,2262805.9025132423,3,4604930.289104717,5.952014202347053,0,buy
10,40204982.865424246,1,42253059.56725805,2.979879235935409,0,sell
2,1078444.06554369,3,21593599.98847095,6.676870310254801,0,buy
30,43668316.57204142,1,46380906.81311362,-7.030416954786533,1,buy
3,1793046.2245501278,3,3912263.6283434974,6.168773326754485,1,sell
20,24671793.49914187,1,29059043.661118317,-1.8953987429924313,1,buy
7,2942958.521849101,1,7586498.035620466,5.0251103482255575,1,sell
3,3943054.0907238186,3,34497294.174197406,6.211546854091308,0,sell
1,2334881.5301833916,2,13573603.000029575,7.587430625104802,0,sell
30,9880315.102207758,2,14774905.312581059,-7.02151623060265,1,sell
3,3903048.013984327,3,11992314.114703879,6.174174693923003,1,buy
2,13088535.496672599,1,54848326.5123122,7.197018674566216,1,sell
30,1063124.9825590318,3,2620339.1261972487,-7.062790206945434,1,sell
1,1286385.085359073,2,3540117.966020479,7.6680711003203825,0,sell
5,1476798.7262098682,1,44659260.853718676,6.064970404964008,0,buy
7,5150598.574926492,1,47462856.56647983,4.751804251628953,0,buy
30,24227815.457527246,1,26227671.50909621,-6.8528806691667254,1,buy
7,32284021.52863152,2,34048171.604316406,4.209281303280124,1,buy
3,2605710.1465489296,2,7798622.73826352,6.639731005084477,0,sell
10,9458819.387921594,1,10673521.782437105,3.232857923353769,1,buy
1,20203614.579509933,1,33165299.407517016,7.5661989263339136,0,buy
5,3095369.776642396,2,4449509.306869287,5.5676274178473175,1,buy
1,4953268.568373069,2,6208115.045588868,7.5285416314939075,0,sell
7,7766340.964767618,1,14439293.736515312,4.7518778363092675,1,sell
1,1694916.5422369277,3,44083681.71365655,7.135038424587618,0,sell
5,1106988.5725672178,3,6417220.546303483,5.243186878435551,1,sell
10,1818077.8950802437,3,5851287.526957488,2.8670726668984523,1,buy
3,11614633.217534428,2,61216557.523345955,6.226514677576801,0,buy
2,1333752.4128967272,3,9346829.257501975,6.655762169185926,0,buy
1,2100334.343694691,3,6440675.777249485,7.3730227734988585,0,buy
30,3749761.257591297,2,8274212.867763835,-7.01837890134843,1,buy
2,1356122.4434900708,3,3500149.8662856505,6.630984254827424,1,sell
7,2116855.9785203496,1,9534254.444489673,4.843607972846518,1,buy
3,35336215.70435589,2,40902963.285818554,6.210628554549456,0,sell
20,1078421.7710461537,1,3962938.657991252,-1.3780559192627022,1,sell
3,12887279.24556522,3,14761206.776131876,5.966143004976669,1,sell
1,4498826.483094237,1,7877805.555926522,7.783214809942564,0,buy
30,13893447.737827998,2,21208841.631337866,-7.322343924046466,1,buy
10,10003905.364121603,3,11260243.317683486,2.5006765872694294,1,sell
3,2397274.024564591,2,4222037.136203254,6.461319659220895,0,buy
1,27503217.7193527,3,68245117.01539376,6.775179958903509,0,buy
1,6851599.262940777,2,15213306.505414695,7.316311524802924,1,buy
2,24972615.10747325,2,26254350.756971367,6.871292716968033,0,buy
3,4895568.372247233,1,19945527.22398285,6.948628927825759,0,sell
1,47092442.89354686,2,48365949.55920758,7.372677930444276,1,buy
2,20372217.7141256,2,38374399.742061086,6.801577093748064,0,buy
30,43764344.11260292,1,62564617.668624505,-6.948249027812487,1,buy
5,7478685.324603955,3,20247884.178288918,5.0593795342475865,1,sell
30,6379505.630605742,3,23918050.50742242,-7.641534557767776,1,sell
20,19208496.00882159,2,20619249.791253977,-2.431555086869067,1,buy
2,31303179.45396023,1,48473498.23174311,7.142969108173453,0,buy
2,43456504.18276811,3,45163487.808484726,6.163420601973906,0,buy
1,3559622.5816547642,1,7333696.072641448,7.905216541653546,0,buy
7,22749670.62825119,2,62716151.31395656,4.057892110406634,1,sell
7,2279714.9744425276,1,9430773.830289174,4.921748102619909,0,sell
10,8451123.538273938,2,52468939.41997222,2.8365201256796184,1,sell
7,2020954.8425508426,3,3436998.32800171,4.284577667197772,1,sell
2,3892402.0911016576,3,10369110.397454076,6.604865444646811,0,sell
10,38225214.32796701,3,39501710.95139386,2.103179246264652,1,sell
30,1770939.467529671,3,13539093.175839169,-7.339718647594985,1,buy
1,11869437.87148467,1,13230007.695225762,7.831485488028103,0,sell
30,10172121.142111255,1,12157962.888696903,-6.800915954667621,1,sell
3,1603728.4721860671,1,4356340.054958089,7.11760737646679,0,sell
20,3579551.518886331,2,22290394.0977729,-2.0502750683796185,1,buy
20,9046668.761473723,3,10945851.357212093,-2.504301338452649,1,sell
2,2079748.60720261,3,29520908.431543775,6.693567754307249,0,sell
2,22921106.39184356,3,24596438.20524715,6.3087996384224105,0,sell
10,44839911.75374318,1,45987746.22141371,2.885516532533657,1,sell
1,2316699.8934106007,1,7006672.619921219,7.809798396120868,0,buy
5,2077580.3145924797,3,48213796.21095082,5.212185009893456,0,buy
2,5928175.346039311,2,7467988.889745569,6.9307448653023735,0,buy
5,18639350.54850696,1,20128082.76024219,5.598050031683643,0,sell
30,3009060.986834449,3,21898078.536423396,-7.456424082600966,1,buy
5,1080874.7426124709,3,4472074.36028846,5.421924191112624,1,buy
7,8308404.126427158,3,24852382.447708033,4.07431208002776,0,buy
1,42192539.99778453,2,44379354.73510139,7.200653804211996,0,buy
20,4621337.012370674,3,10669848.61363858,-2.273544908973144,1,buy
20,5173637.613188301,1,7996693.948379939,-1.761947316049529,1,sell
5,44272592.553889014,2,50122283.114407584,5.146222590410218,1,sell
20,15139707.928295447,2,35401268.42941467,-2.355730347837782,1,sell
30,16666773.171279483,3,36374295.708032966,-7.671750211636025,1,sell
1,9036782.475632958,1,16557887.372485844,7.73137219308431,0,sell
7,45272222.48340503,1,83053437.06022893,4.447270758337,1,sell
1,14803468.845225468,3,17609944.49008562,6.88268844649087,0,buy
2,33161471.826794293,3,35721718.30407334,6.478070985809422,0,buy
5,15424948.210142737,1,26461633.632385574,5.70652761569195,1,sell
1,17739433.066129312,2,29104317.527351826,7.356934218161734,1,sell
30,3114579.6784504876,2,4314272.696112395,-6.963920573295706,1,sell
20,3277941.5471130717,3,14057379.142915325,-2.549562559893089,1,sell
3,21392790.27099267,3,25719480.470487658,5.767138893025668,1,buy
1,3192236.6939802226,1,21808067.81578072,7.86847004851583,0,buy
5,9039189.051990796,1,32641106.35814696,5.758091132443067,0,sell
7,2652418.795532951,1,11323889.818849484,5.010837903129457,1,sell
20,24436007.965893492,1,25442700.383164298,-1.8040415227576245,1,sell
7,1540772.3676513534,3,13595750.398720002,4.268581956143908,0,sell
5,25656946.06016922,3,44377850.69491687,4.908380686259555,1,sell
20,10568658.17886743,1,13217250.41041212,-1.826884166445863,1,sell
2,2077560.5650559897,3,8235276.049494589,6.744000743843111,1,buy
20,8334928.166389716,3,52061010.23521299,-2.4751718004879892,1,buy
2,3019653.074375708,1,6229537.407357412,7.5205962283059815,0,buy
7,3544551.5680909003,2,5938587.585315199,4.432617157778935,0,buy
7,3955811.5881965393,2,6237392.970226824,4.673211499681249,1,sell
5,1281083.6878086845,1,10180998.628309086,5.983233162613738,1,buy
2,47328128.03758856,2,88410905.36604467,6.562064828067899,1,buy
7,1131296.3535620277,3,11949278.776052663,4.3556805237579885,1,sell
2,13352491.663894286,2,16628438.784626685,6.645516644389017,0,buy
7,4272722.014568572,1,16432087.106873631,4.783881959636004,0,buy
20,12518494.613780864,1,24042098.491672643,-1.7789556745701676,1,buy
1,4029536.519281359,2,14360906.16520442,7.30391956520183,0,sell
30,13953467.28230641,2,15819246.895698972,-7.283953624290028,1,sell
3,17336014.305348646,3,29306449.99672296,5.871262871140967,0,sell
30,14901439.450518413,2,20282111.24022816,-7.296594151285396,1,sell
20,1561773.2787221125,2,2637216.1618598606,-1.6901803219842062,1,buy
10,13062969.165802132,2,21324179.375022262,2.878380025512981,0,sell
30,2990132.6013531317,3,50934161.49450615,-7.322879473415251,1,sell
1,1119264.3333372849,2,5047495.836047396,7.696752843057688,0,sell
10,5067396.281715243,3,48764851.8387019,2.6277795736446983,1,buy
7,5452262.12853255,3,6909232.329435918,4.045655764513096,0,buy
3,6218918.12798835,1,23774320.03642577,6.720574052463228,0,buy
3,15757057.336837646,1,17321080.683165785,6.711285412740624,0,buy
7,3347467.4887898774,3,6263483.454613012,4.043128988464684,1,sell
7,3432828.7179999775,3,12761965.409740394,4.153666519596773,0,buy
2,1267291.3397329191,3,11432467.733566964,6.793207750426685,0,sell
7,14685496.844943842,1,35437535.84866014,4.62477513148309,0,buy
5,9219757.471726159,3,20321614.349085666,5.165150777616487,1,sell
30,3923401.784045999,1,14121837.83194853,-6.4821964611233565,1,buy
7,15779561.216080263,1,51265845.562048815,4.671393182965561,1,buy
5,8183794.162477744,3,14047977.709779166,5.028328061502907,0,buy
7,6269502.612990099,3,8683405.538141778,4.051861880284531,1,buy
2,7391372.029727901,3,9274474.499638602,6.439109937866913,0,sell
5,12054144.051524088,1,16835805.47748935,5.775308984428208,0,buy
30,13222836.500779662,2,29476286.201164693,-7.2156669305389025,1,sell
1,3096924.8524723398,3,4278006.999266436,6.986265842576515,0,sell
5,1734278.1508593264,2,3391031.406321614,5.56441324122531,1,buy
20,1845511.583807625,2,3360061.4807799356,-1.944518826314079,1,buy
2,12198486.11510382,2,22068606.62086317,6.62289127268231,0,buy
10,30407837.106535047,2,32993784.920893513,2.809775732520216,1,buy
30,4962744.237986893,2,6879071.9572600685,-7.098276416527142,1,sell
5,1940929.0827958174,1,12105748.609891135,5.960539747271413,1,sell
20,19295007.415077414,1,38948634.45586151,-1.6288730406249758,1,buy
20,25964182.074082773,1,29631269.29632745,-1.996960849400046,1,sell
30,31338857.324864127,2,40940649.05151025,-7.337793585898785,1,buy
30,10739607.151373921,1,12207554.350768235,-6.923036117571488,1,sell
20,28996928.939915407,3,67799589.89600182,-2.7804486774591206,1,buy
7,1062159.0456203313,2,4797897.934593663,4.638621828683734,1,sell
20,1521214.3395923628,3,51035697.69124176,-2.1523395469905626,1,buy
7,1436428.3270785406,2,47418786.90314353,4.561057824211679,1,buy
10,16244037.503480997,2,37291399.91092804,2.8574796020559328,1,buy
2,1312856.8155210936,2,2394523.3495713593,7.428256855246726,0,buy
3,6971210.232209793,2,15353208.907132868,6.577207397053308,0,sell
7,6354989.562863749,3,7759524.264144988,3.7311564657051637,0,buy
20,3371909.9414483644,2,36547041.65895746,-1.9370067628281786,1,buy
20,30115652.369079623,2,52072415.03691901,-2.165104721671101,1,sell
1,1947874.1660363576,1,46820050.51975707,7.914926325558208,0,sell
20,3970303.4245137884,2,14775293.903945765,-2.019997035058794,1,buy
2,20667795.549260892,2,28379598.638528846,6.704199475258682,0,sell
5,1126384.3289149825,2,8742280.494458321,5.777214691099413,0,sell
5,13909853.129822034,2,18444716.39124207,5.248570784687447,0,buy
20,24380086.867376436,2,30635995.043564953,-2.0987296348210513,1,buy
1,38361457.04559479,2,50371565.22101816,7.26356214013993,1,buy
7,30817805.30242754,3,69281411.61411552,3.617389670273576,1,buy
2,3488381.9798478484,3,13777771.6979015,6.4527812774369915,0,buy
1,9913227.836693149,2,38503235.79416449,7.369177085416797,0,sell
7,1353067.0755360802,3,30583630.708839335,4.232176573777197,1,sell
2,2742290.133068513,1,10353981.202148758,7.437735040071525,0,buy
20,1445709.3681000697,1,5339212.230569859,-1.5134781002065534,1,buy
5,3431577.0268332814,2,15638798.567073138,5.404600850478561,0,buy
2,30684342.65044956,2,36406136.8025822,6.677592217855521,0,buy
20,3888893.4753476796,3,5264092.610978259,-2.36116374433639,1,sell
10,9008407.479346065,1,13392566.80954156,3.3669497864925737,1,sell
3,5448802.435574027,2,54302646.81879607,6.560366441016517,0,buy
2,6021232.668853231,1,7230215.718727393,7.32878443508049,0,sell
3,44388843.80465658,3,59651010.2775017,5.753973087382738,0,sell
2,3185352.9302430735,2,30048344.630681742,6.854503969445435,1,buy
3,11636046.730382673,2,24288240.980173565,6.395361752798555,1,buy
10,5172182.917255822,2,14461529.247425452,3.081839701571095,0,sell
5,1270239.247964738,1,17196496.66163176,6.128825352382911,1,sell
30,6782009.677078922,3,12145412.697693128,-7.498398079868851,1,sell
7,24090505.84494341,1,25520126.6219074,4.516185621627747,1,sell
3,1471561.210737218,1,44627517.403965995,6.945176652345781,1,buy
10,1312908.5037421223,2,6738736.736695253,3.1389285860504823,1,sell
3,1823960.1469204326,3,15328393.166536508,6.253696253342159,0,buy
5,19892660.03256868,3,27885120.47125535,4.63438919791772,0,sell
3,16984252.62524145,2,18222729.5217427,6.133296178290492,1,sell
10,9119021.534405874,3,50680204.14914633,2.554917235080167,0,buy
20,6244571.114258816,2,28451933.24066054,-1.9081703141106123,1,buy
10,32302706.633878157,2,34094602.84186507,2.649512103059825,1,sell
30,20072275.309122115,3,66608590.85609919,-7.594470493225266,1,sell
30,23958825.81924365,3,41822604.41651186,-7.698728034725421,1,buy
30,24082870.793438002,3,30428289.966047775,-7.67561537052211,1,sell
1,12358255.4265474,3,23290249.501679774,6.80478832033449,0,buy
5,6000025.667565626,1,7518272.630717381,5.880834810817794,1,buy
20,29448390.610293318,2,38404560.96355319,-2.393037808980618,1,sell
1,37433361.32541911,2,38767337.12800154,7.1687756908264255,1,sell
5,1097604.1828577067,2,9524987.314073782,5.7609842954780115,1,buy
20,1223461.1500369539,2,9913333.496296851,-1.7681368788058416,1,buy
3,42547701.459449016,1,73142335.77406982,6.444096036333201,1,buy
20,2957246.791720746,3,20012216.185746193,-2.339286582951906,1,buy
10,30466914.981809955,3,33121410.698415555,2.2184684935872045,1,buy
1,4576687.347129598,3,36892074.746448345,7.1406804493694,1,buy
3,1593482.9662777581,2,11010689.446158074,6.712143852561378,0,sell
10,1369842.3357854872,1,12090478.206710493,3.6297684375624724,1,sell
5,1844600.0920722724,1,3781442.464382328,6.155881039173536,0,buy
20,2658037.124359237,3,31321694.90339046,-2.2962804382144633,1,sell
10,6760487.745486703,2,44926941.17060527,3.0623872199779614,0,buy
3,15553348.067755131,3,36287480.45300251,5.954126576716406,0,buy
1,47409087.21543034,2,87065205.24938776,7.041116167751726,0,buy
1,5624795.190213534,3,8887655.412337579,7.0623426492110974,0,sell
30,7592427.853180488,3,36633700.039047256,-7.4003604410772965,1,sell
20,7701037.256356081,1,14471444.3835956,-1.5950483808064524,1,buy
10,8250547.886176165,2,10149396.802183636,2.8380374166458946,0,buy
30,7579243.264097878,1,21265105.26793155,-6.750151246438114,1,sell
3,1034923.0164083763,1,15566067.442806812,7.162041957872136,0,sell
30,1006770.3597358245,3,4079158.9411672847,-7.272494127894666,1,buy
2,1465318.8786116405,2,2578870.477289974,7.127723855637278,1,buy
5,1487789.9576710162,2,3673207.871380762,5.656719320900986,1,sell
30,15761542.031575123,3,20539145.066265363,-7.631019320093549,1,sell
5,2229185.413657398,3,4155309.9327095067,5.26606756880411,1,buy
3,33120160.02191694,3,35256405.03550446,5.844923129245641,0,buy
2,37815887.716920555,2,42439282.71444101,6.665528281597609,0,buy
1,45500221.255021974,3,88557502.94372404,6.609054215067179,0,buy
20,39397709.05044298,3,59278186.43055056,-2.617010391197593,1,buy
7,2896877.318892697,1,6390234.097190962,4.867353168680258,0,buy
7,7346755.183499352,3,48722589.972727545,3.945267110457449,1,sell
20,1986519.0378224908,3,14487224.812606389,-2.3821127391525296,1,sell
3,23427504.034614317,2,29367624.94021897,6.071946017205685,0,sell
2,32316090.667771038,3,38562464.77001628,6.370327399053028,0,buy
2,27945649.194326915,2,32932685.504608653,6.874647756184426,0,buy
5,5448506.1658498,1,7936484.009723043,5.717031732961825,0,sell
1,19451996.07012622,1,23990121.5213373,7.464986494783171,1,sell
10,1464819.3967973,2,9351243.386403812,3.1581826223858975,1,buy
30,1170508.7326202302,3,9060974.324953679,-7.18754344639498,1,sell
2,19042592.509399474,2,38729076.049404055,6.536241673674905,1,sell
20,5280388.204811649,3,9350316.866653422,-2.5577376825580984,1,buy
10,49136966.17065726,3,65649676.06294304,2.336071859510256,1,sell
7,1462958.4627480065,3,11060515.324462052,4.3036737307984145,0,sell
10,28424037.392599747,2,71491222.90779693,2.819226154145321,1,sell
1,6538480.470843385,1,11052750.487865727,7.708578160952905,0,buy
20,25427482.91877596,2,59400939.8440281,-2.29574974662596,1,buy
1,24449767.97773301,3,49238086.73274469,6.804131736276101,0,sell
10,35995062.71037629,2,48111431.74377748,2.758667641917121,1,sell
30,3206551.614520791,1,16148523.33169534,-6.641667335745857,1,buy
3,41084746.50226403,2,42477318.633917965,6.079731765542564,0,buy
2,1809996.0049807986,1,42963147.81579558,7.560355776432533,0,buy
20,1378042.1275936826,1,2897473.7624665583,-1.3703478548550123,1,buy
3,5411302.563440543,3,14466887.262695158,5.995859183666697,1,buy
10,25544410.082553715,1,29181720.69115126,3.1267483622533603,1,sell
2,6372770.8180507645,2,11746869.258838594,7.010467372083337,1,buy
5,25640895.583456863,2,36522241.89796913,5.234281805532895,1,sell
3,17366647.753221877,3,52370128.23180916,5.818173249939954,0,sell
3,2268885.3248413773,2,8258416.337074324,6.6049930467597555,0,buy
10,40937509.523671344,3,88594091.0816667,2.2959865049695565,1,buy
7,1268426.7207674657,2,11434890.489278164,4.671883275621434,1,buy
10,33585380.94008216,2,35459410.049922615,2.714851542392844,0,sell
3,3290336.2931033154,1,5393243.418061313,7.0132458342680515,1,buy
2,7075165.301740163,1,23543556.285659865,7.342091711486878,0,sell
30,5218709.986817204,1,6436645.630877623,-6.566669077586173,1,buy
7,1958581.9956169408,2,8506239.132560719,4.580922954014159,0,sell
10,4059576.9987486876,3,5845323.556437611,2.5374328801408854,1,sell
30,2127109.3669804176,3,7572455.194328023,-7.173479239760148,1,buy
20,2220225.0896913027,3,21017167.283017952,-2.545913659193391,1,buy
10,2078758.0953600695,1,8097551.032698193,3.530179128461083,0,sell
3,6773698.479540426,2,8669088.245435689,6.3765065393691795,0,sell
30,22680961.37108522,1,25360213.88924709,-6.810181069141313,1,buy
3,9261109.53313477,2,13472628.263568524,6.240560578314368,1,sell
5,32925410.754499413,2,34238161.77391297,5.2007458029118,1,sell
30,12063407.334668396,2,21898356.423389874,-7.122608273258949,1,buy
30,14830922.970350416,1,25600079.4634506,-6.7733786918756405,1,buy
10,13622118.62720038,2,14897365.478552587,2.7124967764937433,1,sell
3,5802533.913213703,1,10627728.890513266,6.7703918367939355,0,sell
20,14830847.926992813,1,19881817.37975897,-1.743278808232005,1,buy
1,1313503.911214341,2,5004549.708658776,7.647676732226597,1,buy
7,28897605.568512175,2,37760653.31770381,3.9846078441973476,0,buy
1,20964258.23853368,2,24834796.7980119,7.185915507525852,0,sell
7,2609986.9941098457,1,7708774.058798541,5.0714333279483945,1,buy
20,20177348.82551074,2,42822153.80656995,-2.275265012812935,0,sell
30,1050701.616831787,2,2936168.6022454845,-6.9394616766690485,1,buy
30,2339351.114445966,3,13607622.46255061,-7.365953351313742,1,buy
10,1290227.2636005087,3,8517754.265026499,2.759187801881208,1,sell
5,21163238.579994824,3,24461670.778183814,4.75698086064543,0,buy
3,19240108.1941501,2,36461155.450601935,6.38126676668346,0,sell
3,24118105.962097656,1,32756887.46271515,6.5819160587598615,0,buy
3,1017687.0836136922,3,7489454.714640204,6.2749980771642875,0,buy
10,7105250.074043722,1,20730677.61763836,3.2840008543242796,1,buy
7,15757799.038291274,3,38828838.81899669,3.6966574124053593,0,buy
30,1836630.771571094,3,46766494.1931712,-7.255512319154231,1,buy
20,12705008.359526236,1,24433641.388592947,-1.848959743171923,1,sell
3,1389634.33402671,3,31984412.301962405,6.005540164632796,0,sell
1,2032671.465109405,1,3036950.7287138626,7.841290180673445,0,sell
3,6432273.715027748,2,14391201.00527152,6.409346855663176,1,buy
30,12893997.755750524,2,15209684.165424122,-7.069151754059599,1,buy
10,1769405.0858967297,1,3214945.2374903047,3.5842868181020777,1,buy
20,2063901.1031950186,1,10077042.407133074,-1.4556002963138042,1,buy
5,2225093.3979347115,2,20796116.59141716,5.58751369821189,0,sell
20,2544166.367568926,1,7561103.389179661,-1.5049785628708356,0,sell
1,2426097.179940325,2,16182106.332830638,7.573907211583268,0,buy
3,4691875.533335068,2,11484198.420585427,6.389274387179271,1,sell
3,12905326.779559728,1,18433679.900214728,6.637862421002357,0,buy
2,5548848.411087034,3,8661548.84097841,6.538684621678351,1,buy
7,20814040.492133945,1,25281029.718125112,4.558057946594596,1,buy
1,16673071.656916395,2,20602164.438556224,7.100026303040483,0,sell
2,1640459.193310848,3,14167619.725551926,6.784079848741898,1,buy
20,1210543.6473704602,3,2784932.3713433975,-2.1854592492722347,1,sell
5,31016756.657557487,2,32453523.880040873,5.002645897379271,1,sell
7,1366565.9250427398,3,14589939.872146485,4.128938246802018,0,buy
1,1786585.5559267187,3,10261670.000575017,7.2447228943635515,0,sell
3,1090445.014569673,1,6471867.143065512,6.972124438494297,0,buy
20,11682200.004296346,2,13497698.47736216,-2.1742421093070803,1,sell
1,9759557.299706182,3,14752110.875407808,7.0347448738588385,0,buy
3,47502856.55517703,2,69467824.67953679,6.06170023204055,1,buy
30,32127100.8971044,1,64593924.00622963,-6.865986851490526,1,buy
7,4988962.448185862,1,20608080.885938134,4.80295938836181,0,buy
30,4278713.405201265,1,5542835.4055766,-6.655925686164593,1,buy
30,3194057.2929483363,3,16966345.45648793,-7.336497015123524,1,sell
3,1815243.062302784,1,4382251.452280723,7.0757929578682095,1,buy
5,1716326.826562613,2,5148762.490270434,5.491754101734652,0,buy
20,1677822.6463369543,1,3829527.5270633986,-1.6112279229672692,1,sell
10,1562706.9711208686,3,22358994.768516865,2.579040208494814,1,buy
3,2562257.33891825,1,15208326.45569547,7.123349654450397,1,buy
5,3319103.567991278,3,14271001.946313929,5.072458946748895,0,sell
10,43022320.234440275,2,56663923.89630086,2.553174717917395,1,buy
20,9611888.002300989,1,12136932.116789632,-1.7178694485389086,1,sell
30,47631646.8427125,1,53325909.85020572,-7.158087351478743,1,sell
7,4293487.194763699,2,16202590.924829777,4.439094496145744,1,sell
7,5990925.541227655,2,18056670.965097267,4.42613445601647,0,buy
20,3559995.1472307947,3,25707895.592825323,-2.491942223148513,1,sell
20,2045128.6513590484,1,5119674.8805716885,-1.6253399449305643,1,buy
1,1750783.8998164698,1,22110792.82376812,7.976384141022294,0,sell
5,40333063.37707327,1,45928838.18738721,5.48388355995985,0,sell
30,47485580.15172383,1,61245100.71267812,-7.044010914699177,1,sell
5,1192064.8642793174,2,7138457.160163595,5.523723772737426,0,buy
20,1800665.8636047582,1,42694725.33924401,-1.6402755462408072,1,sell
2,5242696.642736934,1,7259340.321995029,7.471734839016042,0,buy
2,2072883.9415492483,1,16094994.863446226,7.357156627324224,0,sell
10,4151660.900199068,3,13690942.574587248,2.561017616405648,1,sell
10,1657031.7353721394,3,3622494.6665083524,2.706123579620325,1,buy
2,5964853.4953994425,3,7259474.90446727,6.478099517665882,0,sell
20,2894682.9508253066,2,25683529.6022308,-1.979326545473791,1,sell
20,3961650.2721762615,2,5813070.878018496,-2.046771508762106,1,buy
10,1446220.008990041,2,3520508.9869235978,3.101889358192296,0,buy
3,5337977.221013574,1,51292726.157277554,6.948467879218553,0,sell
20,46830111.041017205,1,63372745.4488047,-2.0852899494736565,1,sell
2,3619740.8842678363,2,6283958.100292726,6.939144958634197,0,sell
5,30833799.844087183,3,40926434.61419615,4.865418918628857,0,buy
20,27075098.750883587,1,35155631.4567379,-1.9649394893847427,1,buy
30,41449442.63840199,3,68659831.66767102,-7.8160655754356085,1,sell
20,21997451.12730457,1,39339247.16754794,-1.934401164538186,1,buy
3,13201863.0760999,1,39088119.219587885,6.809061934803816,0,buy
10,28530624.433936063,3,30818030.922388848,2.374852420477647,1,sell
20,1344367.6193073506,2,13582445.832129182,-1.9639829149789927,1,buy
7,6114140.34915658,3,7284631.167722762,4.163652871581943,1,buy
1,47942058.33462449,2,49251626.26837388,6.889922839981817,0,buy
2,20301474.05271953,2,36604229.94936523,6.570725505260171,0,buy
30,43105948.845277,1,44206192.878229134,-7.135607592185201,1,buy
30,21114236.677629024,1,30774820.20114425,-6.97804066658173,1,sell
30,30647723.44195717,1,57428493.07623462,-6.968129861234998,1,buy
7,15862537.15868364,2,20283427.43264322,4.168888341643874,1,buy
30,19591608.50294317,2,20783351.358886193,-7.3772476663988735,1,buy
30,7742188.584029181,3,24065392.44556526,-7.467713713206886,1,buy
10,37175098.72662192,1,75151114.24459171,3.00902092896801,1,sell
5,25218332.211030282,1,41755178.250603646,5.678313738536405,0,sell
1,27147837.6765497,2,36758747.77771555,7.279847994681399,0,buy
7,13913047.73517074,1,16372350.976020463,4.705761587754263,1,sell
1,3292093.748219895,2,4354089.364468319,7.580538175297496,0,buy
2,1149566.1142716145,3,16293094.472220516,6.7533118297464405,0,sell
10,38873173.730292365,3,41342091.03103093,2.1076653779941217,1,buy
20,9903777.880871834,1,38611097.68069875,-1.8992538658597136,1,buy
5,3210228.640059458,3,9409471.478612363,4.920439343920542,1,sell
10,1792157.0904938332,1,9763544.891420735,3.5800561825075627,1,buy
1,25664628.14154048,1,44759448.365358986,7.6103153811256465,0,sell
7,26376837.17208837,2,47474251.069390416,3.89475496742324,0,buy
2,24200514.89117599,2,36555564.36104308,6.768129155118555,0,sell
2,12473149.966699384,1,51770883.68141982,7.2118435014211215,0,sell
10,4186481.3866018476,3,50841200.44949394,2.4821389995930314,1,sell
20,3285536.475730392,3,43904605.70940968,-2.4819669525101524,1,sell
7,1034032.7591094734,1,26167691.503726434,5.0592021234778635,1,buy
20,26077997.3944405,1,41884510.782021895,-1.7885629730020245,1,buy
20,1407814.8127100258,3,14803678.993986696,-2.2559404928081417,1,sell
30,11793258.599933118,3,13293870.681013547,-7.657704329314734,1,buy
7,7184692.984090417,2,10076995.809908506,4.612299541256195,1,buy
1,7849272.786448325,2,8871774.680500573,7.475635063046952,0,buy
10,37536806.950046495,3,39248615.72315165,2.3337898393000867,1,sell
10,1131652.1577376386,2,6706560.182156712,3.277734600095882,1,sell
30,20604884.82200313,2,22378915.821035646,-7.145854340201454,1,buy
3,1225844.7275993896,1,35258755.53515721,7.110838127950544,1,buy
10,1160972.2308879811,2,24541738.930762604,3.1791435401110997,0,sell
2,5373377.797092368,2,6696702.716071732,6.952781415790785,0,buy
1,1279861.0701572204,1,3927732.7596590156,7.924095313337139,0,buy
7,21914516.958872646,3,46550991.64680961,3.602401303923365,1,buy
10,7938013.104197129,2,31077369.815507974,2.953196904443656,1,sell
1,1120304.3459121785,2,41512003.70932944,7.864569259009221,0,sell
30,1171681.1727612035,3,50694313.9281905,-7.262120526149846,1,sell
10,10987666.132600812,2,56554993.14927155,2.971189091959681,0,buy
7,23418539.046426605,3,28393757.279248077,3.969866650710006,0,buy
5,5543809.157876008,1,8206375.9875473445,5.785713604763019,1,buy
7,8754189.146608906,3,28186129.31172426,4.088171843751692,0,sell
7,22850002.452308618,3,26074452.607880756,3.8833755317302843,1,sell
7,10895111.450002154,3,34340099.91219892,3.901198904325047,1,sell
10,2409133.695486702,1,10484701.54997829,3.5183227324440898,0,buy
3,11004162.702642927,3,33332615.27618563,5.960773391206338,0,sell
7,11679599.619977985,3,14622066.887894206,3.726717646758606,1,buy
30,17669560.22251067,1,24966204.437118914,-6.591569938708374,1,buy
2,11346100.370499535,2,20429731.857692763,6.720065770578238,0,sell
2,44331589.854142,2,84354836.74323322,6.638051100583287,0,buy
30,2163649.5500105596,3,5001184.93653614,-7.134929687623567,1,buy
1,41292819.328590386,1,80323418.82634327,7.502131537882047,0,sell
3,8215285.225565836,1,31519321.900700334,6.702790140151357,0,buy
1,13855854.906751223,3,31304715.554388713,6.909812752278594,0,sell
30,1475646.291256074,3,23196104.594040584,-7.294262612897902,1,sell
2,4431870.979881269,2,15112553.176128529,7.0940331518346,1,sell
20,20283929.47119071,2,22882201.49043423,-2.3452503985554163,1,buy
2,15886221.383228801,3,17984901.596973974,6.318643536585166,1,sell
5,1170026.2798022951,1,30810702.88497675,6.067066965742624,0,sell
7,8484910.35432803,3,25545345.10042376,3.8431921220518728,0,sell
20,1412479.007201862,1,3715127.6841259315,-1.5081085176226683,0,buy
2,49196046.32633701,2,60288437.548446186,6.548186844906883,0,buy
10,33456460.168636862,3,39215738.23580102,2.134865034519566,1,buy
10,1085963.9530592368,1,2946124.26797484,3.5253081612879766,1,sell
1,28762052.77268377,2,36771624.13961976,7.258778514108668,0,sell
20,36482392.58459978,3,39490494.13671969,-2.951767026819974,1,sell
1,3987198.2058621715,3,5444387.191933634,7.189332139360928,0,buy
7,16688285.846728865,2,22901955.242850076,4.215854989949288,1,sell
7,5637947.190560873,3,15697454.934797011,4.0674384573063564,0,sell
5,12978375.554589473,2,14179789.266341059,5.407094986722373,1,buy
30,3786073.6837543035,1,8607144.604021598,-6.6981296638671735,1,buy
30,3531981.8864704445,3,6272040.626189593,-7.348536573821078,1,sell
3,5261389.405986853,2,6388780.070377085,6.31441005268743,1,sell
1,1767320.2577633352,2,3402241.7480139537,7.472886863119082,0,sell
7,25827369.15401888,1,27550089.827176284,4.57673883826978,0,buy
30,3912255.9956762088,3,5957277.419705595,-7.42523137550649,1,buy
1,4784560.92742761,2,27953940.050782315,7.556370581231835,0,sell
7,33034821.85984048,2,38615455.31489384,4.016060564447158,1,buy
2,6978289.194506921,2,8756137.445920462,6.961061247130579,0,buy
1,8407581.128919933,3,9888057.697878916,6.931737947850052,0,sell
2,42175634.33131463,3,45383320.72868725,6.2119337384293765,0,sell
1,32101219.189091396,1,54789648.39363563,7.353404018901669,0,buy
3,1940523.270613484,1,6101605.990842124,6.975107314691087,0,buy
5,6367634.710233379,1,8236856.43071215,5.889602421108129,0,buy
10,44689259.217579596,3,49548643.79179591,2.185053005845008,1,buy
30,4291796.994694521,2,13071052.30351729,-7.061794836097941,1,sell
10,4278500.290244258,3,5401197.493047567,2.7602317907868197,1,buy
10,2144620.7999527175,3,13795121.602167102,2.6759855560300543,1,sell
2,1563981.248320279,3,6254969.31400701,6.550969193445144,1,buy
20,18103211.843853716,1,19141992.778365817,-2.0038339971071295,1,sell
7,20335678.571599193,2,34296721.903621055,4.382964102156492,0,buy
10,44291864.109959744,3,60522114.663770735,2.1659575130812816,1,sell
3,20606979.598647453,1,32312209.23693218,6.714503342685535,0,sell
10,2590887.691672762,3,6400924.604493532,2.613906577869381,1,sell
1,1169921.879782394,2,9109231.904972337,7.713593855518956,0,buy
2,47231154.03924073,1,51778618.66761656,6.961472732162129,1,buy
20,3788048.4028306725,3,19288177.09308199,-2.420575901894532,1,buy
1,3388677.919355965,1,13194527.602659125,7.956458302283231,0,buy
20,34609133.541875355,2,35986261.327028826,-2.471100663326257,1,sell
1,9864320.56271504,2,22240786.913099315,7.3759776024979,0,buy
1,2317713.1197830895,1,17027197.57994659,7.988270661570417,0,sell
30,32400211.66170617,3,36664159.5212511,-7.88950456002191,1,sell
5,48718094.805808306,2,79474372.40368268,5.3705028731428985,1,buy
5,1403667.599807421,2,28459201.101664476,5.610346830588303,0,sell
7,29170216.515349638,3,31154495.212351725,3.6758902777920257,0,sell
2,4607596.679082521,1,38988820.69335407,7.5127068085574145,0,buy
3,7769326.392466693,1,13380179.963984534,6.659303694453728,1,buy
3,35829842.7642933,3,52797776.14828687,5.6886171513844275,0,sell
3,45054902.734938756,2,69216541.97018671,6.130010748318033,0,buy
30,2788743.8144132867,2,10002656.013864262,-7.017400214441129,1,sell
1,2299466.438399616,3,7064458.96318524,7.224653434450849,0,buy
5,1370235.5091125863,3,37289250.27075168,5.305856185553852,1,buy
2,9004875.240069635,1,11472125.831958592,7.18438783210269,0,sell
1,1054662.3918378113,1,3787315.1829599207,8.238521010880017,1,buy
20,5009597.71841205,3,9124713.571784604,-2.4782495735218424,1,buy
5,1332530.7602054633,2,30186567.23963299,5.675896370552357,1,buy
5,4880523.971021659,1,44233094.080737405,5.817779916704792,1,sell
10,1169078.279532081,3,3534390.340415802,2.731434312312315,1,sell
10,26242733.66699904,2,55598232.75672914,2.691650677589571,1,buy
30,2271643.9340817668,1,5017508.31294375,-6.341218399537539,1,sell
2,3612323.6216960433,3,48187222.14922293,6.6449031445969435,0,sell
20,30073602.04694676,3,40424501.47354483,-2.827421694001104,1,sell
2,18530351.32850921,2,19558461.59425703,6.76013240529974,0,buy
2,2355806.4484753227,2,3498647.1083370224,7.012367499770187,0,buy
30,1324814.1426018772,3,3105436.384741313,-7.146061380024905,1,buy
30,16440244.79032684,2,18523205.93505077,-7.240623570569155,1,sell
1,4610965.940267758,3,24755715.12169019,6.923341131998919,0,sell
7,20023820.313827906,2,22414231.112271816,4.281030387545757,0,buy
30,5708768.88578444,2,50022931.02834254,-7.1501677799408725,1,buy
2,3871218.825630298,1,15914235.969211586,7.432727900634339,0,buy
10,5842308.075097148,1,20858730.45975517,3.4249313078797194,0,buy
7,18697315.78902323,2,21041888.645161003,4.22228272095894,1,sell
1,34107132.168115765,3,66968168.10323356,6.742509415969686,0,buy
7,1214934.806279981,2,14848107.237932727,4.68720052084098,1,sell
3,7770514.719802022,1,37187572.08068384,6.719284948388567,0,buy
20,1137067.9255002358,3,43309892.940653324,-2.2107201269959855,1,buy
7,6249046.649899455,2,7883830.171475155,4.439803521846246,1,sell
2,31920447.558436543,2,33379593.753624298,6.5801580037448835,0,buy
1,4114632.1627900884,2,27286753.749496613,7.602847788671989,0,buy
20,38388867.11537494,2,68004580.22497536,-2.531575536107578,1,sell
2,11786500.468928268,1,21599304.90693018,7.302374769899993,0,sell
20,38645764.98546407,1,42832003.33796413,-1.8225434997757688,1,buy
10,19337636.168521393,1,32184531.199980214,3.2245960531335855,1,sell
3,1498763.9746209728,1,4804849.5499374755,6.932171869459956,0,sell
10,2470126.7562460126,3,5011158.792184869,2.747815776782682,1,buy
2,4673946.951682093,3,11424573.277974837,6.773925346656604,1,buy
2,1945389.1531795773,3,4274761.253240234,6.679941588181519,0,buy
2,6931703.397755022,2,13566046.404408442,6.902992200782294,0,sell
5,6321794.255988725,3,48515314.33053722,5.09428463348871,1,sell
3,42136231.73407064,1,68852013.46692885,6.438982991121793,0,buy
20,5456204.797223558,1,45248838.79410378,-1.813638569133727,1,buy
30,21615056.500301503,2,45053498.60866229,-7.229254711786955,1,buy
2,39836187.00834818,3,43842189.35336261,6.238507251195285,0,buy
2,30901368.849953756,2,54869849.34911026,6.570172613853535,1,sell
20,2262142.8947896636,2,39245485.849024124,-1.8866806735297361,1,buy
30,6962094.463220002,3,47605060.710805245,-7.532491588207203,1,sell
10,3897619.679620034,2,18376422.554292366,3.028921919707584,1,sell
10,4779119.929082038,3,7065274.485765379,2.57894966400934,1,buy
2,4102040.795161824,3,5270190.866572032,6.596946387482621,1,sell
1,25348922.92457378,2,27127565.862245128,7.202754575833994,0,sell
5,5863685.819443934,1,49559038.72536518,5.653369728893651,0,sell
10,7757842.564901996,3,13854455.783806153,2.3354693290545367,1,buy
1,46681907.149045326,1,75034683.57691894,7.690264240392379,0,buy
5,1264453.8535900032,1,7431767.954610784,6.2024444567995785,1,buy
2,6745674.688040926,3,20010735.72438104,6.479503177733772,1,buy
3,20658920.3676559,1,21757962.789929595,6.678461226881039,0,buy
7,1806423.7426912128,2,4464167.10890651,4.442260365376463,0,buy
7,10938904.62919823,2,16449625.587808922,4.184391585056671,0,sell
2,2551781.4587475234,1,14339322.90891294,7.161576903522374,0,sell
10,29764155.856691834,2,31720338.28561142,2.571630826147591,0,sell
1,3595278.3534347275,3,23499720.237154685,7.038728391505881,0,sell
3,3622996.007580861,3,7783181.2124826135,6.173267623102582,0,sell
20,10382775.326219862,1,34862019.421125725,-1.7822334876069963,1,sell
5,2050538.2496832921,2,3517593.7565642423,5.616438653390171,0,sell
2,3048016.0677251844,1,17333207.10833644,7.392072867764297,1,sell
3,5103228.519392601,2,8253558.451322169,6.43653195497073,1,buy
30,3988596.6657614475,3,26444584.005938143,-7.448694180244575,1,buy
3,7793824.98727756,2,12616361.141189337,6.410984102670503,0,sell
10,10441685.737991681,2,23944026.6063407,2.566427650122967,0,sell
30,9178062.406256212,1,47846500.145816065,-6.740415234227946,1,buy
5,12924458.008469198,3,14008494.817338396,4.891929752610978,0,buy
30,3333167.9526135777,2,4377616.570978304,-6.8179530583187775,1,buy
3,1639813.1609892482,3,21995292.998405173,6.246877817871595,0,sell
10,19615039.722770706,2,32152293.17225409,2.902491878336524,0,sell
30,27890117.912999712,3,31036154.41342171,-7.789157487898423,1,buy
1,2733039.317348256,2,9650794.179219127,7.470381344710224,0,sell
10,4916284.67468444,3,6094561.776806911,2.723590474507707,1,sell
1,7031599.793384358,2,9154645.338051796,7.377128579417336,0,buy
1,8055756.090936486,3,13318431.776446044,6.899197593426401,0,buy
30,13196355.87165378,2,39318958.58242231,-7.193563821075756,1,buy
30,1176745.769223147,2,7707151.3667092705,-6.805903758501864,1,sell
20,16817751.164965708,3,26730915.52560634,-2.5094912658311266,1,buy
20,1274344.5971222087,1,31787103.943510316,-1.5174548275222781,1,buy
3,6246089.887172363,2,9593231.375355817,6.493130207272149,0,buy
10,25479355.174882907,2,40984189.45037006,2.878617881959638,1,sell
20,5842534.46217949,1,34946142.06134859,-1.5589711137118574,1,sell
1,1791839.108027001,2,4001054.1822000328,7.791374750294647,1,sell
20,47156651.15146209,3,51189813.55194569,-2.78981075181237,1,buy
5,32424204.164886095,1,78626982.86058965,5.62685091869973,0,sell
3,20438015.622539353,2,67260973.93394504,6.159823737976761,0,sell
10,5002025.135547799,3,7396779.401868515,2.7993336074967443,1,buy
10,2052808.2074420438,3,3349657.433508452,2.7794175566703085,1,sell
7,39758442.133847274,1,42644384.74850379,4.55816204446157,1,sell
10,8025065.683967375,1,12764589.0121046,3.2751371183357074,1,sell
3,28062500.12166964,1,33676278.81331363,6.375342114052155,0,sell
5,3812493.864317717,3,15067179.131894516,4.877709822063607,1,sell
10,3712314.772170879,2,37458773.69742369,2.889506971669051,0,sell
7,47250206.91943923,3,50891464.17677363,3.65450788509985,1,sell
3,7701559.884187027,3,35504980.50749157,6.05177454334053,0,sell
1,1733952.933884945,1,3175463.6746729882,8.096423200537979,1,buy
2,2361678.0252497434,2,3539674.1384442113,7.0681795824292895,0,buy
2,6588838.679449664,3,13772695.152856085,6.5431651787512815,0,buy
1,1180746.8699516763,1,2443633.390529077,8.056543198586061,0,buy
20,6107048.473596637,1,10750366.171462856,-1.5679072820401831,1,buy
10,5149533.932985005,2,38538204.035817236,2.875617858425822,1,buy
30,21089628.912136786,2,23661637.622715387,-7.299018108857581,1,buy
2,4008997.181727726,1,19837202.156294562,7.406152661276053,1,sell
20,46700429.381527774,2,49964125.62815169,-2.4667496405140685,1,sell
2,2028255.5385528472,2,3220369.643289923,6.9424011374767804,1,sell
1,10094124.354596296,3,18920869.746491652,6.981103040761631,0,sell
10,1420353.3994009318,2,27625768.19868419,3.3714666532561823,1,sell
10,17652771.353336673,1,22614975.31877057,3.170949295392877,1,buy
20,48984274.22580187,2,60172563.71762729,-2.322116078138821,1,buy
1,24642909.092601735,3,58458197.482973486,6.774659550365038,0,sell
20,8792728.169475842,2,30754495.67904055,-2.093559762353941,1,sell
10,6661331.182488737,3,8796293.367604768,2.3676973005671664,1,sell
30,26223512.15149907,2,43843165.04690618,-7.408965113408555,1,buy
10,38921708.41357935,2,46045335.804377854,2.6994404307862947,1,buy
3,47932735.58073404,1,66441406.37262221,6.482759046748294,1,sell
30,4717460.290735421,1,11638432.207624793,-6.804428859938545,1,buy
20,48254638.49988041,2,49904308.52266929,-2.4364626597917605,1,sell
3,1840407.6309676415,2,11135614.403198255,6.698733549606924,0,sell
1,2696332.6082869004,3,9553123.278993275,7.085317496435904,0,buy
5,1416562.4513552897,3,9001176.568350185,5.01977409563343,0,sell
2,2895180.1235961164,1,34028748.87635517,7.612625255744027,0,buy
3,20169859.147244122,2,53305952.19892928,6.250688633870025,0,sell
2,28125023.92199742,2,34020867.329829626,6.851122676481051,0,sell
7,21053060.603497688,3,26999747.437216524,3.867909383619317,0,buy
1,11807605.315603973,2,19311507.94059714,7.2563808638016996,0,buy
5,7468161.2756567765,2,15102415.155375967,5.427083154210116,1,buy
7,15998060.296939673,2,57177387.85329887,4.306520396369825,1,sell
7,4613329.525051727,3,17298955.863217674,4.248929053226693,1,sell
10,26875568.124096725,3,29836245.682533685,2.42373773245287,1,sell
7,14142482.724240484,3,22142023.827288732,3.962236204443692,1,sell
1,15330250.5083849,2,26961705.737491526,7.3196853027704485,1,sell
3,8138402.718718482,3,20355076.118779212,5.986502012154423,0,buy
1,31913724.465851255,1,41784002.24731352,7.510883953658462,0,buy
3,2680189.3254689365,1,4684515.488085036,7.056403232000983,0,sell
7,4441794.175553257,3,5582237.797198823,4.029028834751418,1,buy
7,20950355.65464414,3,24699957.99985784,3.8091274579902024,0,buy
30,6873304.655348642,2,12198644.360577669,-7.0887871514573515,1,sell
5,32415142.58215037,3,33688656.0706464,4.7038770897034805,1,buy
3,3877234.3689737916,3,28121278.27288854,6.047425176884241,1,sell
7,4241123.10329466,1,8083299.020371206,4.878638498693529,0,sell
10,32354556.264525853,1,68018932.34051035,3.0588564984789754,1,buy
30,6151078.151190113,1,7980602.280025486,-6.5330465495161665,1,buy
2,7531477.570521685,1,8780961.814499699,7.13753755368585,1,sell
30,3675831.2948493287,3,10274260.993307155,-7.343422016484218,1,sell
5,2951575.745364935,1,5047256.234949333,5.885816633924498,1,sell
1,13014790.573860504,2,52154108.34472673,7.271645439568229,0,buy
5,1598106.394531859,2,2639236.883890128,5.390357286249167,1,sell
2,31178688.49455895,3,36202443.49089159,6.197898923692071,1,sell
30,21078648.251530387,2,58620584.260768406,-7.2156132292862125,1,sell
3,2108995.1374233686,1,6607984.87329613,6.916358031948267,0,sell
1,15104942.29074872,1,16544370.053640148,7.6359579909678015,0,buy
1,10564653.482449088,2,13835117.854745049,7.308010019909255,1,sell
3,2058351.3848798778,3,9074595.984813657,6.209534533910289,0,buy
20,2911820.249237314,1,4975142.981918666,-1.3976448607902707,1,sell
20,4952857.147189729,1,11156893.61849073,-1.65270877524424,1,sell
5,15416735.908752749,2,41775315.47814427,5.569497628410414,1,sell
7,12166675.15264317,3,42544156.06216848,4.17532691342725,0,sell
20,8021416.0281111235,3,9233946.078626603,-2.3554379674851695,1,buy
5,20207215.069181647,2,22083807.580583937,5.340719865166794,0,buy
20,19396058.474730458,1,22331745.025122195,-1.8201299542817733,1,buy
2,11213060.6100974,2,21461535.402957182,6.981143435723623,0,sell
10,21730641.41337457,2,25835699.123227842,2.9390248016489795,1,sell
7,3697459.6841791226,2,30861864.530544586,4.510604520295954,0,buy
5,31420747.663293716,1,47925309.80400987,5.59795206239313,0,buy
10,11084440.874050407,1,12565838.928761369,3.3081741184557605,1,buy
10,24955768.175070293,2,36466540.46795364,2.6964732086513306,1,sell
30,8474455.685669877,3,10030439.448124398,-7.380032439618931,1,sell
20,2350282.278988885,2,5062333.907131259,-2.054231306518891,1,buy
30,8347156.164633979,1,10352537.049790308,-6.690953606697393,1,buy
3,4270783.783609798,3,6238792.694748404,5.958573276942868,0,buy
2,15311930.185561705,3,26460971.053239234,6.377616914046543,1,sell
2,6432197.6405766625,1,15500956.576510765,7.240901062889652,0,sell
2,26334833.433622032,1,28325811.847768106,7.092751399170499,0,sell
7,14191387.514661988,2,62305656.91019055,4.1255484970319625,0,sell
1,14555276.446594939,1,19763480.06594485,7.749165926886743,0,sell
7,2338516.2811255096,3,3800416.99062688,4.131227428806607,1,buy
5,47012227.60118513,2,48614894.04268591,5.215694170924947,1,buy
10,26914166.448782153,2,36732050.64799552,2.6895369656095287,0,sell
10,21902597.99722216,3,67971678.95591906,2.4106977581996345,0,buy
30,3639366.2435265775,1,13009111.11374316,-6.644660975233349,1,sell
1,8128719.014667482,2,49091836.55378605,7.45869707386827,0,buy
5,1709756.2660199679,3,7392635.033674458,5.42863116376568,0,buy
1,8219672.846456432,3,13721170.87620477,6.900553820837713,0,buy
10,1769544.3578224848,3,8840815.747338686,2.7935603003953795,1,sell
20,8701511.694542011,1,24009035.153392896,-1.8562245134114939,1,buy
7,12651995.114395592,1,16864772.39971499,4.697038810953396,1,sell
2,4601837.133010985,1,33959160.508577436,7.181122805124524,0,buy
10,7030930.32351049,1,8152298.41580174,3.3672588449794225,0,buy
3,30740352.259474676,3,36326934.24145869,5.715498630741661,0,buy
2,1529133.935061404,2,8910892.312129414,7.209588294449647,0,buy
10,22137594.935983937,3,32885642.123768456,2.3554214546050183,1,buy
7,1950324.4274308824,2,4895003.013606935,4.573468010335,1,buy
1,1154425.1023973639,2,6478886.075994895,7.755731917562201,0,sell
20,2066739.2322836318,2,8722766.670481334,-1.8051341104065894,1,sell
20,19942767.759924218,1,34633364.90706225,-1.9009318558659833,1,sell
2,4878620.614728151,3,25495758.093738727,6.666961969448549,1,sell
7,30365902.01364078,2,48294506.952284165,4.153828178561245,1,sell
20,7788653.321575184,3,11593519.264303101,-2.78894538415984,1,sell
20,1090944.5587129728,1,50983581.657092646,-1.3917595725274312,1,buy
5,16507257.440240277,2,44167558.86351531,5.205183241504521,0,buy
3,1539155.1698265756,1,4304644.017250039,6.995538310271123,0,buy
2,21934731.33082661,1,24079986.274731696,6.924591277430222,0,sell
1,1930195.0154928833,3,5346154.298891667,7.229043178818765,0,sell
20,3862807.336632855,2,9731215.828438394,-2.0762235656760897,1,buy
5,19650668.263735227,1,47542858.81225274,5.590934841112996,0,buy
7,41803289.09626848,3,62812712.750803664,3.833169742790952,1,buy
20,4276171.756533493,2,32217151.478849325,-2.23358191981853,1,buy
30,25652287.325525798,2,28549944.35627951,-7.260461779543879,1,sell
3,2109358.20252414,1,12301672.694085408,7.024657874053476,1,buy
1,23516582.969061982,1,26545111.438477315,7.639433675225012,0,sell
7,13093708.998562297,1,14625597.230279993,4.8160814427832435,1,sell
7,2125521.1818714063,1,16661070.305999277,5.072775858185121,0,buy
2,3265465.914128919,2,5015105.31489276,7.031494364982331,0,sell
20,1674460.0375048688,1,15301403.972066516,-1.5542511166744566,1,sell
2,4473520.835813778,1,17088075.349915076,7.325377365227931,0,buy
1,2218160.323211675,1,26018754.712350078,7.975493432546626,1,sell
30,12420332.035076141,2,14146563.733168095,-7.419690354586896,1,sell
20,48936661.853416935,3,70370960.19473743,-2.8467409437928177,1,buy
10,1048101.1749915944,3,50906788.88656379,2.91235808209326,0,buy
20,8298632.595265497,2,36217358.34353258,-2.163671293267395,1,buy
30,9432837.257530907,3,28369618.68929722,-7.463470855662138,1,buy
10,35744836.208819225,2,49080022.14441049,2.738731938923581,0,buy
7,7239155.170834253,1,12446233.261695866,4.917547739039593,1,sell
2,8389429.00656647,3,25811423.551118366,6.441982349350384,1,buy
3,6328837.749165683,2,23325230.55238466,6.391718885598982,0,buy
20,2863257.107762047,2,14690857.420028366,-1.9304297963357486,1,sell
3,1245064.4034331867,1,23779831.809259426,6.9868144184659045,1,sell
20,4946490.0989406025,2,10733262.286245469,-2.1152916503669745,1,sell
7,1228432.5970071438,3,2835391.3178487113,4.368526078993289,0,buy
2,8615295.800118651,1,17524507.928261664,7.200177246220205,0,buy
1,3327228.9212764,2,6147565.922411547,7.566676370467839,0,buy
1,8064444.815977244,1,12563696.638046354,7.819573845322223,0,sell
1,1691089.1930593597,2,2761590.9870131086,7.618459653064677,0,buy
20,38415840.268338256,3,42886274.673185915,-2.73286824300596,1,sell
20,33095181.03149047,3,56761396.749371484,-2.6685188649075435,1,sell
3,2102801.945064027,1,10460160.250792798,7.129804440804977,0,sell
2,3832670.9546410404,2,4871755.298592057,6.89992301159712,0,sell
30,11023152.53917738,1,17307360.62687098,-6.865646994464398,1,sell
20,1454012.0176090891,1,4581298.063895265,-1.4673190950788682,0,sell
2,4003133.6751333545,3,10479691.37571311,6.622634628812463,1,buy
3,2670743.8870281735,1,7541100.867891789,6.977508031913047,1,sell
20,35928200.076712474,2,74246368.2094012,-2.1773568809565766,1,buy
1,28079540.68172945,3,29254327.313171715,6.69262906025657,0,sell
1,9663143.63305196,2,24164062.627850533,7.186900510700799,0,sell
7,7656897.232270854,1,35573891.6683947,4.839171995336454,1,sell
10,38130737.67535889,3,80760958.50230968,2.2638734056135803,0,sell
5,38385467.51808389,2,40389010.30076812,5.126877181175346,1,sell
30,44346853.101051904,2,52339137.35629173,-7.300854186796469,1,sell
10,1633108.2143921219,1,2819033.6513580214,3.3614149302167853,1,sell
20,1874057.4681976847,2,8922575.818076191,-2.0695012957951624,1,buy
2,14117420.53688704,1,15751034.853939628,6.993811338128419,0,sell
20,8315357.683943327,1,34834612.54275666,-1.7958130464464377,1,buy
2,1074912.2654975217,1,2636123.68336927,7.711091017711484,0,sell
2,1274364.6829651173,1,8722739.582085567,7.414499398741775,0,sell
10,32271706.482783508,3,39951094.12533459,2.271024920952851,1,buy
5,29935424.377056975,2,74686662.01911339,5.2091710929115065,0,buy
7,4045689.794040901,2,17011287.808095593,4.640344769948208,1,sell
10,32648878.710860573,3,35732294.017394215,2.1791649534865964,1,buy
5,10200844.885726888,1,12765983.30082814,5.653586377957299,0,sell
1,23399658.57259349,1,25051201.454413213,7.719960617343109,0,buy
1,5323442.516311082,1,24611825.648194864,7.736312890528119,0,buy
2,1558333.3197412607,1,16471670.571464796,7.652907565620084,0,buy
3,5456187.289181343,3,16324520.51749055,6.075454082328473,0,buy
20,5983270.531850309,2,7156510.062611641,-2.2509381791220244,1,buy
20,8630533.833066707,1,28401293.75421182,-1.6652475516549643,1,sell
2,1511408.5065657578,1,13829622.366622044,7.5818196559674504,0,buy
3,48346164.73881607,1,91759012.41590592,6.480950863461362,0,buy
30,2598849.5321563077,2,12544628.54067736,-7.009088812337394,1,buy
5,2174375.6599144116,2,5458390.962779793,5.742419083254445,0,sell
30,7852760.593152154,3,12301039.136789732,-7.760950887620559,1,sell
30,8179007.056387352,2,10168526.024063414,-7.2735945525673795,1,buy
1,5587817.852460017,2,22500384.11957331,7.383254617055112,0,sell
30,20484322.431623798,1,36421003.146068044,-6.814783019458015,1,sell
20,7547103.909345279,2,9739395.700409928,-2.110239520433753,1,sell
10,10860611.786295904,1,12719565.627275288,3.1635278478658884,1,buy
3,16967716.51032844,3,18319257.033614684,5.918746758402603,1,buy
5,1102851.141179658,1,36536790.141503185,5.911230099018518,1,sell
1,9321962.451799842,3,11810697.45685076,6.99396212429861,0,sell
30,31784829.38904734,2,35628299.50393431,-7.3605171793344475,1,buy
10,1070392.2417346062,3,4066578.0721328133,2.856671721001656,1,buy
3,4879690.088810435,1,9923233.843943674,6.906252420277595,0,sell
2,37465596.80901528,2,53801663.276418924,6.720444311632518,0,buy
2,3981060.12222991,2,34119159.98666426,6.927038299077984,0,sell
2,6016812.9782172395,1,8059631.553740936,7.2510868698414,0,buy
20,46516752.21345931,2,61178778.12305277,-2.3694803139257754,1,buy
5,2180947.731927234,1,6152794.67430395,5.834624168458789,1,buy
2,1290822.7439478247,3,47623377.469010055,6.98237351173497,0,buy
20,28849162.031607196,3,32069153.235629678,-2.5548742751925024,1,sell
7,29887980.040601708,2,30916518.69160601,4.023281310294654,0,buy
20,6339369.715960667,1,13856582.590557575,-1.6604360863124752,1,buy
1,7475195.674399679,1,9278577.094492465,7.909698864635887,0,buy
20,26303282.6248567,3,27493413.429947376,-2.7407335850883134,1,buy
5,17980030.897990957,1,33338165.871656388,5.581870660872264,1,buy
10,2821500.9539837516,2,20363801.864703562,3.158975701018155,1,sell
30,1068319.8638439323,2,7131686.1455891635,-6.6748449664937315,1,sell
20,6531248.186753922,3,20656889.992749386,-2.6490252009882838,1,buy
2,28791631.71107744,1,37003702.37412267,7.096391393607924,0,sell
1,33265667.671121676,2,45015000.07461807,7.150426749323211,1,buy
3,42130792.2774373,2,52453227.160872206,5.950416875348923,1,sell
2,31214153.20336071,2,44741508.73027638,6.51160360030233,1,buy
1,9671116.204935802,1,11854683.012879558,7.6598854991662275,0,buy
7,5693398.424796772,3,8554442.098942958,4.034812064870524,1,sell
30,20722714.663630947,3,26313646.455916815,-7.535755364177077,1,buy
3,18069026.93768228,2,23796434.730647165,5.977949452687831,1,buy
7,8208986.581025731,3,28896213.05816373,3.988978682691812,1,buy
10,1407234.8652347492,2,5616350.013121179,3.0523549617757944,1,buy
1,37444189.09338178,2,39332577.76172075,7.197475057628375,0,buy
7,5943674.87579217,1,8618116.611519579,4.928453892856278,1,sell
30,4142792.6497391164,2,6459257.845720135,-6.913196161923535,1,sell
30,11738595.028757334,2,29239819.136229467,-7.1874975725079935,1,sell
10,13958234.292873379,1,20254642.801094387,3.1621168419593597,0,sell
30,2280092.422635174,1,18273547.690752633,-6.393123021078228,1,buy
1,26420071.755201243,3,31515078.37748839,6.764721936057422,0,buy
1,3108811.754062869,1,35590163.93923358,7.931642658562978,0,sell
30,2075727.7455062978,2,48953989.6946163,-6.9582279312930835,1,buy
7,4902991.719331817,1,18644750.78913401,4.889676156857684,1,sell
1,17426078.40862434,1,46774964.59760238,7.524993726797445,0,buy
2,43680186.66245026,3,50974146.79364932,6.1913708983483,0,buy
30,23710711.879862063,1,62426916.20526163,-6.876347307127914,1,sell
1,39593481.12139631,2,65466106.19958474,7.239179413355515,0,sell
5,1733345.1258031407,2,50150809.80136007,5.598457170148553,0,sell
10,1321074.3071076656,2,12766120.931110065,2.9118986995269562,0,sell
30,8861835.044607777,1,29940780.443665262,-6.793666954170565,1,sell
1,3113197.808255214,1,11475323.402879398,8.071719358552345,1,sell
5,25517643.22297076,2,28273377.160350084,5.2188761760957645,0,sell
1,13857574.969038999,1,17863643.68659177,7.624390270087555,0,buy
1,44590057.56082527,3,77618522.03193586,6.616669195618442,1,sell
7,2709471.3910934455,3,3954140.419827085,4.184479846700154,1,sell
2,6688560.178549255,3,16802179.079218652,6.439812304808532,0,sell
30,7105465.516310503,3,11399239.678693168,-7.498010020090617,1,buy
10,2548908.233707666,2,7088105.145385386,2.9798613302336237,1,buy
30,10058911.461033305,1,41890619.76364195,-6.843284452128177,1,buy
2,5664082.803382878,3,33888085.39857255,6.495468418930081,0,sell
3,5740722.101378756,2,16149871.298094612,6.419673514201885,0,buy
7,4133126.3735759477,3,7041705.850273609,4.076784195027819,0,sell
7,1068470.3178868454,1,7492182.449596151,5.062007264776517,1,sell
2,7709463.327582665,3,12648909.180909313,6.596486179927547,0,buy
20,3711726.9213816966,3,7700014.120662283,-2.4419946391247462,1,sell
7,1005176.7109352865,3,2500136.8564106333,4.443180942221191,1,buy
30,3335701.0552660115,3,11705869.586045928,-7.400945933450822,1,buy
2,2974275.4080458125,1,6231159.639221219,7.366644814074801,0,buy
7,4660758.610560167,2,17925319.378031775,4.493595912418869,0,buy
1,1674991.376317216,3,5160915.358902212,7.295710243184377,0,sell
2,7286845.974618645,2,12688588.029192908,6.81363323597245,0,buy
2,15011890.527864998,1,16239213.053690482,7.041100598152936,0,buy
30,11767016.94859328,1,60328552.26924126,-6.678456090654799,1,sell
5,23203609.433873367,3,30488362.1670995,4.951716784504679,0,sell
7,5860686.935751594,2,6960145.699726577,4.482565844667124,1,buy
7,7619408.873372606,3,15928139.031627454,3.9140072999736457,1,buy
2,23814890.499623295,1,53924514.89948169,7.098594459623754,0,buy
1,5329070.43054788,3,25866349.423152782,6.92351311964068,0,buy
1,15559521.983143039,3,31076939.021644227,6.982041075391419,0,sell
10,5474902.485291844,2,7200526.852907744,2.961117750664413,1,buy
1,5125323.285482948,1,18231486.37631394,7.894266342270525,0,sell
7,19568906.275122765,3,39609840.31298422,3.8568424361622933,1,sell
20,1981721.74592949,3,11368635.326074023,-2.304529417256659,1,sell
5,3760515.734966579,3,36627040.116100684,5.1177398398877525,0,buy
2,2403598.774970596,2,5358869.902017969,7.065447439310611,0,buy
3,4074900.6187850707,1,6653575.450914666,7.001267236945184,1,sell
5,2462634.236757785,3,32480023.23576544,5.021510564073065,1,buy
30,9647011.3072282,3,21195704.812429912,-7.6343269812831105,1,sell
30,22702216.028013665,3,23707893.6449045,-7.715175605831929,1,sell
20,21698614.093648106,1,25679316.127014544,-1.8904967223483018,1,buy
3,4161752.0805577366,2,32834649.95998005,6.58148564703027,1,buy
5,47849154.82410326,2,48961949.47868389,4.9704415303248,1,sell
1,10208002.143686105,3,11220789.177570522,6.997934553999946,1,sell
7,4770557.474003388,3,7775603.291700473,4.046454530542264,1,sell
20,26275813.632904157,2,61991470.90693774,-2.2160160429370768,1,buy
3,17379371.006326023,2,51387549.43085235,6.301490765276146,0,buy
20,18749786.30070657,2,26359371.524718456,-2.2623122094802515,1,buy
5,2153946.300791164,3,10862235.619988926,5.082924896115637,0,sell
7,6246963.242232625,3,9911943.608589495,4.053252554115781,0,buy
20,29121929.298342742,2,31716713.695240453,-2.3566937649648825,1,sell
3,7183654.820354227,2,31451849.89036893,6.386845984355367,0,sell
2,14493247.55915964,1,16008872.626589283,7.268191531451821,0,buy
5,9974285.082671242,3,16704058.736498978,5.094806562552749,0,sell
2,26986024.808896095,1,38948523.81545946,6.9315113032477385,0,sell
1,3044109.9256705325,2,4544311.798802724,7.6079359285659125,0,sell
2,9499816.9133954,3,17134602.927202184,6.584564159266546,0,buy
2,1619466.633285466,3,11195625.559645912,6.70960305337506,1,sell
10,14881523.903678857,1,33140588.92391075,3.0705673236172655,1,sell
5,17522311.69506214,1,20028302.097840104,5.696766679405222,0,buy
1,1182440.5744807592,1,4332760.2784097865,8.056013964543602,1,sell
2,14065286.290803084,1,23346384.00254845,7.5457450115201,0,buy
30,5064611.4560647635,3,51870692.58300087,-7.415401412457869,1,buy
7,1624938.281171452,2,3966547.3626644323,4.577090233424982,0,sell
3,5169045.180025035,2,52486462.228531666,6.30109845049847,1,sell
2,2137942.0113377203,2,18492790.92576563,6.986245284840279,1,buy
1,5081865.658563922,1,30403320.67589426,7.939231285340641,0,sell
2,4497596.393319879,2,5917627.395045957,6.796048405609002,0,sell
3,17968227.7047593,1,21207182.50267408,6.4870012287295395,0,sell
1,20671358.084562566,1,21924765.348580632,7.7351013580816765,0,sell
5,10747896.498904862,2,15025959.734158223,5.298241171774765,1,buy
1,1092809.0032926693,2,47563774.72959124,7.659794153129443,0,buy
5,38174989.43267183,2,39684568.18690848,5.199248210234685,0,sell
1,14651758.740852479,3,23676909.98346526,6.864320363130583,1,buy
30,1143133.7410640903,1,2167166.3964200644,-6.58001727502791,1,buy
20,24613452.408019334,3,40862455.71496823,-2.7573021612762094,1,buy
3,2189002.1581902476,2,4351842.539202534,6.6267415061586465,1,sell
3,9640053.11858206,3,11300252.476650966,5.959145834093149,1,buy
1,6205800.321081426,3,9943317.12378022,7.169937385479653,0,buy
20,5167654.833901178,2,25584147.367249317,-2.01072507574572,1,buy
2,32478571.758423615,2,33996084.81258783,6.580057224012682,0,buy
3,5534312.97266458,1,7991790.52613366,6.978216891267599,0,buy
30,1342787.8277693605,1,2376455.177322302,-6.297863054016462,1,sell
5,40579884.11571519,3,84768235.97086078,4.661604447489414,0,sell
5,36640529.89556452,2,46780521.90075006,5.203956759620261,0,buy
7,14548915.100678843,1,31263203.37883354,4.755970588560829,1,sell
10,6236420.2140770685,1,19020823.707609847,3.353241968868239,1,buy
20,1438021.7644789591,3,3197042.8896878688,-2.3934462543567454,1,sell
10,22052474.7989318,3,32303920.38259247,2.6243844797332625,1,sell
10,1343490.8488549818,3,3015625.1439411617,2.711940224958372,1,sell
5,1307829.157673459,2,6112777.245204352,5.694844485957716,0,sell
30,8184629.584298425,1,17445489.214460373,-6.630540087300525,1,sell
30,1870910.7781209324,1,10773621.231231807,-6.5374075718643265,1,sell
7,1030702.8865958032,1,2624019.846831295,5.219358650257751,1,sell
10,5234280.926018467,3,6378490.769177612,2.5460497300746407,1,buy
10,1710519.2284615699,2,24418376.49296275,3.0541437607913515,1,buy
1,1873746.6775991959,3,18986521.901352406,7.06094457879664,0,buy
1,1351042.0560912972,3,2728276.465111124,7.2161069780989315,0,buy
1,2230735.7924838234,2,3876907.5426894147,7.613244917029161,0,buy
2,16428055.447928237,2,49273342.55270444,6.739181488717964,1,sell
10,23677902.649656355,3,43941984.609286666,2.380104670000863,1,sell
30,5872744.234260901,2,55127306.388125494,-6.905978895881976,1,sell
30,7254704.69036016,3,9955657.881273203,-7.534283758499009,1,buy
2,1136265.7713344684,1,7877860.574206073,7.694834002478464,1,sell
30,1311493.8212889608,2,3833451.108723211,-6.8236887280418115,1,sell
7,2739049.2419539387,1,14170958.116467625,4.976172131745878,0,buy
20,8395897.00259667,2,9966568.38252387,-2.1251993395390087,1,buy
5,18049917.381065138,3,19694979.620549534,4.895685774513288,0,sell
10,10663064.930113528,3,11987819.331732308,2.355137575470608,1,sell
30,4636747.68158036,3,19716074.33664817,-7.508181787196522,1,sell
5,1588653.0132089506,3,8497641.819002142,5.168951109052056,0,sell
30,21208517.225197982,3,32415967.155836806,-7.843422725957695,1,buy
20,4150128.9369700514,3,35332282.28107653,-2.539386267511631,1,buy
1,17804660.30457749,2,35909550.239531696,7.2492088798426515,0,buy
10,7439361.541638137,2,13527063.586637206,2.8347252515829284,1,sell
3,17987245.920391582,1,65019013.16097391,6.652215977402536,0,sell
2,34790266.06879433,2,40749156.91443807,6.718204783004652,1,buy
2,36711448.53073296,2,38264015.42294055,6.672231136038115,0,sell
10,8112045.320849385,1,56695751.34504698,3.267969718294119,1,sell
20,7396689.168512687,1,8490070.704794522,-1.891601512609264,1,buy
1,2827351.1080129794,3,11422149.095122801,7.14555740188065,0,buy
2,38895185.20908185,1,42245950.157785505,6.970879931789968,0,sell
1,5997785.493670593,1,13167799.436464302,7.894504609323542,0,buy
7,1647303.754880503,2,10544159.470890911,4.543725698462538,1,sell
5,5434413.377802486,3,7992502.82391293,4.925903556371462,1,sell
20,1643840.4430950354,1,10476394.877669657,-1.334212541013077,1,sell
3,7141447.663349693,3,26395633.124922045,5.818158652082012,1,sell
5,8986493.48740561,3,11823055.087457009,5.132205013811334,1,sell
5,3748322.1349629755,1,8229885.067276787,5.9079428874005835,1,sell
7,1323525.2903964461,1,4179381.1866079774,5.023359386144792,1,buy
2,40085213.95847193,1,64865503.111852884,6.99064345805453,0,buy
3,20601732.439549293,1,37651682.53130029,6.723988980772553,0,sell
2,26621577.888365354,3,56830596.35865863,6.318415019105636,0,sell
10,4200474.933966764,2,6145430.425157251,2.997272638902592,1,sell
5,19616842.190352794,3,20950393.094449244,4.836934144482308,0,buy
10,6677808.9491042355,3,8273059.826168827,2.4626909912405717,1,sell
1,2196012.537019357,3,4073449.2994683753,7.304358402786841,1,buy
5,1627015.1061748103,1,9675079.643323757,5.977857023083555,1,buy
2,3856835.1538184467,1,48478984.394925736,7.2646712747554085,0,sell
5,1712761.5758913704,2,5757889.471299815,5.6480405782134095,1,buy
1,49662553.604479976,2,92171153.27415791,6.957926761484543,0,buy
7,1212189.7822473159,2,2373376.353807521,4.817886337364457,0,buy
10,5616810.125461117,3,43177025.20074953,2.5764350367894346,1,sell
30,5862641.442865952,2,7893935.724952932,-7.282909616554969,1,buy
10,3241638.8530958467,3,38744849.60161367,2.657706698280351,1,sell
2,9347794.83754814,1,10593825.464333566,7.219869220628219,0,buy
5,1798069.4629670472,3,42629669.51845047,5.337452376608207,0,buy
2,21470572.294911142,1,23664135.88066262,7.115603802776812,1,buy
7,3671290.084233887,1,6939441.036885234,4.8887304264589,0,buy
5,10108188.271903744,2,16933088.650826044,5.305170146123074,1,buy
30,16438023.462872619,1,20872408.061858322,-6.858946777514715,1,sell
5,32393352.020690586,2,46011247.509252205,4.958256520247244,0,sell
30,26301334.49230792,2,71608736.15943962,-7.35839142714985,1,buy
2,10801866.16599411,2,21524473.881779525,6.734619355619134,0,buy
2,4569496.650937225,3,21387795.65048778,6.5250041819639755,0,buy
1,7160273.981206907,2,8571245.607585518,7.507313923165409,0,buy
20,20232863.669976622,2,31891143.76835881,-2.099365020061798,1,sell
20,30968741.306246907,1,36871800.76484118,-1.9056161942914658,1,sell
7,1500798.4861513185,3,33483684.957817744,4.177465522735899,0,buy
20,4506706.193502847,2,9072949.132437471,-2.172455939107767,1,sell
1,20825662.242100615,2,35093961.51882401,7.185207433940764,0,buy
10,5412069.8980151545,2,7853399.070293611,2.816197926351837,1,buy
30,3668132.4233343755,1,6426589.01700257,-6.621762124783483,1,sell
5,4998329.979925207,1,9353656.58372951,5.847302831672491,1,sell
2,10573411.682353212,1,13858861.43588246,7.2569833578822,0,buy
5,49961900.49153805,2,52661706.33416206,5.110206127191903,1,buy
5,6879856.018336042,2,8094322.803033484,5.211560507362619,0,buy
3,2260611.117095779,2,28660792.997115687,6.478909576856678,1,sell
10,1890912.5606134157,2,3176928.5615307237,3.0081759004744546,0,buy
3,1180187.3374199136,2,33361769.657208152,6.629908906024637,0,sell
20,8900485.971887326,1,10534146.93896223,-1.725102565327628,1,buy
5,8418052.862428565,2,9708908.672105765,5.2963086706621665,1,sell
30,2231959.374710688,3,11279451.344174685,-7.007070144724566,1,sell
2,15182518.000436513,2,22321454.755748432,6.905620059965441,1,sell
30,18160116.645086586,1,24992823.64230665,-6.94834690261079,1,buy
5,2755497.8666343424,2,12219299.306685528,5.677335804836798,0,buy
10,3842511.514514658,3,6916488.157988226,2.760019910893949,1,buy
30,48170556.26098967,2,61546700.09049569,-7.519348863393812,1,sell
3,4323785.139592629,3,11461616.80187437,5.95696857636689,1,sell
2,19614589.321445797,3,23318999.846920114,6.35600135565902,0,sell
5,5877151.960545041,1,31240106.411879458,5.934393209545628,0,sell
7,22277634.05135725,3,39511246.17952668,3.856682193380929,1,sell
10,20255707.42171072,2,24919424.156739697,2.5663202197450374,0,sell
10,13630050.2522873,3,41177233.13405846,2.3199586952935247,1,sell
7,28329751.870166946,2,64930601.18173967,4.128297691301256,1,buy
30,39418859.0976624,2,47586933.482425116,-7.279492634905057,1,sell
5,9668837.570593242,2,11987287.735522315,5.209988073525678,1,sell
10,2531934.98881607,2,38498867.8460011,2.931504451624323,1,sell
2,4756184.012025033,1,6854738.215053488,7.3667714128436455,0,sell
5,19423999.641326547,2,20632563.517774556,5.24463966539641,1,sell
5,12759437.165510982,1,16360167.561617702,5.799701243302453,0,buy
3,2004813.804367548,3,19187616.901013684,6.131064210249057,1,sell
10,1221952.8353798683,2,38257177.07059494,3.2772606465953222,1,sell
10,14465427.119167924,3,26563862.191425987,2.481526745143488,0,sell
7,2670396.3796285144,1,44084201.95249693,4.939027541841213,0,buy
